{
"type": "FeatureCollection",
"name": "water_bodies",
"crs": { "type": "name", "properties": { "name": "urn:ogc:def:crs:EPSG::6339" } },
"features": [
{ "type": "Feature", "properties": { "id": 1, "level_m": 204.23, "level_iqr_m": 0.02, "area_m2": 33640, "n_points": 265915 }, "geometry": { "type": "Polygon", "coordinates": [ [ [ 576103.0, 5242063.0 ], [ 576103.0, 5242062.5 ], [ 576102.0, 5242062.5 ], [ 576102.0, 5242062.0 ], [ 576101.0, 5242062.0 ], [ 576101.0, 5242061.5 ], [ 576100.5, 5242061.5 ], [ 576100.5, 5242061.0 ], [ 576100.0, 5242061.0 ], [ 576100.0, 5242060.5 ], [ 576099.5, 5242060.5 ], [ 576099.5, 5242060.0 ], [ 576099.0, 5242060.0 ], [ 576099.0, 5242060.5 ], [ 576098.0, 5242060.5 ], [ 576098.0, 5242060.0 ], [ 576097.5, 5242060.0 ], [ 576097.5, 5242060.5 ], [ 576097.0, 5242060.5 ], [ 576097.0, 5242060.0 ], [ 576096.0, 5242060.0 ], [ 576096.0, 5242059.5 ], [ 576094.5, 5242059.5 ], [ 576094.5, 5242059.0 ], [ 576092.5, 5242059.0 ], [ 576092.5, 5242059.5 ], [ 576092.0, 5242059.5 ], [ 576092.0, 5242059.0 ], [ 576090.5, 5242059.0 ], [ 576090.5, 5242059.5 ], [ 576090.0, 5242059.5 ], [ 576090.0, 5242060.0 ], [ 576085.0, 5242060.0 ], [ 576085.0, 5242059.5 ], [ 576084.0, 5242059.5 ], [ 576084.0, 5242059.0 ], [ 576078.0, 5242059.0 ], [ 576078.0, 5242059.5 ], [ 576077.0, 5242059.5 ], [ 576077.0, 5242059.0 ], [ 576076.5, 5242059.0 ], [ 576076.5, 5242059.5 ], [ 576076.0, 5242059.5 ], [ 576076.0, 5242059.0 ], [ 576075.5, 5242059.0 ], [ 576075.5, 5242058.5 ], [ 576074.5, 5242058.5 ], [ 576074.5, 5242058.0 ], [ 576074.0, 5242058.0 ], [ 576074.0, 5242057.5 ], [ 576073.0, 5242057.5 ], [ 576073.0, 5242057.0 ], [ 576072.5, 5242057.0 ], [ 576072.5, 5242056.5 ], [ 576072.0, 5242056.5 ], [ 576072.0, 5242056.0 ], [ 576071.0, 5242056.0 ], [ 576071.0, 5242055.5 ], [ 576069.5, 5242055.5 ], [ 576069.5, 5242055.0 ], [ 576066.5, 5242055.0 ], [ 576066.5, 5242055.5 ], [ 576065.0, 5242055.5 ], [ 576065.0, 5242055.0 ], [ 576064.5, 5242055.0 ], [ 576064.5, 5242055.5 ], [ 576063.0, 5242055.5 ], [ 576063.0, 5242055.0 ], [ 576062.5, 5242055.0 ], [ 576062.5, 5242055.5 ], [ 576062.0, 5242055.5 ], [ 576062.0, 5242055.0 ], [ 576061.0, 5242055.0 ], [ 576061.0, 5242055.5 ], [ 576060.0, 5242055.5 ], [ 576060.0, 5242055.0 ], [ 576059.5, 5242055.0 ], [ 576059.5, 5242055.5 ], [ 576059.0, 5242055.5 ], [ 576059.0, 5242055.0 ], [ 576057.5, 5242055.0 ], [ 576057.5, 5242054.5 ], [ 576056.0, 5242054.5 ], [ 576056.0, 5242054.0 ], [ 576055.0, 5242054.0 ], [ 576055.0, 5242053.5 ], [ 576054.0, 5242053.5 ], [ 576054.0, 5242053.0 ], [ 576053.0, 5242053.0 ], [ 576053.0, 5242052.5 ], [ 576052.5, 5242052.5 ], [ 576052.5, 5242052.0 ], [ 576052.0, 5242052.0 ], [ 576052.0, 5242051.5 ], [ 576051.5, 5242051.5 ], [ 576051.5, 5242051.0 ], [ 576050.5, 5242051.0 ], [ 576050.5, 5242050.5 ], [ 576049.5, 5242050.5 ], [ 576049.5, 5242050.0 ], [ 576048.0, 5242050.0 ], [ 576048.0, 5242049.5 ], [ 576047.5, 5242049.5 ], [ 576047.5, 5242049.0 ], [ 576041.0, 5242049.0 ], [ 576041.0, 5242048.5 ], [ 576039.5, 5242048.5 ], [ 576039.5, 5242048.0 ], [ 576039.0, 5242048.0 ], [ 576039.0, 5242047.5 ], [ 576037.5, 5242047.5 ], [ 576037.5, 5242047.0 ], [ 576035.5, 5242047.0 ], [ 576035.5, 5242047.5 ], [ 576034.5, 5242047.5 ], [ 576034.5, 5242047.0 ], [ 576034.0, 5242047.0 ], [ 576034.0, 5242047.5 ], [ 576030.5, 5242047.5 ], [ 576030.5, 5242047.0 ], [ 576028.0, 5242047.0 ], [ 576028.0, 5242047.5 ], [ 576027.5, 5242047.5 ], [ 576027.5, 5242047.0 ], [ 576027.0, 5242047.0 ], [ 576027.0, 5242047.5 ], [ 576026.5, 5242047.5 ], [ 576026.5, 5242048.0 ], [ 576025.0, 5242048.0 ], [ 576025.0, 5242048.5 ], [ 576024.0, 5242048.5 ], [ 576024.0, 5242049.0 ], [ 576021.5, 5242049.0 ], [ 576021.5, 5242048.5 ], [ 576020.5, 5242048.5 ], [ 576020.5, 5242048.0 ], [ 576018.5, 5242048.0 ], [ 576018.5, 5242047.5 ], [ 576017.5, 5242047.5 ], [ 576017.5, 5242048.0 ], [ 576017.0, 5242048.0 ], [ 576017.0, 5242047.5 ], [ 576016.0, 5242047.5 ], [ 576016.0, 5242047.0 ], [ 576015.5, 5242047.0 ], [ 576015.5, 5242047.5 ], [ 576012.0, 5242047.5 ], [ 576012.0, 5242047.0 ], [ 576011.5, 5242047.0 ], [ 576011.5, 5242046.5 ], [ 576010.5, 5242046.5 ], [ 576010.5, 5242046.0 ], [ 576010.0, 5242046.0 ], [ 576010.0, 5242045.5 ], [ 576009.5, 5242045.5 ], [ 576009.5, 5242045.0 ], [ 576009.0, 5242045.0 ], [ 576009.0, 5242044.5 ], [ 576008.5, 5242044.5 ], [ 576008.5, 5242044.0 ], [ 576007.5, 5242044.0 ], [ 576007.5, 5242043.5 ], [ 576007.0, 5242043.5 ], [ 576007.0, 5242043.0 ], [ 576005.5, 5242043.0 ], [ 576005.5, 5242042.5 ], [ 576005.0, 5242042.5 ], [ 576005.0, 5242042.0 ], [ 576004.5, 5242042.0 ], [ 576004.5, 5242042.5 ], [ 576002.5, 5242042.5 ], [ 576002.5, 5242042.0 ], [ 576001.0, 5242042.0 ], [ 576001.0, 5242041.5 ], [ 575999.5, 5242041.5 ], [ 575999.5, 5242041.0 ], [ 575999.0, 5242041.0 ], [ 575999.0, 5242040.5 ], [ 575998.0, 5242040.5 ], [ 575998.0, 5242040.0 ], [ 575986.5, 5242040.0 ], [ 575986.5, 5242039.5 ], [ 575984.5, 5242039.5 ], [ 575984.5, 5242039.0 ], [ 575983.0, 5242039.0 ], [ 575983.0, 5242038.5 ], [ 575981.0, 5242038.5 ], [ 575981.0, 5242038.0 ], [ 575980.5, 5242038.0 ], [ 575980.5, 5242037.5 ], [ 575978.5, 5242037.5 ], [ 575978.5, 5242037.0 ], [ 575977.5, 5242037.0 ], [ 575977.5, 5242036.5 ], [ 575975.0, 5242036.5 ], [ 575975.0, 5242036.0 ], [ 575974.0, 5242036.0 ], [ 575974.0, 5242036.5 ], [ 575973.5, 5242036.5 ], [ 575973.5, 5242036.0 ], [ 575973.0, 5242036.0 ], [ 575973.0, 5242036.5 ], [ 575972.5, 5242036.5 ], [ 575972.5, 5242036.0 ], [ 575972.0, 5242036.0 ], [ 575972.0, 5242035.5 ], [ 575971.5, 5242035.5 ], [ 575971.5, 5242035.0 ], [ 575971.0, 5242035.0 ], [ 575971.0, 5242034.5 ], [ 575970.5, 5242034.5 ], [ 575970.5, 5242035.0 ], [ 575969.5, 5242035.0 ], [ 575969.5, 5242034.5 ], [ 575968.5, 5242034.5 ], [ 575968.5, 5242034.0 ], [ 575968.0, 5242034.0 ], [ 575968.0, 5242033.5 ], [ 575967.0, 5242033.5 ], [ 575967.0, 5242034.0 ], [ 575965.5, 5242034.0 ], [ 575965.5, 5242033.5 ], [ 575962.0, 5242033.5 ], [ 575962.0, 5242033.0 ], [ 575961.0, 5242033.0 ], [ 575961.0, 5242032.5 ], [ 575957.0, 5242032.5 ], [ 575957.0, 5242032.0 ], [ 575956.0, 5242032.0 ], [ 575956.0, 5242031.5 ], [ 575955.5, 5242031.5 ], [ 575955.5, 5242031.0 ], [ 575955.0, 5242031.0 ], [ 575955.0, 5242030.5 ], [ 575953.0, 5242030.5 ], [ 575953.0, 5242030.0 ], [ 575952.5, 5242030.0 ], [ 575952.5, 5242029.5 ], [ 575952.0, 5242029.5 ], [ 575952.0, 5242029.0 ], [ 575951.5, 5242029.0 ], [ 575951.5, 5242028.5 ], [ 575951.0, 5242028.5 ], [ 575951.0, 5242029.0 ], [ 575950.5, 5242029.0 ], [ 575950.5, 5242029.5 ], [ 575948.5, 5242029.5 ], [ 575948.5, 5242029.0 ], [ 575948.0, 5242029.0 ], [ 575948.0, 5242029.5 ], [ 575947.5, 5242029.5 ], [ 575947.5, 5242029.0 ], [ 575947.0, 5242029.0 ], [ 575947.0, 5242028.5 ], [ 575946.5, 5242028.5 ], [ 575946.5, 5242029.0 ], [ 575945.5, 5242029.0 ], [ 575945.5, 5242029.5 ], [ 575944.5, 5242029.5 ], [ 575944.5, 5242029.0 ], [ 575944.0, 5242029.0 ], [ 575944.0, 5242028.5 ], [ 575942.5, 5242028.5 ], [ 575942.5, 5242029.0 ], [ 575941.5, 5242029.0 ], [ 575941.5, 5242029.5 ], [ 575941.0, 5242029.5 ], [ 575941.0, 5242030.0 ], [ 575940.5, 5242030.0 ], [ 575940.5, 5242030.5 ], [ 575940.0, 5242030.5 ], [ 575940.0, 5242031.0 ], [ 575938.5, 5242031.0 ], [ 575938.5, 5242031.5 ], [ 575937.5, 5242031.5 ], [ 575937.5, 5242032.0 ], [ 575936.0, 5242032.0 ], [ 575936.0, 5242032.5 ], [ 575934.0, 5242032.5 ], [ 575934.0, 5242033.0 ], [ 575931.5, 5242033.0 ], [ 575931.5, 5242033.5 ], [ 575928.5, 5242033.5 ], [ 575928.5, 5242033.0 ], [ 575928.0, 5242033.0 ], [ 575928.0, 5242033.5 ], [ 575927.5, 5242033.5 ], [ 575927.5, 5242034.0 ], [ 575926.5, 5242034.0 ], [ 575926.5, 5242034.5 ], [ 575926.0, 5242034.5 ], [ 575926.0, 5242035.0 ], [ 575924.0, 5242035.0 ], [ 575924.0, 5242034.5 ], [ 575923.5, 5242034.5 ], [ 575923.5, 5242034.0 ], [ 575923.0, 5242034.0 ], [ 575923.0, 5242034.5 ], [ 575920.5, 5242034.5 ], [ 575920.5, 5242034.0 ], [ 575920.0, 5242034.0 ], [ 575920.0, 5242033.5 ], [ 575919.5, 5242033.5 ], [ 575919.5, 5242033.0 ], [ 575919.0, 5242033.0 ], [ 575919.0, 5242032.5 ], [ 575918.5, 5242032.5 ], [ 575918.5, 5242032.0 ], [ 575917.5, 5242032.0 ], [ 575917.5, 5242031.5 ], [ 575917.0, 5242031.5 ], [ 575917.0, 5242031.0 ], [ 575916.5, 5242031.0 ], [ 575916.5, 5242030.5 ], [ 575916.0, 5242030.5 ], [ 575916.0, 5242030.0 ], [ 575915.5, 5242030.0 ], [ 575915.5, 5242029.5 ], [ 575915.0, 5242029.5 ], [ 575915.0, 5242029.0 ], [ 575914.5, 5242029.0 ], [ 575914.5, 5242028.5 ], [ 575913.5, 5242028.5 ], [ 575913.5, 5242029.0 ], [ 575912.5, 5242029.0 ], [ 575912.5, 5242029.5 ], [ 575906.5, 5242029.5 ], [ 575906.5, 5242030.0 ], [ 575906.0, 5242030.0 ], [ 575906.0, 5242030.5 ], [ 575905.0, 5242030.5 ], [ 575905.0, 5242031.0 ], [ 575904.5, 5242031.0 ], [ 575904.5, 5242031.5 ], [ 575904.0, 5242031.5 ], [ 575904.0, 5242032.0 ], [ 575902.0, 5242032.0 ], [ 575902.0, 5242032.5 ], [ 575901.5, 5242032.5 ], [ 575901.5, 5242033.0 ], [ 575900.0, 5242033.0 ], [ 575900.0, 5242032.5 ], [ 575899.5, 5242032.5 ], [ 575899.5, 5242032.0 ], [ 575897.5, 5242032.0 ], [ 575897.5, 5242031.5 ], [ 575897.0, 5242031.5 ], [ 575897.0, 5242031.0 ], [ 575896.5, 5242031.0 ], [ 575896.5, 5242030.5 ], [ 575896.0, 5242030.5 ], [ 575896.0, 5242030.0 ], [ 575895.5, 5242030.0 ], [ 575895.5, 5242029.5 ], [ 575895.0, 5242029.5 ], [ 575895.0, 5242029.0 ], [ 575894.5, 5242029.0 ], [ 575894.5, 5242028.5 ], [ 575894.0, 5242028.5 ], [ 575894.0, 5242028.0 ], [ 575893.5, 5242028.0 ], [ 575893.5, 5242027.5 ], [ 575893.0, 5242027.5 ], [ 575893.0, 5242027.0 ], [ 575892.0, 5242027.0 ], [ 575892.0, 5242027.5 ], [ 575891.5, 5242027.5 ], [ 575891.5, 5242028.0 ], [ 575891.0, 5242028.0 ], [ 575891.0, 5242027.5 ], [ 575890.5, 5242027.5 ], [ 575890.5, 5242027.0 ], [ 575889.5, 5242027.0 ], [ 575889.5, 5242026.5 ], [ 575889.0, 5242026.5 ], [ 575889.0, 5242026.0 ], [ 575888.0, 5242026.0 ], [ 575888.0, 5242025.5 ], [ 575887.0, 5242025.5 ], [ 575887.0, 5242025.0 ], [ 575886.5, 5242025.0 ], [ 575886.5, 5242024.5 ], [ 575884.5, 5242024.5 ], [ 575884.5, 5242024.0 ], [ 575881.5, 5242024.0 ], [ 575881.5, 5242023.5 ], [ 575881.0, 5242023.5 ], [ 575881.0, 5242024.0 ], [ 575880.5, 5242024.0 ], [ 575880.5, 5242023.5 ], [ 575880.0, 5242023.5 ], [ 575880.0, 5242024.0 ], [ 575879.5, 5242024.0 ], [ 575879.5, 5242024.5 ], [ 575879.0, 5242024.5 ], [ 575879.0, 5242024.0 ], [ 575878.5, 5242024.0 ], [ 575878.5, 5242024.5 ], [ 575878.0, 5242024.5 ], [ 575878.0, 5242025.0 ], [ 575877.5, 5242025.0 ], [ 575877.5, 5242025.5 ], [ 575876.5, 5242025.5 ], [ 575876.5, 5242026.0 ], [ 575875.5, 5242026.0 ], [ 575875.5, 5242026.5 ], [ 575874.5, 5242026.5 ], [ 575874.5, 5242027.0 ], [ 575873.5, 5242027.0 ], [ 575873.5, 5242027.5 ], [ 575873.0, 5242027.5 ], [ 575873.0, 5242028.0 ], [ 575872.5, 5242028.0 ], [ 575872.5, 5242028.5 ], [ 575872.0, 5242028.5 ], [ 575872.0, 5242029.0 ], [ 575871.5, 5242029.0 ], [ 575871.5, 5242029.5 ], [ 575871.0, 5242029.5 ], [ 575871.0, 5242030.0 ], [ 575870.5, 5242030.0 ], [ 575870.5, 5242030.5 ], [ 575870.0, 5242030.5 ], [ 575870.0, 5242031.0 ], [ 575869.5, 5242031.0 ], [ 575869.5, 5242031.5 ], [ 575869.0, 5242031.5 ], [ 575869.0, 5242032.0 ], [ 575868.5, 5242032.0 ], [ 575868.5, 5242032.5 ], [ 575869.0, 5242032.5 ], [ 575869.0, 5242033.0 ], [ 575868.5, 5242033.0 ], [ 575868.5, 5242033.5 ], [ 575868.0, 5242033.5 ], [ 575868.0, 5242034.0 ], [ 575867.0, 5242034.0 ], [ 575867.0, 5242034.5 ], [ 575866.5, 5242034.5 ], [ 575866.5, 5242035.0 ], [ 575865.0, 5242035.0 ], [ 575865.0, 5242035.5 ], [ 575864.0, 5242035.5 ], [ 575864.0, 5242036.0 ], [ 575863.0, 5242036.0 ], [ 575863.0, 5242035.5 ], [ 575862.5, 5242035.5 ], [ 575862.5, 5242035.0 ], [ 575861.5, 5242035.0 ], [ 575861.5, 5242035.5 ], [ 575860.5, 5242035.5 ], [ 575860.5, 5242036.0 ], [ 575860.0, 5242036.0 ], [ 575860.0, 5242035.5 ], [ 575856.0, 5242035.5 ], [ 575856.0, 5242035.0 ], [ 575855.0, 5242035.0 ], [ 575855.0, 5242034.5 ], [ 575852.5, 5242034.5 ], [ 575852.5, 5242034.0 ], [ 575849.0, 5242034.0 ], [ 575849.0, 5242033.5 ], [ 575848.5, 5242033.5 ], [ 575848.5, 5242034.0 ], [ 575847.5, 5242034.0 ], [ 575847.5, 5242033.5 ], [ 575844.0, 5242033.5 ], [ 575844.0, 5242033.0 ], [ 575843.5, 5242033.0 ], [ 575843.5, 5242032.5 ], [ 575843.0, 5242032.5 ], [ 575843.0, 5242033.0 ], [ 575842.5, 5242033.0 ], [ 575842.5, 5242033.5 ], [ 575841.5, 5242033.5 ], [ 575841.5, 5242033.0 ], [ 575838.5, 5242033.0 ], [ 575838.5, 5242032.5 ], [ 575836.0, 5242032.5 ], [ 575836.0, 5242032.0 ], [ 575833.5, 5242032.0 ], [ 575833.5, 5242031.5 ], [ 575830.5, 5242031.5 ], [ 575830.5, 5242031.0 ], [ 575830.0, 5242031.0 ], [ 575830.0, 5242030.5 ], [ 575829.0, 5242030.5 ], [ 575829.0, 5242030.0 ], [ 575828.5, 5242030.0 ], [ 575828.5, 5242029.5 ], [ 575828.0, 5242029.5 ], [ 575828.0, 5242030.0 ], [ 575827.5, 5242030.0 ], [ 575827.5, 5242029.5 ], [ 575827.0, 5242029.5 ], [ 575827.0, 5242029.0 ], [ 575826.5, 5242029.0 ], [ 575826.5, 5242028.5 ], [ 575825.5, 5242028.5 ], [ 575825.5, 5242028.0 ], [ 575825.0, 5242028.0 ], [ 575825.0, 5242027.5 ], [ 575823.5, 5242027.5 ], [ 575823.5, 5242028.0 ], [ 575820.5, 5242028.0 ], [ 575820.5, 5242027.5 ], [ 575820.0, 5242027.5 ], [ 575820.0, 5242028.0 ], [ 575819.0, 5242028.0 ], [ 575819.0, 5242028.5 ], [ 575815.0, 5242028.5 ], [ 575815.0, 5242028.0 ], [ 575814.5, 5242028.0 ], [ 575814.5, 5242027.5 ], [ 575813.5, 5242027.5 ], [ 575813.5, 5242027.0 ], [ 575813.0, 5242027.0 ], [ 575813.0, 5242026.5 ], [ 575812.5, 5242026.5 ], [ 575812.5, 5242026.0 ], [ 575812.0, 5242026.0 ], [ 575812.0, 5242025.5 ], [ 575811.5, 5242025.5 ], [ 575811.5, 5242025.0 ], [ 575810.5, 5242025.0 ], [ 575810.5, 5242024.5 ], [ 575810.0, 5242024.5 ], [ 575810.0, 5242024.0 ], [ 575808.5, 5242024.0 ], [ 575808.5, 5242023.5 ], [ 575808.0, 5242023.5 ], [ 575808.0, 5242023.0 ], [ 575805.5, 5242023.0 ], [ 575805.5, 5242022.5 ], [ 575804.0, 5242022.5 ], [ 575804.0, 5242022.0 ], [ 575803.5, 5242022.0 ], [ 575803.5, 5242022.5 ], [ 575802.5, 5242022.5 ], [ 575802.5, 5242022.0 ], [ 575800.0, 5242022.0 ], [ 575800.0, 5242021.5 ], [ 575799.0, 5242021.5 ], [ 575799.0, 5242022.0 ], [ 575796.0, 5242022.0 ], [ 575796.0, 5242022.5 ], [ 575794.0, 5242022.5 ], [ 575794.0, 5242023.0 ], [ 575793.0, 5242023.0 ], [ 575793.0, 5242023.5 ], [ 575792.5, 5242023.5 ], [ 575792.5, 5242024.0 ], [ 575791.0, 5242024.0 ], [ 575791.0, 5242024.5 ], [ 575781.0, 5242024.5 ], [ 575781.0, 5242024.0 ], [ 575778.0, 5242024.0 ], [ 575778.0, 5242023.5 ], [ 575775.0, 5242023.5 ], [ 575775.0, 5242023.0 ], [ 575773.0, 5242023.0 ], [ 575773.0, 5242022.5 ], [ 575768.5, 5242022.5 ], [ 575768.5, 5242022.0 ], [ 575768.0, 5242022.0 ], [ 575768.0, 5242022.5 ], [ 575766.0, 5242022.5 ], [ 575766.0, 5242023.0 ], [ 575764.5, 5242023.0 ], [ 575764.5, 5242023.5 ], [ 575763.5, 5242023.5 ], [ 575763.5, 5242024.0 ], [ 575762.0, 5242024.0 ], [ 575762.0, 5242024.5 ], [ 575761.0, 5242024.5 ], [ 575761.0, 5242025.0 ], [ 575760.5, 5242025.0 ], [ 575760.5, 5242025.5 ], [ 575759.5, 5242025.5 ], [ 575759.5, 5242026.0 ], [ 575759.0, 5242026.0 ], [ 575759.0, 5242026.5 ], [ 575757.5, 5242026.5 ], [ 575757.5, 5242027.0 ], [ 575757.0, 5242027.0 ], [ 575757.0, 5242027.5 ], [ 575756.5, 5242027.5 ], [ 575756.5, 5242028.0 ], [ 575752.5, 5242028.0 ], [ 575752.5, 5242027.5 ], [ 575752.0, 5242027.5 ], [ 575752.0, 5242027.0 ], [ 575751.0, 5242027.0 ], [ 575751.0, 5242026.5 ], [ 575750.5, 5242026.5 ], [ 575750.5, 5242026.0 ], [ 575750.0, 5242026.0 ], [ 575750.0, 5242025.5 ], [ 575749.5, 5242025.5 ], [ 575749.5, 5242025.0 ], [ 575749.0, 5242025.0 ], [ 575749.0, 5242024.5 ], [ 575748.5, 5242024.5 ], [ 575748.5, 5242024.0 ], [ 575748.0, 5242024.0 ], [ 575748.0, 5242023.5 ], [ 575747.5, 5242023.5 ], [ 575747.5, 5242023.0 ], [ 575747.0, 5242023.0 ], [ 575747.0, 5242022.5 ], [ 575746.5, 5242022.5 ], [ 575746.5, 5242022.0 ], [ 575746.0, 5242022.0 ], [ 575746.0, 5242021.5 ], [ 575744.5, 5242021.5 ], [ 575744.5, 5242021.0 ], [ 575743.0, 5242021.0 ], [ 575743.0, 5242020.5 ], [ 575742.0, 5242020.5 ], [ 575742.0, 5242020.0 ], [ 575741.5, 5242020.0 ], [ 575741.5, 5242019.5 ], [ 575741.0, 5242019.5 ], [ 575741.0, 5242019.0 ], [ 575740.0, 5242019.0 ], [ 575740.0, 5242019.5 ], [ 575739.5, 5242019.5 ], [ 575739.5, 5242019.0 ], [ 575738.5, 5242019.0 ], [ 575738.5, 5242019.5 ], [ 575738.0, 5242019.5 ], [ 575738.0, 5242019.0 ], [ 575737.5, 5242019.0 ], [ 575737.5, 5242019.5 ], [ 575737.0, 5242019.5 ], [ 575737.0, 5242020.0 ], [ 575732.5, 5242020.0 ], [ 575732.5, 5242019.5 ], [ 575723.0, 5242019.5 ], [ 575723.0, 5242019.0 ], [ 575722.0, 5242019.0 ], [ 575722.0, 5242018.5 ], [ 575720.5, 5242018.5 ], [ 575720.5, 5242018.0 ], [ 575720.0, 5242018.0 ], [ 575720.0, 5242017.0 ], [ 575720.5, 5242017.0 ], [ 575720.5, 5242016.0 ], [ 575721.0, 5242016.0 ], [ 575721.0, 5242015.5 ], [ 575721.5, 5242015.5 ], [ 575721.5, 5242015.0 ], [ 575722.0, 5242015.0 ], [ 575722.0, 5242014.5 ], [ 575722.5, 5242014.5 ], [ 575722.5, 5242014.0 ], [ 575723.0, 5242014.0 ], [ 575723.0, 5242013.0 ], [ 575722.5, 5242013.0 ], [ 575722.5, 5242012.5 ], [ 575722.0, 5242012.5 ], [ 575722.0, 5242012.0 ], [ 575721.5, 5242012.0 ], [ 575721.5, 5242011.5 ], [ 575721.0, 5242011.5 ], [ 575721.0, 5242011.0 ], [ 575720.5, 5242011.0 ], [ 575720.5, 5242010.5 ], [ 575720.0, 5242010.5 ], [ 575720.0, 5242010.0 ], [ 575719.5, 5242010.0 ], [ 575719.5, 5242009.5 ], [ 575719.0, 5242009.5 ], [ 575719.0, 5242009.0 ], [ 575718.5, 5242009.0 ], [ 575718.5, 5242008.5 ], [ 575718.0, 5242008.5 ], [ 575718.0, 5242008.0 ], [ 575716.0, 5242008.0 ], [ 575716.0, 5242007.5 ], [ 575715.0, 5242007.5 ], [ 575715.0, 5242008.0 ], [ 575714.0, 5242008.0 ], [ 575714.0, 5242007.5 ], [ 575713.5, 5242007.5 ], [ 575713.5, 5242008.0 ], [ 575712.5, 5242008.0 ], [ 575712.5, 5242007.5 ], [ 575710.5, 5242007.5 ], [ 575710.5, 5242007.0 ], [ 575710.0, 5242007.0 ], [ 575710.0, 5242006.5 ], [ 575709.5, 5242006.5 ], [ 575709.5, 5242006.0 ], [ 575708.5, 5242006.0 ], [ 575708.5, 5242006.5 ], [ 575708.0, 5242006.5 ], [ 575708.0, 5242007.0 ], [ 575706.5, 5242007.0 ], [ 575706.5, 5242006.5 ], [ 575705.5, 5242006.5 ], [ 575705.5, 5242007.0 ], [ 575705.0, 5242007.0 ], [ 575705.0, 5242006.5 ], [ 575704.5, 5242006.5 ], [ 575704.5, 5242006.0 ], [ 575703.5, 5242006.0 ], [ 575703.5, 5242006.5 ], [ 575702.5, 5242006.5 ], [ 575702.5, 5242006.0 ], [ 575702.0, 5242006.0 ], [ 575702.0, 5242005.5 ], [ 575700.5, 5242005.5 ], [ 575700.5, 5242006.0 ], [ 575700.0, 5242006.0 ], [ 575700.0, 5242005.5 ], [ 575699.5, 5242005.5 ], [ 575699.5, 5242005.0 ], [ 575699.0, 5242005.0 ], [ 575699.0, 5242004.5 ], [ 575698.5, 5242004.5 ], [ 575698.5, 5242004.0 ], [ 575697.5, 5242004.0 ], [ 575697.5, 5242003.5 ], [ 575696.5, 5242003.5 ], [ 575696.5, 5242004.0 ], [ 575696.0, 5242004.0 ], [ 575696.0, 5242004.5 ], [ 575695.5, 5242004.5 ], [ 575695.5, 5242005.0 ], [ 575695.0, 5242005.0 ], [ 575695.0, 5242005.5 ], [ 575694.5, 5242005.5 ], [ 575694.5, 5242006.0 ], [ 575694.0, 5242006.0 ], [ 575694.0, 5242006.5 ], [ 575693.0, 5242006.5 ], [ 575693.0, 5242007.0 ], [ 575692.5, 5242007.0 ], [ 575692.5, 5242006.5 ], [ 575691.5, 5242006.5 ], [ 575691.5, 5242007.0 ], [ 575691.0, 5242007.0 ], [ 575691.0, 5242007.5 ], [ 575690.0, 5242007.5 ], [ 575690.0, 5242007.0 ], [ 575688.5, 5242007.0 ], [ 575688.5, 5242006.5 ], [ 575688.0, 5242006.5 ], [ 575688.0, 5242005.5 ], [ 575688.5, 5242005.5 ], [ 575688.5, 5242005.0 ], [ 575689.0, 5242005.0 ], [ 575689.0, 5242004.5 ], [ 575689.5, 5242004.5 ], [ 575689.5, 5242004.0 ], [ 575690.0, 5242004.0 ], [ 575690.0, 5242003.5 ], [ 575690.5, 5242003.5 ], [ 575690.5, 5242003.0 ], [ 575691.0, 5242003.0 ], [ 575691.0, 5242002.5 ], [ 575691.5, 5242002.5 ], [ 575691.5, 5242002.0 ], [ 575692.0, 5242002.0 ], [ 575692.0, 5242001.5 ], [ 575692.5, 5242001.5 ], [ 575692.5, 5242000.5 ], [ 575693.0, 5242000.5 ], [ 575693.0, 5242000.0 ], [ 575693.5, 5242000.0 ], [ 575693.5, 5241999.0 ], [ 575694.0, 5241999.0 ], [ 575694.0, 5241998.5 ], [ 575696.5, 5241998.5 ], [ 575696.5, 5241998.0 ], [ 575699.0, 5241998.0 ], [ 575699.0, 5241997.5 ], [ 575700.5, 5241997.5 ], [ 575700.5, 5241997.0 ], [ 575701.5, 5241997.0 ], [ 575701.5, 5241996.5 ], [ 575704.0, 5241996.5 ], [ 575704.0, 5241996.0 ], [ 575704.5, 5241996.0 ], [ 575704.5, 5241995.5 ], [ 575706.0, 5241995.5 ], [ 575706.0, 5241995.0 ], [ 575706.5, 5241995.0 ], [ 575706.5, 5241994.5 ], [ 575707.0, 5241994.5 ], [ 575707.0, 5241994.0 ], [ 575707.5, 5241994.0 ], [ 575707.5, 5241993.5 ], [ 575708.0, 5241993.5 ], [ 575708.0, 5241993.0 ], [ 575708.5, 5241993.0 ], [ 575708.5, 5241992.5 ], [ 575709.0, 5241992.5 ], [ 575709.0, 5241992.0 ], [ 575709.5, 5241992.0 ], [ 575709.5, 5241991.5 ], [ 575710.0, 5241991.5 ], [ 575710.0, 5241991.0 ], [ 575710.5, 5241991.0 ], [ 575710.5, 5241990.5 ], [ 575711.0, 5241990.5 ], [ 575711.0, 5241989.5 ], [ 575711.5, 5241989.5 ], [ 575711.5, 5241989.0 ], [ 575712.0, 5241989.0 ], [ 575712.0, 5241988.5 ], [ 575712.5, 5241988.5 ], [ 575712.5, 5241988.0 ], [ 575713.0, 5241988.0 ], [ 575713.0, 5241987.0 ], [ 575713.5, 5241987.0 ], [ 575713.5, 5241986.5 ], [ 575714.0, 5241986.5 ], [ 575714.0, 5241985.5 ], [ 575714.5, 5241985.5 ], [ 575714.5, 5241985.0 ], [ 575715.0, 5241985.0 ], [ 575715.0, 5241984.5 ], [ 575715.5, 5241984.5 ], [ 575715.5, 5241984.0 ], [ 575716.0, 5241984.0 ], [ 575716.0, 5241983.5 ], [ 575716.5, 5241983.5 ], [ 575716.5, 5241983.0 ], [ 575717.0, 5241983.0 ], [ 575717.0, 5241982.5 ], [ 575717.5, 5241982.5 ], [ 575717.5, 5241982.0 ], [ 575718.0, 5241982.0 ], [ 575718.0, 5241981.5 ], [ 575718.5, 5241981.5 ], [ 575718.5, 5241981.0 ], [ 575719.0, 5241981.0 ], [ 575719.0, 5241980.5 ], [ 575719.5, 5241980.5 ], [ 575719.5, 5241980.0 ], [ 575720.5, 5241980.0 ], [ 575720.5, 5241979.5 ], [ 575721.0, 5241979.5 ], [ 575721.0, 5241980.0 ], [ 575723.0, 5241980.0 ], [ 575723.0, 5241980.5 ], [ 575724.0, 5241980.5 ], [ 575724.0, 5241980.0 ], [ 575725.0, 5241980.0 ], [ 575725.0, 5241979.5 ], [ 575725.5, 5241979.5 ], [ 575725.5, 5241979.0 ], [ 575726.0, 5241979.0 ], [ 575726.0, 5241979.5 ], [ 575726.5, 5241979.5 ], [ 575726.5, 5241980.0 ], [ 575727.0, 5241980.0 ], [ 575727.0, 5241979.5 ], [ 575727.5, 5241979.5 ], [ 575727.5, 5241979.0 ], [ 575728.0, 5241979.0 ], [ 575728.0, 5241978.5 ], [ 575728.5, 5241978.5 ], [ 575728.5, 5241978.0 ], [ 575729.0, 5241978.0 ], [ 575729.0, 5241977.5 ], [ 575730.5, 5241977.5 ], [ 575730.5, 5241977.0 ], [ 575731.5, 5241977.0 ], [ 575731.5, 5241976.5 ], [ 575732.0, 5241976.5 ], [ 575732.0, 5241976.0 ], [ 575734.0, 5241976.0 ], [ 575734.0, 5241976.5 ], [ 575734.5, 5241976.5 ], [ 575734.5, 5241977.0 ], [ 575735.0, 5241977.0 ], [ 575735.0, 5241977.5 ], [ 575735.5, 5241977.5 ], [ 575735.5, 5241978.0 ], [ 575736.0, 5241978.0 ], [ 575736.0, 5241978.5 ], [ 575737.0, 5241978.5 ], [ 575737.0, 5241979.0 ], [ 575737.5, 5241979.0 ], [ 575737.5, 5241978.5 ], [ 575738.0, 5241978.5 ], [ 575738.0, 5241978.0 ], [ 575738.5, 5241978.0 ], [ 575738.5, 5241977.5 ], [ 575739.5, 5241977.5 ], [ 575739.5, 5241978.0 ], [ 575740.5, 5241978.0 ], [ 575740.5, 5241978.5 ], [ 575741.0, 5241978.5 ], [ 575741.0, 5241979.0 ], [ 575742.0, 5241979.0 ], [ 575742.0, 5241979.5 ], [ 575743.0, 5241979.5 ], [ 575743.0, 5241980.0 ], [ 575744.0, 5241980.0 ], [ 575744.0, 5241980.5 ], [ 575745.5, 5241980.5 ], [ 575745.5, 5241981.0 ], [ 575746.0, 5241981.0 ], [ 575746.0, 5241981.5 ], [ 575747.5, 5241981.5 ], [ 575747.5, 5241982.0 ], [ 575748.5, 5241982.0 ], [ 575748.5, 5241982.5 ], [ 575749.0, 5241982.5 ], [ 575749.0, 5241982.0 ], [ 575749.5, 5241982.0 ], [ 575749.5, 5241981.5 ], [ 575750.0, 5241981.5 ], [ 575750.0, 5241981.0 ], [ 575750.5, 5241981.0 ], [ 575750.5, 5241980.5 ], [ 575751.0, 5241980.5 ], [ 575751.0, 5241980.0 ], [ 575751.5, 5241980.0 ], [ 575751.5, 5241979.5 ], [ 575752.0, 5241979.5 ], [ 575752.0, 5241979.0 ], [ 575752.5, 5241979.0 ], [ 575752.5, 5241978.5 ], [ 575753.0, 5241978.5 ], [ 575753.0, 5241978.0 ], [ 575753.5, 5241978.0 ], [ 575753.5, 5241977.5 ], [ 575754.0, 5241977.5 ], [ 575754.0, 5241977.0 ], [ 575753.5, 5241977.0 ], [ 575753.5, 5241976.5 ], [ 575753.0, 5241976.5 ], [ 575753.0, 5241976.0 ], [ 575752.5, 5241976.0 ], [ 575752.5, 5241974.5 ], [ 575752.0, 5241974.5 ], [ 575752.0, 5241974.0 ], [ 575751.5, 5241974.0 ], [ 575751.5, 5241973.5 ], [ 575751.0, 5241973.5 ], [ 575751.0, 5241973.0 ], [ 575750.5, 5241973.0 ], [ 575750.5, 5241972.5 ], [ 575750.0, 5241972.5 ], [ 575750.0, 5241972.0 ], [ 575749.5, 5241972.0 ], [ 575749.5, 5241971.5 ], [ 575749.0, 5241971.5 ], [ 575749.0, 5241971.0 ], [ 575748.5, 5241971.0 ], [ 575748.5, 5241970.5 ], [ 575748.0, 5241970.5 ], [ 575748.0, 5241970.0 ], [ 575747.5, 5241970.0 ], [ 575747.5, 5241969.5 ], [ 575747.0, 5241969.5 ], [ 575747.0, 5241969.0 ], [ 575746.5, 5241969.0 ], [ 575746.5, 5241968.5 ], [ 575746.0, 5241968.5 ], [ 575746.0, 5241967.5 ], [ 575745.5, 5241967.5 ], [ 575745.5, 5241967.0 ], [ 575745.0, 5241967.0 ], [ 575745.0, 5241966.5 ], [ 575744.5, 5241966.5 ], [ 575744.5, 5241966.0 ], [ 575744.0, 5241966.0 ], [ 575744.0, 5241965.5 ], [ 575743.5, 5241965.5 ], [ 575743.5, 5241964.0 ], [ 575743.0, 5241964.0 ], [ 575743.0, 5241963.5 ], [ 575743.5, 5241963.5 ], [ 575743.5, 5241963.0 ], [ 575744.0, 5241963.0 ], [ 575744.0, 5241963.5 ], [ 575744.5, 5241963.5 ], [ 575744.5, 5241963.0 ], [ 575745.5, 5241963.0 ], [ 575745.5, 5241962.5 ], [ 575746.0, 5241962.5 ], [ 575746.0, 5241962.0 ], [ 575746.5, 5241962.0 ], [ 575746.5, 5241961.5 ], [ 575747.0, 5241961.5 ], [ 575747.0, 5241961.0 ], [ 575747.5, 5241961.0 ], [ 575747.5, 5241960.5 ], [ 575748.0, 5241960.5 ], [ 575748.0, 5241960.0 ], [ 575748.5, 5241960.0 ], [ 575748.5, 5241959.5 ], [ 575749.0, 5241959.5 ], [ 575749.0, 5241959.0 ], [ 575749.5, 5241959.0 ], [ 575749.5, 5241959.5 ], [ 575750.0, 5241959.5 ], [ 575750.0, 5241959.0 ], [ 575750.5, 5241959.0 ], [ 575750.5, 5241959.5 ], [ 575751.5, 5241959.5 ], [ 575751.5, 5241960.0 ], [ 575752.0, 5241960.0 ], [ 575752.0, 5241960.5 ], [ 575752.5, 5241960.5 ], [ 575752.5, 5241960.0 ], [ 575753.0, 5241960.0 ], [ 575753.0, 5241960.5 ], [ 575753.5, 5241960.5 ], [ 575753.5, 5241961.0 ], [ 575754.0, 5241961.0 ], [ 575754.0, 5241961.5 ], [ 575754.5, 5241961.5 ], [ 575754.5, 5241962.0 ], [ 575755.5, 5241962.0 ], [ 575755.5, 5241961.5 ], [ 575756.0, 5241961.5 ], [ 575756.0, 5241961.0 ], [ 575756.5, 5241961.0 ], [ 575756.5, 5241960.5 ], [ 575757.0, 5241960.5 ], [ 575757.0, 5241960.0 ], [ 575757.5, 5241960.0 ], [ 575757.5, 5241959.5 ], [ 575758.0, 5241959.5 ], [ 575758.0, 5241959.0 ], [ 575758.5, 5241959.0 ], [ 575758.5, 5241958.5 ], [ 575759.0, 5241958.5 ], [ 575759.0, 5241958.0 ], [ 575759.5, 5241958.0 ], [ 575759.5, 5241957.5 ], [ 575760.0, 5241957.5 ], [ 575760.0, 5241957.0 ], [ 575760.5, 5241957.0 ], [ 575760.5, 5241956.5 ], [ 575761.0, 5241956.5 ], [ 575761.0, 5241957.0 ], [ 575761.5, 5241957.0 ], [ 575761.5, 5241956.5 ], [ 575762.0, 5241956.5 ], [ 575762.0, 5241957.0 ], [ 575762.5, 5241957.0 ], [ 575762.5, 5241957.5 ], [ 575763.0, 5241957.5 ], [ 575763.0, 5241958.0 ], [ 575763.5, 5241958.0 ], [ 575763.5, 5241958.5 ], [ 575764.0, 5241958.5 ], [ 575764.0, 5241958.0 ], [ 575764.5, 5241958.0 ], [ 575764.5, 5241957.5 ], [ 575765.0, 5241957.5 ], [ 575765.0, 5241957.0 ], [ 575765.5, 5241957.0 ], [ 575765.5, 5241956.5 ], [ 575766.0, 5241956.5 ], [ 575766.0, 5241956.0 ], [ 575766.5, 5241956.0 ], [ 575766.5, 5241955.5 ], [ 575767.0, 5241955.5 ], [ 575767.0, 5241955.0 ], [ 575767.5, 5241955.0 ], [ 575767.5, 5241954.5 ], [ 575768.0, 5241954.5 ], [ 575768.0, 5241954.0 ], [ 575768.5, 5241954.0 ], [ 575768.5, 5241953.5 ], [ 575769.0, 5241953.5 ], [ 575769.0, 5241953.0 ], [ 575769.5, 5241953.0 ], [ 575769.5, 5241952.5 ], [ 575770.0, 5241952.5 ], [ 575770.0, 5241952.0 ], [ 575773.0, 5241952.0 ], [ 575773.0, 5241952.5 ], [ 575773.5, 5241952.5 ], [ 575773.5, 5241953.0 ], [ 575774.0, 5241953.0 ], [ 575774.0, 5241953.5 ], [ 575774.5, 5241953.5 ], [ 575774.5, 5241953.0 ], [ 575775.0, 5241953.0 ], [ 575775.0, 5241953.5 ], [ 575775.5, 5241953.5 ], [ 575775.5, 5241954.0 ], [ 575776.0, 5241954.0 ], [ 575776.0, 5241953.5 ], [ 575776.5, 5241953.5 ], [ 575776.5, 5241954.0 ], [ 575777.5, 5241954.0 ], [ 575777.5, 5241954.5 ], [ 575778.5, 5241954.5 ], [ 575778.5, 5241954.0 ], [ 575779.0, 5241954.0 ], [ 575779.0, 5241953.5 ], [ 575779.5, 5241953.5 ], [ 575779.5, 5241953.0 ], [ 575780.0, 5241953.0 ], [ 575780.0, 5241952.5 ], [ 575780.5, 5241952.5 ], [ 575780.5, 5241952.0 ], [ 575781.0, 5241952.0 ], [ 575781.0, 5241951.5 ], [ 575781.5, 5241951.5 ], [ 575781.5, 5241952.0 ], [ 575782.0, 5241952.0 ], [ 575782.0, 5241952.5 ], [ 575782.5, 5241952.5 ], [ 575782.5, 5241953.0 ], [ 575783.0, 5241953.0 ], [ 575783.0, 5241952.5 ], [ 575783.5, 5241952.5 ], [ 575783.5, 5241953.0 ], [ 575784.0, 5241953.0 ], [ 575784.0, 5241953.5 ], [ 575785.0, 5241953.5 ], [ 575785.0, 5241953.0 ], [ 575786.5, 5241953.0 ], [ 575786.5, 5241953.5 ], [ 575787.0, 5241953.5 ], [ 575787.0, 5241953.0 ], [ 575787.5, 5241953.0 ], [ 575787.5, 5241952.5 ], [ 575788.0, 5241952.5 ], [ 575788.0, 5241953.0 ], [ 575789.0, 5241953.0 ], [ 575789.0, 5241952.5 ], [ 575789.5, 5241952.5 ], [ 575789.5, 5241952.0 ], [ 575790.0, 5241952.0 ], [ 575790.0, 5241951.5 ], [ 575790.5, 5241951.5 ], [ 575790.5, 5241951.0 ], [ 575791.0, 5241951.0 ], [ 575791.0, 5241950.5 ], [ 575792.0, 5241950.5 ], [ 575792.0, 5241950.0 ], [ 575792.5, 5241950.0 ], [ 575792.5, 5241949.5 ], [ 575793.0, 5241949.5 ], [ 575793.0, 5241949.0 ], [ 575793.5, 5241949.0 ], [ 575793.5, 5241948.5 ], [ 575794.0, 5241948.5 ], [ 575794.0, 5241948.0 ], [ 575794.5, 5241948.0 ], [ 575794.5, 5241947.5 ], [ 575795.0, 5241947.5 ], [ 575795.0, 5241947.0 ], [ 575795.5, 5241947.0 ], [ 575795.5, 5241947.5 ], [ 575796.5, 5241947.5 ], [ 575796.5, 5241947.0 ], [ 575797.0, 5241947.0 ], [ 575797.0, 5241947.5 ], [ 575797.5, 5241947.5 ], [ 575797.5, 5241948.0 ], [ 575798.0, 5241948.0 ], [ 575798.0, 5241947.5 ], [ 575798.5, 5241947.5 ], [ 575798.5, 5241947.0 ], [ 575799.0, 5241947.0 ], [ 575799.0, 5241946.5 ], [ 575799.5, 5241946.5 ], [ 575799.5, 5241946.0 ], [ 575800.0, 5241946.0 ], [ 575800.0, 5241945.5 ], [ 575800.5, 5241945.5 ], [ 575800.5, 5241945.0 ], [ 575801.0, 5241945.0 ], [ 575801.0, 5241944.5 ], [ 575801.5, 5241944.5 ], [ 575801.5, 5241944.0 ], [ 575802.0, 5241944.0 ], [ 575802.0, 5241943.5 ], [ 575802.5, 5241943.5 ], [ 575802.5, 5241943.0 ], [ 575803.0, 5241943.0 ], [ 575803.0, 5241942.5 ], [ 575803.5, 5241942.5 ], [ 575803.5, 5241942.0 ], [ 575804.0, 5241942.0 ], [ 575804.0, 5241941.5 ], [ 575804.5, 5241941.5 ], [ 575804.5, 5241942.0 ], [ 575805.0, 5241942.0 ], [ 575805.0, 5241942.5 ], [ 575806.5, 5241942.5 ], [ 575806.5, 5241942.0 ], [ 575807.5, 5241942.0 ], [ 575807.5, 5241942.5 ], [ 575808.0, 5241942.5 ], [ 575808.0, 5241943.0 ], [ 575808.5, 5241943.0 ], [ 575808.5, 5241942.5 ], [ 575809.0, 5241942.5 ], [ 575809.0, 5241942.0 ], [ 575810.0, 5241942.0 ], [ 575810.0, 5241941.5 ], [ 575810.5, 5241941.5 ], [ 575810.5, 5241941.0 ], [ 575811.0, 5241941.0 ], [ 575811.0, 5241941.5 ], [ 575811.5, 5241941.5 ], [ 575811.5, 5241941.0 ], [ 575812.0, 5241941.0 ], [ 575812.0, 5241940.5 ], [ 575812.5, 5241940.5 ], [ 575812.5, 5241940.0 ], [ 575813.0, 5241940.0 ], [ 575813.0, 5241939.5 ], [ 575813.5, 5241939.5 ], [ 575813.5, 5241939.0 ], [ 575814.0, 5241939.0 ], [ 575814.0, 5241938.5 ], [ 575814.5, 5241938.5 ], [ 575814.5, 5241938.0 ], [ 575815.0, 5241938.0 ], [ 575815.0, 5241937.5 ], [ 575815.5, 5241937.5 ], [ 575815.5, 5241937.0 ], [ 575816.0, 5241937.0 ], [ 575816.0, 5241936.5 ], [ 575816.5, 5241936.5 ], [ 575816.5, 5241935.5 ], [ 575817.0, 5241935.5 ], [ 575817.0, 5241935.0 ], [ 575816.5, 5241935.0 ], [ 575816.5, 5241934.5 ], [ 575816.0, 5241934.5 ], [ 575816.0, 5241934.0 ], [ 575815.5, 5241934.0 ], [ 575815.5, 5241933.5 ], [ 575815.0, 5241933.5 ], [ 575815.0, 5241933.0 ], [ 575815.5, 5241933.0 ], [ 575815.5, 5241932.5 ], [ 575816.0, 5241932.5 ], [ 575816.0, 5241933.0 ], [ 575816.5, 5241933.0 ], [ 575816.5, 5241932.5 ], [ 575817.0, 5241932.5 ], [ 575817.0, 5241933.0 ], [ 575817.5, 5241933.0 ], [ 575817.5, 5241933.5 ], [ 575818.0, 5241933.5 ], [ 575818.0, 5241934.0 ], [ 575818.5, 5241934.0 ], [ 575818.5, 5241934.5 ], [ 575819.0, 5241934.5 ], [ 575819.0, 5241934.0 ], [ 575819.5, 5241934.0 ], [ 575819.5, 5241934.5 ], [ 575820.5, 5241934.5 ], [ 575820.5, 5241934.0 ], [ 575821.0, 5241934.0 ], [ 575821.0, 5241933.5 ], [ 575821.5, 5241933.5 ], [ 575821.5, 5241933.0 ], [ 575822.0, 5241933.0 ], [ 575822.0, 5241932.5 ], [ 575822.5, 5241932.5 ], [ 575822.5, 5241932.0 ], [ 575823.0, 5241932.0 ], [ 575823.0, 5241931.5 ], [ 575823.5, 5241931.5 ], [ 575823.5, 5241931.0 ], [ 575824.0, 5241931.0 ], [ 575824.0, 5241930.5 ], [ 575824.5, 5241930.5 ], [ 575824.5, 5241930.0 ], [ 575825.0, 5241930.0 ], [ 575825.0, 5241929.5 ], [ 575825.5, 5241929.5 ], [ 575825.5, 5241928.5 ], [ 575825.0, 5241928.5 ], [ 575825.0, 5241927.5 ], [ 575825.5, 5241927.5 ], [ 575825.5, 5241927.0 ], [ 575826.0, 5241927.0 ], [ 575826.0, 5241927.5 ], [ 575826.5, 5241927.5 ], [ 575826.5, 5241928.0 ], [ 575827.0, 5241928.0 ], [ 575827.0, 5241928.5 ], [ 575827.5, 5241928.5 ], [ 575827.5, 5241929.0 ], [ 575828.5, 5241929.0 ], [ 575828.5, 5241928.5 ], [ 575829.0, 5241928.5 ], [ 575829.0, 5241928.0 ], [ 575829.5, 5241928.0 ], [ 575829.5, 5241927.5 ], [ 575830.0, 5241927.5 ], [ 575830.0, 5241927.0 ], [ 575830.5, 5241927.0 ], [ 575830.5, 5241926.5 ], [ 575831.0, 5241926.5 ], [ 575831.0, 5241926.0 ], [ 575831.5, 5241926.0 ], [ 575831.5, 5241925.5 ], [ 575832.0, 5241925.5 ], [ 575832.0, 5241925.0 ], [ 575832.5, 5241925.0 ], [ 575832.5, 5241924.5 ], [ 575833.0, 5241924.5 ], [ 575833.0, 5241924.0 ], [ 575834.0, 5241924.0 ], [ 575834.0, 5241923.5 ], [ 575834.5, 5241923.5 ], [ 575834.5, 5241923.0 ], [ 575835.0, 5241923.0 ], [ 575835.0, 5241923.5 ], [ 575835.5, 5241923.5 ], [ 575835.5, 5241923.0 ], [ 575836.0, 5241923.0 ], [ 575836.0, 5241923.5 ], [ 575836.5, 5241923.5 ], [ 575836.5, 5241923.0 ], [ 575837.0, 5241923.0 ], [ 575837.0, 5241922.5 ], [ 575837.5, 5241922.5 ], [ 575837.5, 5241922.0 ], [ 575838.0, 5241922.0 ], [ 575838.0, 5241922.5 ], [ 575839.5, 5241922.5 ], [ 575839.5, 5241922.0 ], [ 575840.0, 5241922.0 ], [ 575840.0, 5241922.5 ], [ 575840.5, 5241922.5 ], [ 575840.5, 5241923.0 ], [ 575841.0, 5241923.0 ], [ 575841.0, 5241923.5 ], [ 575841.5, 5241923.5 ], [ 575841.5, 5241924.0 ], [ 575842.0, 5241924.0 ], [ 575842.0, 5241924.5 ], [ 575842.5, 5241924.5 ], [ 575842.5, 5241925.0 ], [ 575843.0, 5241925.0 ], [ 575843.0, 5241925.5 ], [ 575844.0, 5241925.5 ], [ 575844.0, 5241926.0 ], [ 575844.5, 5241926.0 ], [ 575844.5, 5241926.5 ], [ 575845.0, 5241926.5 ], [ 575845.0, 5241926.0 ], [ 575845.5, 5241926.0 ], [ 575845.5, 5241925.5 ], [ 575846.0, 5241925.5 ], [ 575846.0, 5241925.0 ], [ 575846.5, 5241925.0 ], [ 575846.5, 5241924.5 ], [ 575847.0, 5241924.5 ], [ 575847.0, 5241924.0 ], [ 575847.5, 5241924.0 ], [ 575847.5, 5241923.5 ], [ 575848.0, 5241923.5 ], [ 575848.0, 5241923.0 ], [ 575848.5, 5241923.0 ], [ 575848.5, 5241922.5 ], [ 575849.0, 5241922.5 ], [ 575849.0, 5241922.0 ], [ 575849.5, 5241922.0 ], [ 575849.5, 5241921.5 ], [ 575850.0, 5241921.5 ], [ 575850.0, 5241921.0 ], [ 575849.5, 5241921.0 ], [ 575849.5, 5241920.5 ], [ 575849.0, 5241920.5 ], [ 575849.0, 5241920.0 ], [ 575848.5, 5241920.0 ], [ 575848.5, 5241919.5 ], [ 575848.0, 5241919.5 ], [ 575848.0, 5241919.0 ], [ 575848.5, 5241919.0 ], [ 575848.5, 5241918.5 ], [ 575850.5, 5241918.5 ], [ 575850.5, 5241918.0 ], [ 575851.0, 5241918.0 ], [ 575851.0, 5241917.5 ], [ 575851.5, 5241917.5 ], [ 575851.5, 5241918.0 ], [ 575852.0, 5241918.0 ], [ 575852.0, 5241918.5 ], [ 575852.5, 5241918.5 ], [ 575852.5, 5241919.0 ], [ 575853.5, 5241919.0 ], [ 575853.5, 5241918.5 ], [ 575854.0, 5241918.5 ], [ 575854.0, 5241918.0 ], [ 575854.5, 5241918.0 ], [ 575854.5, 5241917.5 ], [ 575855.0, 5241917.5 ], [ 575855.0, 5241917.0 ], [ 575855.5, 5241917.0 ], [ 575855.5, 5241917.5 ], [ 575856.0, 5241917.5 ], [ 575856.0, 5241918.0 ], [ 575857.0, 5241918.0 ], [ 575857.0, 5241918.5 ], [ 575857.5, 5241918.5 ], [ 575857.5, 5241919.0 ], [ 575858.0, 5241919.0 ], [ 575858.0, 5241919.5 ], [ 575858.5, 5241919.5 ], [ 575858.5, 5241920.0 ], [ 575859.0, 5241920.0 ], [ 575859.0, 5241920.5 ], [ 575859.5, 5241920.5 ], [ 575859.5, 5241920.0 ], [ 575860.0, 5241920.0 ], [ 575860.0, 5241920.5 ], [ 575860.5, 5241920.5 ], [ 575860.5, 5241921.0 ], [ 575861.0, 5241921.0 ], [ 575861.0, 5241920.5 ], [ 575861.5, 5241920.5 ], [ 575861.5, 5241920.0 ], [ 575862.0, 5241920.0 ], [ 575862.0, 5241919.5 ], [ 575862.5, 5241919.5 ], [ 575862.5, 5241919.0 ], [ 575863.0, 5241919.0 ], [ 575863.0, 5241918.5 ], [ 575863.5, 5241918.5 ], [ 575863.5, 5241918.0 ], [ 575864.0, 5241918.0 ], [ 575864.0, 5241917.5 ], [ 575864.5, 5241917.5 ], [ 575864.5, 5241917.0 ], [ 575865.0, 5241917.0 ], [ 575865.0, 5241916.5 ], [ 575865.5, 5241916.5 ], [ 575865.5, 5241916.0 ], [ 575866.0, 5241916.0 ], [ 575866.0, 5241915.5 ], [ 575865.5, 5241915.5 ], [ 575865.5, 5241915.0 ], [ 575865.0, 5241915.0 ], [ 575865.0, 5241914.5 ], [ 575865.5, 5241914.5 ], [ 575865.5, 5241914.0 ], [ 575866.0, 5241914.0 ], [ 575866.0, 5241913.5 ], [ 575867.0, 5241913.5 ], [ 575867.0, 5241913.0 ], [ 575867.5, 5241913.0 ], [ 575867.5, 5241913.5 ], [ 575868.5, 5241913.5 ], [ 575868.5, 5241913.0 ], [ 575869.0, 5241913.0 ], [ 575869.0, 5241913.5 ], [ 575869.5, 5241913.5 ], [ 575869.5, 5241913.0 ], [ 575870.0, 5241913.0 ], [ 575870.0, 5241912.5 ], [ 575871.0, 5241912.5 ], [ 575871.0, 5241912.0 ], [ 575872.0, 5241912.0 ], [ 575872.0, 5241912.5 ], [ 575872.5, 5241912.5 ], [ 575872.5, 5241912.0 ], [ 575873.0, 5241912.0 ], [ 575873.0, 5241911.5 ], [ 575874.0, 5241911.5 ], [ 575874.0, 5241912.0 ], [ 575874.5, 5241912.0 ], [ 575874.5, 5241912.5 ], [ 575875.0, 5241912.5 ], [ 575875.0, 5241913.0 ], [ 575875.5, 5241913.0 ], [ 575875.5, 5241913.5 ], [ 575876.0, 5241913.5 ], [ 575876.0, 5241914.0 ], [ 575876.5, 5241914.0 ], [ 575876.5, 5241914.5 ], [ 575877.0, 5241914.5 ], [ 575877.0, 5241915.0 ], [ 575877.5, 5241915.0 ], [ 575877.5, 5241915.5 ], [ 575878.0, 5241915.5 ], [ 575878.0, 5241916.0 ], [ 575878.5, 5241916.0 ], [ 575878.5, 5241916.5 ], [ 575880.0, 5241916.5 ], [ 575880.0, 5241917.0 ], [ 575880.5, 5241917.0 ], [ 575880.5, 5241917.5 ], [ 575881.5, 5241917.5 ], [ 575881.5, 5241918.0 ], [ 575884.0, 5241918.0 ], [ 575884.0, 5241917.5 ], [ 575886.0, 5241917.5 ], [ 575886.0, 5241917.0 ], [ 575886.5, 5241917.0 ], [ 575886.5, 5241916.5 ], [ 575887.0, 5241916.5 ], [ 575887.0, 5241916.0 ], [ 575887.5, 5241916.0 ], [ 575887.5, 5241915.5 ], [ 575888.0, 5241915.5 ], [ 575888.0, 5241915.0 ], [ 575888.5, 5241915.0 ], [ 575888.5, 5241914.5 ], [ 575889.0, 5241914.5 ], [ 575889.0, 5241914.0 ], [ 575889.5, 5241914.0 ], [ 575889.5, 5241913.5 ], [ 575890.0, 5241913.5 ], [ 575890.0, 5241913.0 ], [ 575890.5, 5241913.0 ], [ 575890.5, 5241912.5 ], [ 575891.0, 5241912.5 ], [ 575891.0, 5241912.0 ], [ 575891.5, 5241912.0 ], [ 575891.5, 5241911.5 ], [ 575891.0, 5241911.5 ], [ 575891.0, 5241911.0 ], [ 575890.5, 5241911.0 ], [ 575890.5, 5241910.5 ], [ 575890.0, 5241910.5 ], [ 575890.0, 5241910.0 ], [ 575889.5, 5241910.0 ], [ 575889.5, 5241909.5 ], [ 575889.0, 5241909.5 ], [ 575889.0, 5241909.0 ], [ 575889.5, 5241909.0 ], [ 575889.5, 5241908.5 ], [ 575890.0, 5241908.5 ], [ 575890.0, 5241909.0 ], [ 575890.5, 5241909.0 ], [ 575890.5, 5241909.5 ], [ 575891.0, 5241909.5 ], [ 575891.0, 5241909.0 ], [ 575891.5, 5241909.0 ], [ 575891.5, 5241908.5 ], [ 575892.0, 5241908.5 ], [ 575892.0, 5241908.0 ], [ 575892.5, 5241908.0 ], [ 575892.5, 5241907.5 ], [ 575893.0, 5241907.5 ], [ 575893.0, 5241908.0 ], [ 575893.5, 5241908.0 ], [ 575893.5, 5241907.5 ], [ 575894.0, 5241907.5 ], [ 575894.0, 5241908.0 ], [ 575894.5, 5241908.0 ], [ 575894.5, 5241908.5 ], [ 575895.0, 5241908.5 ], [ 575895.0, 5241909.0 ], [ 575895.5, 5241909.0 ], [ 575895.5, 5241909.5 ], [ 575896.0, 5241909.5 ], [ 575896.0, 5241910.0 ], [ 575896.5, 5241910.0 ], [ 575896.5, 5241910.5 ], [ 575897.0, 5241910.5 ], [ 575897.0, 5241911.0 ], [ 575897.5, 5241911.0 ], [ 575897.5, 5241910.5 ], [ 575898.0, 5241910.5 ], [ 575898.0, 5241910.0 ], [ 575898.5, 5241910.0 ], [ 575898.5, 5241909.5 ], [ 575900.0, 5241909.5 ], [ 575900.0, 5241910.0 ], [ 575900.5, 5241910.0 ], [ 575900.5, 5241909.5 ], [ 575901.0, 5241909.5 ], [ 575901.0, 5241909.0 ], [ 575901.5, 5241909.0 ], [ 575901.5, 5241908.5 ], [ 575902.5, 5241908.5 ], [ 575902.5, 5241909.0 ], [ 575903.0, 5241909.0 ], [ 575903.0, 5241908.5 ], [ 575903.5, 5241908.5 ], [ 575903.5, 5241908.0 ], [ 575904.0, 5241908.0 ], [ 575904.0, 5241907.5 ], [ 575904.5, 5241907.5 ], [ 575904.5, 5241907.0 ], [ 575905.0, 5241907.0 ], [ 575905.0, 5241906.5 ], [ 575905.5, 5241906.5 ], [ 575905.5, 5241907.0 ], [ 575906.0, 5241907.0 ], [ 575906.0, 5241907.5 ], [ 575906.5, 5241907.5 ], [ 575906.5, 5241908.0 ], [ 575907.0, 5241908.0 ], [ 575907.0, 5241908.5 ], [ 575907.5, 5241908.5 ], [ 575907.5, 5241908.0 ], [ 575908.0, 5241908.0 ], [ 575908.0, 5241907.5 ], [ 575909.0, 5241907.5 ], [ 575909.0, 5241907.0 ], [ 575909.5, 5241907.0 ], [ 575909.5, 5241906.5 ], [ 575910.0, 5241906.5 ], [ 575910.0, 5241906.0 ], [ 575910.5, 5241906.0 ], [ 575910.5, 5241905.5 ], [ 575911.0, 5241905.5 ], [ 575911.0, 5241905.0 ], [ 575912.0, 5241905.0 ], [ 575912.0, 5241905.5 ], [ 575912.5, 5241905.5 ], [ 575912.5, 5241905.0 ], [ 575913.0, 5241905.0 ], [ 575913.0, 5241905.5 ], [ 575914.0, 5241905.5 ], [ 575914.0, 5241905.0 ], [ 575914.5, 5241905.0 ], [ 575914.5, 5241905.5 ], [ 575915.0, 5241905.5 ], [ 575915.0, 5241905.0 ], [ 575915.5, 5241905.0 ], [ 575915.5, 5241904.5 ], [ 575916.5, 5241904.5 ], [ 575916.5, 5241904.0 ], [ 575917.0, 5241904.0 ], [ 575917.0, 5241904.5 ], [ 575917.5, 5241904.5 ], [ 575917.5, 5241905.0 ], [ 575918.0, 5241905.0 ], [ 575918.0, 5241905.5 ], [ 575918.5, 5241905.5 ], [ 575918.5, 5241905.0 ], [ 575919.0, 5241905.0 ], [ 575919.0, 5241904.5 ], [ 575919.5, 5241904.5 ], [ 575919.5, 5241904.0 ], [ 575920.0, 5241904.0 ], [ 575920.0, 5241903.5 ], [ 575920.5, 5241903.5 ], [ 575920.5, 5241903.0 ], [ 575921.0, 5241903.0 ], [ 575921.0, 5241902.5 ], [ 575921.5, 5241902.5 ], [ 575921.5, 5241902.0 ], [ 575922.0, 5241902.0 ], [ 575922.0, 5241901.5 ], [ 575922.5, 5241901.5 ], [ 575922.5, 5241901.0 ], [ 575923.0, 5241901.0 ], [ 575923.0, 5241901.5 ], [ 575924.0, 5241901.5 ], [ 575924.0, 5241901.0 ], [ 575924.5, 5241901.0 ], [ 575924.5, 5241901.5 ], [ 575925.0, 5241901.5 ], [ 575925.0, 5241902.5 ], [ 575924.5, 5241902.5 ], [ 575924.5, 5241903.0 ], [ 575924.0, 5241903.0 ], [ 575924.0, 5241903.5 ], [ 575923.5, 5241903.5 ], [ 575923.5, 5241904.0 ], [ 575923.0, 5241904.0 ], [ 575923.0, 5241904.5 ], [ 575922.5, 5241904.5 ], [ 575922.5, 5241905.0 ], [ 575922.0, 5241905.0 ], [ 575922.0, 5241905.5 ], [ 575921.5, 5241905.5 ], [ 575921.5, 5241906.0 ], [ 575921.0, 5241906.0 ], [ 575921.0, 5241906.5 ], [ 575920.5, 5241906.5 ], [ 575920.5, 5241907.5 ], [ 575921.0, 5241907.5 ], [ 575921.0, 5241908.0 ], [ 575921.5, 5241908.0 ], [ 575921.5, 5241908.5 ], [ 575922.0, 5241908.5 ], [ 575922.0, 5241909.0 ], [ 575922.5, 5241909.0 ], [ 575922.5, 5241909.5 ], [ 575923.0, 5241909.5 ], [ 575923.0, 5241910.0 ], [ 575923.5, 5241910.0 ], [ 575923.5, 5241910.5 ], [ 575924.0, 5241910.5 ], [ 575924.0, 5241911.0 ], [ 575923.5, 5241911.0 ], [ 575923.5, 5241911.5 ], [ 575923.0, 5241911.5 ], [ 575923.0, 5241912.0 ], [ 575922.5, 5241912.0 ], [ 575922.5, 5241912.5 ], [ 575922.0, 5241912.5 ], [ 575922.0, 5241913.0 ], [ 575921.5, 5241913.0 ], [ 575921.5, 5241913.5 ], [ 575921.0, 5241913.5 ], [ 575921.0, 5241914.0 ], [ 575920.5, 5241914.0 ], [ 575920.5, 5241914.5 ], [ 575921.0, 5241914.5 ], [ 575921.0, 5241915.0 ], [ 575921.5, 5241915.0 ], [ 575921.5, 5241915.5 ], [ 575922.0, 5241915.5 ], [ 575922.0, 5241916.0 ], [ 575922.5, 5241916.0 ], [ 575922.5, 5241916.5 ], [ 575923.0, 5241916.5 ], [ 575923.0, 5241917.0 ], [ 575923.5, 5241917.0 ], [ 575923.5, 5241917.5 ], [ 575924.0, 5241917.5 ], [ 575924.0, 5241918.0 ], [ 575924.5, 5241918.0 ], [ 575924.5, 5241918.5 ], [ 575925.0, 5241918.5 ], [ 575925.0, 5241919.0 ], [ 575925.5, 5241919.0 ], [ 575925.5, 5241919.5 ], [ 575926.0, 5241919.5 ], [ 575926.0, 5241920.0 ], [ 575926.5, 5241920.0 ], [ 575926.5, 5241920.5 ], [ 575927.0, 5241920.5 ], [ 575927.0, 5241921.0 ], [ 575927.5, 5241921.0 ], [ 575927.5, 5241920.5 ], [ 575928.5, 5241920.5 ], [ 575928.5, 5241921.0 ], [ 575929.0, 5241921.0 ], [ 575929.0, 5241921.5 ], [ 575929.5, 5241921.5 ], [ 575929.5, 5241923.5 ], [ 575929.0, 5241923.5 ], [ 575929.0, 5241924.5 ], [ 575928.5, 5241924.5 ], [ 575928.5, 5241925.0 ], [ 575926.5, 5241925.0 ], [ 575926.5, 5241924.5 ], [ 575926.0, 5241924.5 ], [ 575926.0, 5241925.0 ], [ 575925.0, 5241925.0 ], [ 575925.0, 5241924.5 ], [ 575924.5, 5241924.5 ], [ 575924.5, 5241924.0 ], [ 575924.0, 5241924.0 ], [ 575924.0, 5241923.5 ], [ 575923.5, 5241923.5 ], [ 575923.5, 5241923.0 ], [ 575923.0, 5241923.0 ], [ 575923.0, 5241922.5 ], [ 575922.5, 5241922.5 ], [ 575922.5, 5241923.0 ], [ 575921.5, 5241923.0 ], [ 575921.5, 5241923.5 ], [ 575921.0, 5241923.5 ], [ 575921.0, 5241924.0 ], [ 575920.5, 5241924.0 ], [ 575920.5, 5241924.5 ], [ 575920.0, 5241924.5 ], [ 575920.0, 5241925.0 ], [ 575919.5, 5241925.0 ], [ 575919.5, 5241925.5 ], [ 575919.0, 5241925.5 ], [ 575919.0, 5241926.0 ], [ 575918.5, 5241926.0 ], [ 575918.5, 5241926.5 ], [ 575918.0, 5241926.5 ], [ 575918.0, 5241927.0 ], [ 575917.5, 5241927.0 ], [ 575917.5, 5241927.5 ], [ 575917.0, 5241927.5 ], [ 575917.0, 5241928.0 ], [ 575916.5, 5241928.0 ], [ 575916.5, 5241928.5 ], [ 575916.0, 5241928.5 ], [ 575916.0, 5241930.0 ], [ 575915.5, 5241930.0 ], [ 575915.5, 5241931.0 ], [ 575915.0, 5241931.0 ], [ 575915.0, 5241931.5 ], [ 575914.5, 5241931.5 ], [ 575914.5, 5241932.0 ], [ 575914.0, 5241932.0 ], [ 575914.0, 5241932.5 ], [ 575913.5, 5241932.5 ], [ 575913.5, 5241933.0 ], [ 575913.0, 5241933.0 ], [ 575913.0, 5241933.5 ], [ 575912.5, 5241933.5 ], [ 575912.5, 5241934.0 ], [ 575912.0, 5241934.0 ], [ 575912.0, 5241934.5 ], [ 575911.5, 5241934.5 ], [ 575911.5, 5241935.0 ], [ 575911.0, 5241935.0 ], [ 575911.0, 5241935.5 ], [ 575910.5, 5241935.5 ], [ 575910.5, 5241936.0 ], [ 575910.0, 5241936.0 ], [ 575910.0, 5241937.0 ], [ 575909.5, 5241937.0 ], [ 575909.5, 5241937.5 ], [ 575909.0, 5241937.5 ], [ 575909.0, 5241938.0 ], [ 575909.5, 5241938.0 ], [ 575909.5, 5241938.5 ], [ 575909.0, 5241938.5 ], [ 575909.0, 5241939.0 ], [ 575908.5, 5241939.0 ], [ 575908.5, 5241939.5 ], [ 575908.0, 5241939.5 ], [ 575908.0, 5241940.0 ], [ 575907.5, 5241940.0 ], [ 575907.5, 5241940.5 ], [ 575907.0, 5241940.5 ], [ 575907.0, 5241941.0 ], [ 575906.5, 5241941.0 ], [ 575906.5, 5241941.5 ], [ 575906.0, 5241941.5 ], [ 575906.0, 5241942.0 ], [ 575905.5, 5241942.0 ], [ 575905.5, 5241942.5 ], [ 575906.0, 5241942.5 ], [ 575906.0, 5241943.0 ], [ 575906.5, 5241943.0 ], [ 575906.5, 5241945.0 ], [ 575906.0, 5241945.0 ], [ 575906.0, 5241945.5 ], [ 575905.5, 5241945.5 ], [ 575905.5, 5241948.0 ], [ 575905.0, 5241948.0 ], [ 575905.0, 5241948.5 ], [ 575904.5, 5241948.5 ], [ 575904.5, 5241949.0 ], [ 575904.0, 5241949.0 ], [ 575904.0, 5241949.5 ], [ 575903.5, 5241949.5 ], [ 575903.5, 5241952.5 ], [ 575903.0, 5241952.5 ], [ 575903.0, 5241954.5 ], [ 575902.5, 5241954.5 ], [ 575902.5, 5241955.0 ], [ 575902.0, 5241955.0 ], [ 575902.0, 5241954.5 ], [ 575901.5, 5241954.5 ], [ 575901.5, 5241955.0 ], [ 575900.5, 5241955.0 ], [ 575900.5, 5241955.5 ], [ 575900.0, 5241955.5 ], [ 575900.0, 5241956.0 ], [ 575899.5, 5241956.0 ], [ 575899.5, 5241956.5 ], [ 575899.0, 5241956.5 ], [ 575899.0, 5241957.0 ], [ 575898.5, 5241957.0 ], [ 575898.5, 5241957.5 ], [ 575898.0, 5241957.5 ], [ 575898.0, 5241958.0 ], [ 575897.5, 5241958.0 ], [ 575897.5, 5241958.5 ], [ 575897.0, 5241958.5 ], [ 575897.0, 5241959.0 ], [ 575896.5, 5241959.0 ], [ 575896.5, 5241959.5 ], [ 575896.0, 5241959.5 ], [ 575896.0, 5241960.0 ], [ 575895.5, 5241960.0 ], [ 575895.5, 5241960.5 ], [ 575895.0, 5241960.5 ], [ 575895.0, 5241962.0 ], [ 575894.5, 5241962.0 ], [ 575894.5, 5241962.5 ], [ 575894.0, 5241962.5 ], [ 575894.0, 5241963.0 ], [ 575893.5, 5241963.0 ], [ 575893.5, 5241963.5 ], [ 575893.0, 5241963.5 ], [ 575893.0, 5241964.0 ], [ 575892.5, 5241964.0 ], [ 575892.5, 5241964.5 ], [ 575892.0, 5241964.5 ], [ 575892.0, 5241965.0 ], [ 575891.5, 5241965.0 ], [ 575891.5, 5241965.5 ], [ 575891.0, 5241965.5 ], [ 575891.0, 5241966.5 ], [ 575891.5, 5241966.5 ], [ 575891.5, 5241967.0 ], [ 575892.0, 5241967.0 ], [ 575892.0, 5241967.5 ], [ 575892.5, 5241967.5 ], [ 575892.5, 5241968.0 ], [ 575893.0, 5241968.0 ], [ 575893.0, 5241968.5 ], [ 575893.5, 5241968.5 ], [ 575893.5, 5241969.0 ], [ 575894.0, 5241969.0 ], [ 575894.0, 5241969.5 ], [ 575894.5, 5241969.5 ], [ 575894.5, 5241970.0 ], [ 575895.0, 5241970.0 ], [ 575895.0, 5241970.5 ], [ 575895.5, 5241970.5 ], [ 575895.5, 5241971.0 ], [ 575896.0, 5241971.0 ], [ 575896.0, 5241971.5 ], [ 575896.5, 5241971.5 ], [ 575896.5, 5241972.0 ], [ 575897.0, 5241972.0 ], [ 575897.0, 5241972.5 ], [ 575897.5, 5241972.5 ], [ 575897.5, 5241972.0 ], [ 575898.0, 5241972.0 ], [ 575898.0, 5241972.5 ], [ 575898.5, 5241972.5 ], [ 575898.5, 5241974.0 ], [ 575898.0, 5241974.0 ], [ 575898.0, 5241975.0 ], [ 575898.5, 5241975.0 ], [ 575898.5, 5241975.5 ], [ 575899.0, 5241975.5 ], [ 575899.0, 5241976.0 ], [ 575899.5, 5241976.0 ], [ 575899.5, 5241976.5 ], [ 575900.0, 5241976.5 ], [ 575900.0, 5241977.0 ], [ 575900.5, 5241977.0 ], [ 575900.5, 5241978.0 ], [ 575900.0, 5241978.0 ], [ 575900.0, 5241978.5 ], [ 575899.5, 5241978.5 ], [ 575899.5, 5241979.0 ], [ 575900.0, 5241979.0 ], [ 575900.0, 5241980.0 ], [ 575899.5, 5241980.0 ], [ 575899.5, 5241980.5 ], [ 575900.0, 5241980.5 ], [ 575900.0, 5241981.0 ], [ 575900.5, 5241981.0 ], [ 575900.5, 5241981.5 ], [ 575901.0, 5241981.5 ], [ 575901.0, 5241982.0 ], [ 575901.5, 5241982.0 ], [ 575901.5, 5241982.5 ], [ 575902.0, 5241982.5 ], [ 575902.0, 5241983.0 ], [ 575902.5, 5241983.0 ], [ 575902.5, 5241983.5 ], [ 575903.0, 5241983.5 ], [ 575903.0, 5241984.0 ], [ 575902.5, 5241984.0 ], [ 575902.5, 5241985.5 ], [ 575902.0, 5241985.5 ], [ 575902.0, 5241987.0 ], [ 575902.5, 5241987.0 ], [ 575902.5, 5241987.5 ], [ 575903.0, 5241987.5 ], [ 575903.0, 5241988.0 ], [ 575903.5, 5241988.0 ], [ 575903.5, 5241988.5 ], [ 575904.0, 5241988.5 ], [ 575904.0, 5241989.0 ], [ 575904.5, 5241989.0 ], [ 575904.5, 5241989.5 ], [ 575905.0, 5241989.5 ], [ 575905.0, 5241990.0 ], [ 575905.5, 5241990.0 ], [ 575905.5, 5241990.5 ], [ 575906.0, 5241990.5 ], [ 575906.0, 5241991.0 ], [ 575906.5, 5241991.0 ], [ 575906.5, 5241991.5 ], [ 575907.0, 5241991.5 ], [ 575907.0, 5241992.0 ], [ 575907.5, 5241992.0 ], [ 575907.5, 5241992.5 ], [ 575908.0, 5241992.5 ], [ 575908.0, 5241992.0 ], [ 575908.5, 5241992.0 ], [ 575908.5, 5241991.5 ], [ 575909.0, 5241991.5 ], [ 575909.0, 5241991.0 ], [ 575909.5, 5241991.0 ], [ 575909.5, 5241990.5 ], [ 575910.0, 5241990.5 ], [ 575910.0, 5241990.0 ], [ 575911.0, 5241990.0 ], [ 575911.0, 5241990.5 ], [ 575911.5, 5241990.5 ], [ 575911.5, 5241990.0 ], [ 575912.0, 5241990.0 ], [ 575912.0, 5241989.5 ], [ 575912.5, 5241989.5 ], [ 575912.5, 5241989.0 ], [ 575913.0, 5241989.0 ], [ 575913.0, 5241988.5 ], [ 575914.0, 5241988.5 ], [ 575914.0, 5241989.0 ], [ 575915.0, 5241989.0 ], [ 575915.0, 5241989.5 ], [ 575915.5, 5241989.5 ], [ 575915.5, 5241990.0 ], [ 575916.0, 5241990.0 ], [ 575916.0, 5241989.5 ], [ 575916.5, 5241989.5 ], [ 575916.5, 5241989.0 ], [ 575917.0, 5241989.0 ], [ 575917.0, 5241988.5 ], [ 575920.0, 5241988.5 ], [ 575920.0, 5241988.0 ], [ 575920.5, 5241988.0 ], [ 575920.5, 5241987.5 ], [ 575921.5, 5241987.5 ], [ 575921.5, 5241988.0 ], [ 575922.0, 5241988.0 ], [ 575922.0, 5241988.5 ], [ 575923.0, 5241988.5 ], [ 575923.0, 5241989.0 ], [ 575923.5, 5241989.0 ], [ 575923.5, 5241989.5 ], [ 575923.0, 5241989.5 ], [ 575923.0, 5241990.5 ], [ 575922.5, 5241990.5 ], [ 575922.5, 5241991.0 ], [ 575922.0, 5241991.0 ], [ 575922.0, 5241991.5 ], [ 575921.5, 5241991.5 ], [ 575921.5, 5241992.0 ], [ 575922.0, 5241992.0 ], [ 575922.0, 5241992.5 ], [ 575922.5, 5241992.5 ], [ 575922.5, 5241993.0 ], [ 575923.0, 5241993.0 ], [ 575923.0, 5241993.5 ], [ 575923.5, 5241993.5 ], [ 575923.5, 5241994.0 ], [ 575924.0, 5241994.0 ], [ 575924.0, 5241994.5 ], [ 575924.5, 5241994.5 ], [ 575924.5, 5241996.0 ], [ 575925.0, 5241996.0 ], [ 575925.0, 5241996.5 ], [ 575925.5, 5241996.5 ], [ 575925.5, 5241997.0 ], [ 575925.0, 5241997.0 ], [ 575925.0, 5241998.0 ], [ 575925.5, 5241998.0 ], [ 575925.5, 5241998.5 ], [ 575926.0, 5241998.5 ], [ 575926.0, 5241999.0 ], [ 575926.5, 5241999.0 ], [ 575926.5, 5241999.5 ], [ 575927.0, 5241999.5 ], [ 575927.0, 5242000.0 ], [ 575927.5, 5242000.0 ], [ 575927.5, 5242000.5 ], [ 575928.0, 5242000.5 ], [ 575928.0, 5242001.0 ], [ 575928.5, 5242001.0 ], [ 575928.5, 5242001.5 ], [ 575929.0, 5242001.5 ], [ 575929.0, 5242002.0 ], [ 575929.5, 5242002.0 ], [ 575929.5, 5242002.5 ], [ 575930.0, 5242002.5 ], [ 575930.0, 5242003.0 ], [ 575930.5, 5242003.0 ], [ 575930.5, 5242003.5 ], [ 575931.5, 5242003.5 ], [ 575931.5, 5242003.0 ], [ 575932.0, 5242003.0 ], [ 575932.0, 5242002.5 ], [ 575932.5, 5242002.5 ], [ 575932.5, 5242002.0 ], [ 575934.0, 5242002.0 ], [ 575934.0, 5242002.5 ], [ 575934.5, 5242002.5 ], [ 575934.5, 5242003.0 ], [ 575935.0, 5242003.0 ], [ 575935.0, 5242003.5 ], [ 575935.5, 5242003.5 ], [ 575935.5, 5242005.5 ], [ 575936.0, 5242005.5 ], [ 575936.0, 5242006.0 ], [ 575936.5, 5242006.0 ], [ 575936.5, 5242006.5 ], [ 575937.0, 5242006.5 ], [ 575937.0, 5242007.5 ], [ 575937.5, 5242007.5 ], [ 575937.5, 5242008.0 ], [ 575938.0, 5242008.0 ], [ 575938.0, 5242008.5 ], [ 575938.5, 5242008.5 ], [ 575938.5, 5242009.0 ], [ 575939.0, 5242009.0 ], [ 575939.0, 5242009.5 ], [ 575939.5, 5242009.5 ], [ 575939.5, 5242010.0 ], [ 575940.0, 5242010.0 ], [ 575940.0, 5242010.5 ], [ 575940.5, 5242010.5 ], [ 575940.5, 5242011.0 ], [ 575941.0, 5242011.0 ], [ 575941.0, 5242011.5 ], [ 575941.5, 5242011.5 ], [ 575941.5, 5242012.0 ], [ 575942.0, 5242012.0 ], [ 575942.0, 5242012.5 ], [ 575943.0, 5242012.5 ], [ 575943.0, 5242012.0 ], [ 575943.5, 5242012.0 ], [ 575943.5, 5242011.5 ], [ 575944.0, 5242011.5 ], [ 575944.0, 5242011.0 ], [ 575944.5, 5242011.0 ], [ 575944.5, 5242010.5 ], [ 575945.0, 5242010.5 ], [ 575945.0, 5242010.0 ], [ 575945.5, 5242010.0 ], [ 575945.5, 5242009.5 ], [ 575946.0, 5242009.5 ], [ 575946.0, 5242009.0 ], [ 575946.5, 5242009.0 ], [ 575946.5, 5242008.5 ], [ 575947.5, 5242008.5 ], [ 575947.5, 5242008.0 ], [ 575948.0, 5242008.0 ], [ 575948.0, 5242007.5 ], [ 575948.5, 5242007.5 ], [ 575948.5, 5242008.0 ], [ 575949.0, 5242008.0 ], [ 575949.0, 5242008.5 ], [ 575949.5, 5242008.5 ], [ 575949.5, 5242009.0 ], [ 575950.0, 5242009.0 ], [ 575950.0, 5242009.5 ], [ 575951.5, 5242009.5 ], [ 575951.5, 5242010.0 ], [ 575952.5, 5242010.0 ], [ 575952.5, 5242009.5 ], [ 575953.0, 5242009.5 ], [ 575953.0, 5242010.0 ], [ 575955.0, 5242010.0 ], [ 575955.0, 5242010.5 ], [ 575955.5, 5242010.5 ], [ 575955.5, 5242011.0 ], [ 575956.0, 5242011.0 ], [ 575956.0, 5242011.5 ], [ 575956.5, 5242011.5 ], [ 575956.5, 5242011.0 ], [ 575957.0, 5242011.0 ], [ 575957.0, 5242010.5 ], [ 575957.5, 5242010.5 ], [ 575957.5, 5242010.0 ], [ 575959.5, 5242010.0 ], [ 575959.5, 5242010.5 ], [ 575960.0, 5242010.5 ], [ 575960.0, 5242010.0 ], [ 575961.0, 5242010.0 ], [ 575961.0, 5242010.5 ], [ 575961.5, 5242010.5 ], [ 575961.5, 5242011.0 ], [ 575961.0, 5242011.0 ], [ 575961.0, 5242012.0 ], [ 575960.5, 5242012.0 ], [ 575960.5, 5242013.0 ], [ 575961.0, 5242013.0 ], [ 575961.0, 5242013.5 ], [ 575961.5, 5242013.5 ], [ 575961.5, 5242014.0 ], [ 575962.0, 5242014.0 ], [ 575962.0, 5242014.5 ], [ 575962.5, 5242014.5 ], [ 575962.5, 5242015.0 ], [ 575963.0, 5242015.0 ], [ 575963.0, 5242015.5 ], [ 575963.5, 5242015.5 ], [ 575963.5, 5242016.0 ], [ 575964.0, 5242016.0 ], [ 575964.0, 5242016.5 ], [ 575964.5, 5242016.5 ], [ 575964.5, 5242017.0 ], [ 575965.0, 5242017.0 ], [ 575965.0, 5242017.5 ], [ 575965.5, 5242017.5 ], [ 575965.5, 5242018.0 ], [ 575966.5, 5242018.0 ], [ 575966.5, 5242017.5 ], [ 575968.5, 5242017.5 ], [ 575968.5, 5242017.0 ], [ 575970.0, 5242017.0 ], [ 575970.0, 5242016.5 ], [ 575971.0, 5242016.5 ], [ 575971.0, 5242017.0 ], [ 575971.5, 5242017.0 ], [ 575971.5, 5242016.5 ], [ 575973.0, 5242016.5 ], [ 575973.0, 5242016.0 ], [ 575973.5, 5242016.0 ], [ 575973.5, 5242015.5 ], [ 575974.0, 5242015.5 ], [ 575974.0, 5242015.0 ], [ 575974.5, 5242015.0 ], [ 575974.5, 5242014.5 ], [ 575975.0, 5242014.5 ], [ 575975.0, 5242014.0 ], [ 575976.0, 5242014.0 ], [ 575976.0, 5242013.5 ], [ 575977.5, 5242013.5 ], [ 575977.5, 5242014.0 ], [ 575978.0, 5242014.0 ], [ 575978.0, 5242014.5 ], [ 575978.5, 5242014.5 ], [ 575978.5, 5242015.0 ], [ 575979.0, 5242015.0 ], [ 575979.0, 5242015.5 ], [ 575979.5, 5242015.5 ], [ 575979.5, 5242016.0 ], [ 575980.0, 5242016.0 ], [ 575980.0, 5242016.5 ], [ 575980.5, 5242016.5 ], [ 575980.5, 5242017.0 ], [ 575981.0, 5242017.0 ], [ 575981.0, 5242016.5 ], [ 575981.5, 5242016.5 ], [ 575981.5, 5242016.0 ], [ 575982.0, 5242016.0 ], [ 575982.0, 5242015.5 ], [ 575982.5, 5242015.5 ], [ 575982.5, 5242015.0 ], [ 575983.0, 5242015.0 ], [ 575983.0, 5242014.5 ], [ 575985.0, 5242014.5 ], [ 575985.0, 5242014.0 ], [ 575986.0, 5242014.0 ], [ 575986.0, 5242014.5 ], [ 575987.0, 5242014.5 ], [ 575987.0, 5242014.0 ], [ 575987.5, 5242014.0 ], [ 575987.5, 5242014.5 ], [ 575988.0, 5242014.5 ], [ 575988.0, 5242015.0 ], [ 575988.5, 5242015.0 ], [ 575988.5, 5242014.5 ], [ 575989.0, 5242014.5 ], [ 575989.0, 5242015.0 ], [ 575989.5, 5242015.0 ], [ 575989.5, 5242014.5 ], [ 575990.5, 5242014.5 ], [ 575990.5, 5242015.0 ], [ 575991.0, 5242015.0 ], [ 575991.0, 5242015.5 ], [ 575992.0, 5242015.5 ], [ 575992.0, 5242015.0 ], [ 575992.5, 5242015.0 ], [ 575992.5, 5242014.5 ], [ 575993.0, 5242014.5 ], [ 575993.0, 5242015.0 ], [ 575993.5, 5242015.0 ], [ 575993.5, 5242015.5 ], [ 575994.0, 5242015.5 ], [ 575994.0, 5242016.0 ], [ 575994.5, 5242016.0 ], [ 575994.5, 5242016.5 ], [ 575995.5, 5242016.5 ], [ 575995.5, 5242017.0 ], [ 575996.0, 5242017.0 ], [ 575996.0, 5242016.5 ], [ 575996.5, 5242016.5 ], [ 575996.5, 5242017.0 ], [ 575997.0, 5242017.0 ], [ 575997.0, 5242017.5 ], [ 575997.5, 5242017.5 ], [ 575997.5, 5242018.0 ], [ 575998.5, 5242018.0 ], [ 575998.5, 5242017.5 ], [ 576001.0, 5242017.5 ], [ 576001.0, 5242018.0 ], [ 576001.5, 5242018.0 ], [ 576001.5, 5242018.5 ], [ 576002.0, 5242018.5 ], [ 576002.0, 5242019.0 ], [ 576002.5, 5242019.0 ], [ 576002.5, 5242019.5 ], [ 576003.0, 5242019.5 ], [ 576003.0, 5242020.0 ], [ 576003.5, 5242020.0 ], [ 576003.5, 5242020.5 ], [ 576004.0, 5242020.5 ], [ 576004.0, 5242020.0 ], [ 576004.5, 5242020.0 ], [ 576004.5, 5242019.5 ], [ 576005.5, 5242019.5 ], [ 576005.5, 5242020.0 ], [ 576006.0, 5242020.0 ], [ 576006.0, 5242020.5 ], [ 576006.5, 5242020.5 ], [ 576006.5, 5242021.0 ], [ 576008.0, 5242021.0 ], [ 576008.0, 5242021.5 ], [ 576009.0, 5242021.5 ], [ 576009.0, 5242021.0 ], [ 576010.5, 5242021.0 ], [ 576010.5, 5242020.5 ], [ 576011.0, 5242020.5 ], [ 576011.0, 5242020.0 ], [ 576012.0, 5242020.0 ], [ 576012.0, 5242020.5 ], [ 576013.0, 5242020.5 ], [ 576013.0, 5242020.0 ], [ 576014.5, 5242020.0 ], [ 576014.5, 5242020.5 ], [ 576015.0, 5242020.5 ], [ 576015.0, 5242021.0 ], [ 576015.5, 5242021.0 ], [ 576015.5, 5242021.5 ], [ 576016.0, 5242021.5 ], [ 576016.0, 5242022.0 ], [ 576016.5, 5242022.0 ], [ 576016.5, 5242022.5 ], [ 576017.5, 5242022.5 ], [ 576017.5, 5242023.0 ], [ 576018.0, 5242023.0 ], [ 576018.0, 5242023.5 ], [ 576018.5, 5242023.5 ], [ 576018.5, 5242024.0 ], [ 576019.0, 5242024.0 ], [ 576019.0, 5242024.5 ], [ 576019.5, 5242024.5 ], [ 576019.5, 5242024.0 ], [ 576020.0, 5242024.0 ], [ 576020.0, 5242023.5 ], [ 576020.5, 5242023.5 ], [ 576020.5, 5242023.0 ], [ 576021.0, 5242023.0 ], [ 576021.0, 5242022.5 ], [ 576021.5, 5242022.5 ], [ 576021.5, 5242022.0 ], [ 576022.5, 5242022.0 ], [ 576022.5, 5242022.5 ], [ 576023.0, 5242022.5 ], [ 576023.0, 5242023.0 ], [ 576023.5, 5242023.0 ], [ 576023.5, 5242023.5 ], [ 576024.0, 5242023.5 ], [ 576024.0, 5242024.0 ], [ 576024.5, 5242024.0 ], [ 576024.5, 5242023.5 ], [ 576025.0, 5242023.5 ], [ 576025.0, 5242023.0 ], [ 576025.5, 5242023.0 ], [ 576025.5, 5242022.5 ], [ 576026.0, 5242022.5 ], [ 576026.0, 5242023.0 ], [ 576026.5, 5242023.0 ], [ 576026.5, 5242023.5 ], [ 576027.0, 5242023.5 ], [ 576027.0, 5242024.0 ], [ 576027.5, 5242024.0 ], [ 576027.5, 5242024.5 ], [ 576028.0, 5242024.5 ], [ 576028.0, 5242025.0 ], [ 576028.5, 5242025.0 ], [ 576028.5, 5242024.5 ], [ 576029.0, 5242024.5 ], [ 576029.0, 5242024.0 ], [ 576029.5, 5242024.0 ], [ 576029.5, 5242023.5 ], [ 576030.0, 5242023.5 ], [ 576030.0, 5242023.0 ], [ 576031.0, 5242023.0 ], [ 576031.0, 5242023.5 ], [ 576031.5, 5242023.5 ], [ 576031.5, 5242023.0 ], [ 576032.0, 5242023.0 ], [ 576032.0, 5242023.5 ], [ 576033.0, 5242023.5 ], [ 576033.0, 5242024.0 ], [ 576034.0, 5242024.0 ], [ 576034.0, 5242024.5 ], [ 576034.5, 5242024.5 ], [ 576034.5, 5242025.0 ], [ 576035.0, 5242025.0 ], [ 576035.0, 5242025.5 ], [ 576035.5, 5242025.5 ], [ 576035.5, 5242026.0 ], [ 576036.0, 5242026.0 ], [ 576036.0, 5242026.5 ], [ 576037.0, 5242026.5 ], [ 576037.0, 5242026.0 ], [ 576037.5, 5242026.0 ], [ 576037.5, 5242025.5 ], [ 576038.0, 5242025.5 ], [ 576038.0, 5242025.0 ], [ 576038.5, 5242025.0 ], [ 576038.5, 5242024.5 ], [ 576039.0, 5242024.5 ], [ 576039.0, 5242024.0 ], [ 576039.5, 5242024.0 ], [ 576039.5, 5242023.5 ], [ 576040.0, 5242023.5 ], [ 576040.0, 5242023.0 ], [ 576041.0, 5242023.0 ], [ 576041.0, 5242023.5 ], [ 576041.5, 5242023.5 ], [ 576041.5, 5242024.0 ], [ 576042.0, 5242024.0 ], [ 576042.0, 5242024.5 ], [ 576042.5, 5242024.5 ], [ 576042.5, 5242024.0 ], [ 576043.0, 5242024.0 ], [ 576043.0, 5242024.5 ], [ 576043.5, 5242024.5 ], [ 576043.5, 5242025.0 ], [ 576044.0, 5242025.0 ], [ 576044.0, 5242025.5 ], [ 576044.5, 5242025.5 ], [ 576044.5, 5242026.0 ], [ 576045.0, 5242026.0 ], [ 576045.0, 5242026.5 ], [ 576046.0, 5242026.5 ], [ 576046.0, 5242026.0 ], [ 576046.5, 5242026.0 ], [ 576046.5, 5242025.5 ], [ 576047.0, 5242025.5 ], [ 576047.0, 5242025.0 ], [ 576047.5, 5242025.0 ], [ 576047.5, 5242024.5 ], [ 576048.0, 5242024.5 ], [ 576048.0, 5242024.0 ], [ 576049.0, 5242024.0 ], [ 576049.0, 5242024.5 ], [ 576050.0, 5242024.5 ], [ 576050.0, 5242024.0 ], [ 576050.5, 5242024.0 ], [ 576050.5, 5242023.5 ], [ 576051.0, 5242023.5 ], [ 576051.0, 5242023.0 ], [ 576051.5, 5242023.0 ], [ 576051.5, 5242023.5 ], [ 576052.0, 5242023.5 ], [ 576052.0, 5242024.0 ], [ 576053.0, 5242024.0 ], [ 576053.0, 5242023.5 ], [ 576053.5, 5242023.5 ], [ 576053.5, 5242024.0 ], [ 576054.0, 5242024.0 ], [ 576054.0, 5242024.5 ], [ 576054.5, 5242024.5 ], [ 576054.5, 5242024.0 ], [ 576055.0, 5242024.0 ], [ 576055.0, 5242023.5 ], [ 576055.5, 5242023.5 ], [ 576055.5, 5242023.0 ], [ 576056.0, 5242023.0 ], [ 576056.0, 5242023.5 ], [ 576056.5, 5242023.5 ], [ 576056.5, 5242023.0 ], [ 576057.0, 5242023.0 ], [ 576057.0, 5242023.5 ], [ 576057.5, 5242023.5 ], [ 576057.5, 5242024.0 ], [ 576058.0, 5242024.0 ], [ 576058.0, 5242024.5 ], [ 576058.5, 5242024.5 ], [ 576058.5, 5242024.0 ], [ 576059.0, 5242024.0 ], [ 576059.0, 5242024.5 ], [ 576061.0, 5242024.5 ], [ 576061.0, 5242024.0 ], [ 576061.5, 5242024.0 ], [ 576061.5, 5242024.5 ], [ 576062.0, 5242024.5 ], [ 576062.0, 5242025.0 ], [ 576062.5, 5242025.0 ], [ 576062.5, 5242024.5 ], [ 576063.5, 5242024.5 ], [ 576063.5, 5242025.0 ], [ 576064.0, 5242025.0 ], [ 576064.0, 5242025.5 ], [ 576064.5, 5242025.5 ], [ 576064.5, 5242025.0 ], [ 576065.0, 5242025.0 ], [ 576065.0, 5242024.5 ], [ 576065.5, 5242024.5 ], [ 576065.5, 5242024.0 ], [ 576066.0, 5242024.0 ], [ 576066.0, 5242023.5 ], [ 576066.5, 5242023.5 ], [ 576066.5, 5242023.0 ], [ 576068.0, 5242023.0 ], [ 576068.0, 5242023.5 ], [ 576068.5, 5242023.5 ], [ 576068.5, 5242024.0 ], [ 576069.0, 5242024.0 ], [ 576069.0, 5242024.5 ], [ 576070.0, 5242024.5 ], [ 576070.0, 5242024.0 ], [ 576070.5, 5242024.0 ], [ 576070.5, 5242024.5 ], [ 576071.0, 5242024.5 ], [ 576071.0, 5242025.0 ], [ 576071.5, 5242025.0 ], [ 576071.5, 5242024.5 ], [ 576072.0, 5242024.5 ], [ 576072.0, 5242024.0 ], [ 576072.5, 5242024.0 ], [ 576072.5, 5242023.5 ], [ 576073.0, 5242023.5 ], [ 576073.0, 5242023.0 ], [ 576073.5, 5242023.0 ], [ 576073.5, 5242022.5 ], [ 576074.5, 5242022.5 ], [ 576074.5, 5242022.0 ], [ 576075.0, 5242022.0 ], [ 576075.0, 5242021.5 ], [ 576078.0, 5242021.5 ], [ 576078.0, 5242021.0 ], [ 576078.5, 5242021.0 ], [ 576078.5, 5242021.5 ], [ 576079.0, 5242021.5 ], [ 576079.0, 5242022.0 ], [ 576079.5, 5242022.0 ], [ 576079.5, 5242022.5 ], [ 576080.5, 5242022.5 ], [ 576080.5, 5242023.0 ], [ 576081.0, 5242023.0 ], [ 576081.0, 5242023.5 ], [ 576081.5, 5242023.5 ], [ 576081.5, 5242023.0 ], [ 576082.0, 5242023.0 ], [ 576082.0, 5242022.5 ], [ 576082.5, 5242022.5 ], [ 576082.5, 5242022.0 ], [ 576083.5, 5242022.0 ], [ 576083.5, 5242022.5 ], [ 576084.0, 5242022.5 ], [ 576084.0, 5242023.0 ], [ 576083.5, 5242023.0 ], [ 576083.5, 5242024.0 ], [ 576083.0, 5242024.0 ], [ 576083.0, 5242025.0 ], [ 576083.5, 5242025.0 ], [ 576083.5, 5242025.5 ], [ 576084.0, 5242025.5 ], [ 576084.0, 5242026.0 ], [ 576084.5, 5242026.0 ], [ 576084.5, 5242026.5 ], [ 576085.0, 5242026.5 ], [ 576085.0, 5242027.5 ], [ 576084.5, 5242027.5 ], [ 576084.5, 5242029.5 ], [ 576084.0, 5242029.5 ], [ 576084.0, 5242030.0 ], [ 576083.5, 5242030.0 ], [ 576083.5, 5242030.5 ], [ 576083.0, 5242030.5 ], [ 576083.0, 5242031.0 ], [ 576083.5, 5242031.0 ], [ 576083.5, 5242031.5 ], [ 576084.0, 5242031.5 ], [ 576084.0, 5242032.0 ], [ 576084.5, 5242032.0 ], [ 576084.5, 5242032.5 ], [ 576085.0, 5242032.5 ], [ 576085.0, 5242033.0 ], [ 576085.5, 5242033.0 ], [ 576085.5, 5242033.5 ], [ 576086.0, 5242033.5 ], [ 576086.0, 5242034.0 ], [ 576086.5, 5242034.0 ], [ 576086.5, 5242034.5 ], [ 576087.0, 5242034.5 ], [ 576087.0, 5242035.0 ], [ 576087.5, 5242035.0 ], [ 576087.5, 5242035.5 ], [ 576088.0, 5242035.5 ], [ 576088.0, 5242036.0 ], [ 576088.5, 5242036.0 ], [ 576088.5, 5242036.5 ], [ 576090.5, 5242036.5 ], [ 576090.5, 5242037.0 ], [ 576091.5, 5242037.0 ], [ 576091.5, 5242037.5 ], [ 576092.0, 5242037.5 ], [ 576092.0, 5242038.0 ], [ 576092.5, 5242038.0 ], [ 576092.5, 5242037.5 ], [ 576093.0, 5242037.5 ], [ 576093.0, 5242037.0 ], [ 576094.5, 5242037.0 ], [ 576094.5, 5242036.5 ], [ 576095.0, 5242036.5 ], [ 576095.0, 5242036.0 ], [ 576095.5, 5242036.0 ], [ 576095.5, 5242035.5 ], [ 576096.0, 5242035.5 ], [ 576096.0, 5242035.0 ], [ 576096.5, 5242035.0 ], [ 576096.5, 5242034.5 ], [ 576097.0, 5242034.5 ], [ 576097.0, 5242034.0 ], [ 576097.5, 5242034.0 ], [ 576097.5, 5242033.5 ], [ 576098.0, 5242033.5 ], [ 576098.0, 5242033.0 ], [ 576098.5, 5242033.0 ], [ 576098.5, 5242032.5 ], [ 576099.0, 5242032.5 ], [ 576099.0, 5242032.0 ], [ 576099.5, 5242032.0 ], [ 576099.5, 5242031.5 ], [ 576099.0, 5242031.5 ], [ 576099.0, 5242031.0 ], [ 576098.5, 5242031.0 ], [ 576098.5, 5242030.5 ], [ 576098.0, 5242030.5 ], [ 576098.0, 5242029.5 ], [ 576097.5, 5242029.5 ], [ 576097.5, 5242029.0 ], [ 576097.0, 5242029.0 ], [ 576097.0, 5242028.5 ], [ 576096.5, 5242028.5 ], [ 576096.5, 5242028.0 ], [ 576096.0, 5242028.0 ], [ 576096.0, 5242027.5 ], [ 576095.5, 5242027.5 ], [ 576095.5, 5242027.0 ], [ 576095.0, 5242027.0 ], [ 576095.0, 5242026.5 ], [ 576095.5, 5242026.5 ], [ 576095.5, 5242025.0 ], [ 576096.0, 5242025.0 ], [ 576096.0, 5242024.5 ], [ 576096.5, 5242024.5 ], [ 576096.5, 5242024.0 ], [ 576097.0, 5242024.0 ], [ 576097.0, 5242023.0 ], [ 576096.5, 5242023.0 ], [ 576096.5, 5242022.5 ], [ 576097.0, 5242022.5 ], [ 576097.0, 5242021.5 ], [ 576097.5, 5242021.5 ], [ 576097.5, 5242021.0 ], [ 576098.0, 5242021.0 ], [ 576098.0, 5242020.0 ], [ 576098.5, 5242020.0 ], [ 576098.5, 5242019.5 ], [ 576099.0, 5242019.5 ], [ 576099.0, 5242019.0 ], [ 576099.5, 5242019.0 ], [ 576099.5, 5242018.5 ], [ 576100.0, 5242018.5 ], [ 576100.0, 5242018.0 ], [ 576100.5, 5242018.0 ], [ 576100.5, 5242017.5 ], [ 576101.0, 5242017.5 ], [ 576101.0, 5242017.0 ], [ 576101.5, 5242017.0 ], [ 576101.5, 5242016.5 ], [ 576102.0, 5242016.5 ], [ 576102.0, 5242016.0 ], [ 576102.5, 5242016.0 ], [ 576102.5, 5242015.5 ], [ 576103.0, 5242015.5 ], [ 576103.0, 5242015.0 ], [ 576103.5, 5242015.0 ], [ 576103.5, 5242013.5 ], [ 576103.0, 5242013.5 ], [ 576103.0, 5242013.0 ], [ 576102.5, 5242013.0 ], [ 576102.5, 5242012.5 ], [ 576102.0, 5242012.5 ], [ 576102.0, 5242012.0 ], [ 576102.5, 5242012.0 ], [ 576102.5, 5242011.0 ], [ 576103.0, 5242011.0 ], [ 576103.0, 5242010.5 ], [ 576103.5, 5242010.5 ], [ 576103.5, 5242010.0 ], [ 576104.0, 5242010.0 ], [ 576104.0, 5242009.5 ], [ 576104.5, 5242009.5 ], [ 576104.5, 5242009.0 ], [ 576105.0, 5242009.0 ], [ 576105.0, 5242009.5 ], [ 576105.5, 5242009.5 ], [ 576105.5, 5242009.0 ], [ 576107.0, 5242009.0 ], [ 576107.0, 5242009.5 ], [ 576108.5, 5242009.5 ], [ 576108.5, 5242009.0 ], [ 576109.0, 5242009.0 ], [ 576109.0, 5242008.5 ], [ 576109.5, 5242008.5 ], [ 576109.5, 5242008.0 ], [ 576110.0, 5242008.0 ], [ 576110.0, 5242007.5 ], [ 576110.5, 5242007.5 ], [ 576110.5, 5242007.0 ], [ 576112.5, 5242007.0 ], [ 576112.5, 5242006.5 ], [ 576113.0, 5242006.5 ], [ 576113.0, 5242006.0 ], [ 576113.5, 5242006.0 ], [ 576113.5, 5242005.5 ], [ 576114.0, 5242005.5 ], [ 576114.0, 5242006.0 ], [ 576114.5, 5242006.0 ], [ 576114.5, 5242006.5 ], [ 576115.5, 5242006.5 ], [ 576115.5, 5242006.0 ], [ 576116.0, 5242006.0 ], [ 576116.0, 5242005.5 ], [ 576116.5, 5242005.5 ], [ 576116.5, 5242005.0 ], [ 576117.0, 5242005.0 ], [ 576117.0, 5242004.5 ], [ 576117.5, 5242004.5 ], [ 576117.5, 5242004.0 ], [ 576118.0, 5242004.0 ], [ 576118.0, 5242003.5 ], [ 576118.5, 5242003.5 ], [ 576118.5, 5242003.0 ], [ 576119.0, 5242003.0 ], [ 576119.0, 5242002.5 ], [ 576119.5, 5242002.5 ], [ 576119.5, 5242002.0 ], [ 576120.0, 5242002.0 ], [ 576120.0, 5242001.5 ], [ 576120.5, 5242001.5 ], [ 576120.5, 5242000.5 ], [ 576120.0, 5242000.5 ], [ 576120.0, 5242000.0 ], [ 576119.5, 5242000.0 ], [ 576119.5, 5241999.5 ], [ 576119.0, 5241999.5 ], [ 576119.0, 5241997.5 ], [ 576119.5, 5241997.5 ], [ 576119.5, 5241997.0 ], [ 576120.0, 5241997.0 ], [ 576120.0, 5241996.5 ], [ 576120.5, 5241996.5 ], [ 576120.5, 5241996.0 ], [ 576121.0, 5241996.0 ], [ 576121.0, 5241995.5 ], [ 576121.5, 5241995.5 ], [ 576121.5, 5241995.0 ], [ 576121.0, 5241995.0 ], [ 576121.0, 5241994.5 ], [ 576120.5, 5241994.5 ], [ 576120.5, 5241994.0 ], [ 576120.0, 5241994.0 ], [ 576120.0, 5241993.5 ], [ 576119.5, 5241993.5 ], [ 576119.5, 5241992.0 ], [ 576120.0, 5241992.0 ], [ 576120.0, 5241991.5 ], [ 576120.5, 5241991.5 ], [ 576120.5, 5241991.0 ], [ 576121.0, 5241991.0 ], [ 576121.0, 5241991.5 ], [ 576121.5, 5241991.5 ], [ 576121.5, 5241992.5 ], [ 576122.0, 5241992.5 ], [ 576122.0, 5241993.0 ], [ 576122.5, 5241993.0 ], [ 576122.5, 5241993.5 ], [ 576123.0, 5241993.5 ], [ 576123.0, 5241994.0 ], [ 576123.5, 5241994.0 ], [ 576123.5, 5241994.5 ], [ 576124.0, 5241994.5 ], [ 576124.0, 5241995.0 ], [ 576124.5, 5241995.0 ], [ 576124.5, 5241995.5 ], [ 576125.0, 5241995.5 ], [ 576125.0, 5241996.0 ], [ 576125.5, 5241996.0 ], [ 576125.5, 5241996.5 ], [ 576126.0, 5241996.5 ], [ 576126.0, 5241997.0 ], [ 576126.5, 5241997.0 ], [ 576126.5, 5241997.5 ], [ 576127.0, 5241997.5 ], [ 576127.0, 5241998.0 ], [ 576127.5, 5241998.0 ], [ 576127.5, 5241998.5 ], [ 576128.0, 5241998.5 ], [ 576128.0, 5241999.0 ], [ 576128.5, 5241999.0 ], [ 576128.5, 5241999.5 ], [ 576129.0, 5241999.5 ], [ 576129.0, 5242000.0 ], [ 576129.5, 5242000.0 ], [ 576129.5, 5242000.5 ], [ 576130.0, 5242000.5 ], [ 576130.0, 5242001.0 ], [ 576131.0, 5242001.0 ], [ 576131.0, 5242000.5 ], [ 576132.0, 5242000.5 ], [ 576132.0, 5242000.0 ], [ 576132.5, 5242000.0 ], [ 576132.5, 5241999.5 ], [ 576133.0, 5241999.5 ], [ 576133.0, 5241999.0 ], [ 576133.5, 5241999.0 ], [ 576133.5, 5241998.5 ], [ 576134.0, 5241998.5 ], [ 576134.0, 5241998.0 ], [ 576134.5, 5241998.0 ], [ 576134.5, 5241997.5 ], [ 576135.0, 5241997.5 ], [ 576135.0, 5241997.0 ], [ 576135.5, 5241997.0 ], [ 576135.5, 5241996.5 ], [ 576136.0, 5241996.5 ], [ 576136.0, 5241996.0 ], [ 576136.5, 5241996.0 ], [ 576136.5, 5241995.5 ], [ 576137.0, 5241995.5 ], [ 576137.0, 5241995.0 ], [ 576137.5, 5241995.0 ], [ 576137.5, 5241992.0 ], [ 576137.0, 5241992.0 ], [ 576137.0, 5241991.5 ], [ 576137.5, 5241991.5 ], [ 576137.5, 5241991.0 ], [ 576138.0, 5241991.0 ], [ 576138.0, 5241990.5 ], [ 576138.5, 5241990.5 ], [ 576138.5, 5241990.0 ], [ 576139.0, 5241990.0 ], [ 576139.0, 5241989.5 ], [ 576139.5, 5241989.5 ], [ 576139.5, 5241988.5 ], [ 576139.0, 5241988.5 ], [ 576139.0, 5241988.0 ], [ 576138.5, 5241988.0 ], [ 576138.5, 5241987.5 ], [ 576138.0, 5241987.5 ], [ 576138.0, 5241987.0 ], [ 576137.5, 5241987.0 ], [ 576137.5, 5241986.5 ], [ 576137.0, 5241986.5 ], [ 576137.0, 5241986.0 ], [ 576136.5, 5241986.0 ], [ 576136.5, 5241985.5 ], [ 576136.0, 5241985.5 ], [ 576136.0, 5241985.0 ], [ 576135.5, 5241985.0 ], [ 576135.5, 5241984.5 ], [ 576135.0, 5241984.5 ], [ 576135.0, 5241984.0 ], [ 576135.5, 5241984.0 ], [ 576135.5, 5241983.5 ], [ 576136.0, 5241983.5 ], [ 576136.0, 5241983.0 ], [ 576136.5, 5241983.0 ], [ 576136.5, 5241982.0 ], [ 576137.0, 5241982.0 ], [ 576137.0, 5241981.5 ], [ 576137.5, 5241981.5 ], [ 576137.5, 5241981.0 ], [ 576138.0, 5241981.0 ], [ 576138.0, 5241980.5 ], [ 576138.5, 5241980.5 ], [ 576138.5, 5241980.0 ], [ 576139.0, 5241980.0 ], [ 576139.0, 5241979.5 ], [ 576139.5, 5241979.5 ], [ 576139.5, 5241979.0 ], [ 576140.0, 5241979.0 ], [ 576140.0, 5241978.5 ], [ 576140.5, 5241978.5 ], [ 576140.5, 5241978.0 ], [ 576141.0, 5241978.0 ], [ 576141.0, 5241977.5 ], [ 576141.5, 5241977.5 ], [ 576141.5, 5241977.0 ], [ 576142.0, 5241977.0 ], [ 576142.0, 5241976.5 ], [ 576142.5, 5241976.5 ], [ 576142.5, 5241976.0 ], [ 576143.0, 5241976.0 ], [ 576143.0, 5241975.5 ], [ 576143.5, 5241975.5 ], [ 576143.5, 5241975.0 ], [ 576144.0, 5241975.0 ], [ 576144.0, 5241974.5 ], [ 576144.5, 5241974.5 ], [ 576144.5, 5241974.0 ], [ 576145.0, 5241974.0 ], [ 576145.0, 5241973.5 ], [ 576145.5, 5241973.5 ], [ 576145.5, 5241973.0 ], [ 576146.0, 5241973.0 ], [ 576146.0, 5241972.5 ], [ 576146.5, 5241972.5 ], [ 576146.5, 5241972.0 ], [ 576147.0, 5241972.0 ], [ 576147.0, 5241971.5 ], [ 576147.5, 5241971.5 ], [ 576147.5, 5241971.0 ], [ 576148.0, 5241971.0 ], [ 576148.0, 5241970.5 ], [ 576148.5, 5241970.5 ], [ 576148.5, 5241969.5 ], [ 576149.0, 5241969.5 ], [ 576149.0, 5241969.0 ], [ 576149.5, 5241969.0 ], [ 576149.5, 5241968.5 ], [ 576150.0, 5241968.5 ], [ 576150.0, 5241968.0 ], [ 576150.5, 5241968.0 ], [ 576150.5, 5241967.5 ], [ 576151.0, 5241967.5 ], [ 576151.0, 5241967.0 ], [ 576151.5, 5241967.0 ], [ 576151.5, 5241966.5 ], [ 576152.0, 5241966.5 ], [ 576152.0, 5241966.0 ], [ 576152.5, 5241966.0 ], [ 576152.5, 5241965.5 ], [ 576152.0, 5241965.5 ], [ 576152.0, 5241965.0 ], [ 576151.5, 5241965.0 ], [ 576151.5, 5241964.5 ], [ 576151.0, 5241964.5 ], [ 576151.0, 5241963.5 ], [ 576151.5, 5241963.5 ], [ 576151.5, 5241963.0 ], [ 576151.0, 5241963.0 ], [ 576151.0, 5241962.0 ], [ 576151.5, 5241962.0 ], [ 576151.5, 5241961.5 ], [ 576151.0, 5241961.5 ], [ 576151.0, 5241960.5 ], [ 576150.5, 5241960.5 ], [ 576150.5, 5241960.0 ], [ 576151.0, 5241960.0 ], [ 576151.0, 5241959.5 ], [ 576151.5, 5241959.5 ], [ 576151.5, 5241959.0 ], [ 576152.0, 5241959.0 ], [ 576152.0, 5241958.0 ], [ 576151.5, 5241958.0 ], [ 576151.5, 5241957.0 ], [ 576151.0, 5241957.0 ], [ 576151.0, 5241956.0 ], [ 576151.5, 5241956.0 ], [ 576151.5, 5241955.5 ], [ 576152.0, 5241955.5 ], [ 576152.0, 5241955.0 ], [ 576152.5, 5241955.0 ], [ 576152.5, 5241954.5 ], [ 576153.0, 5241954.5 ], [ 576153.0, 5241954.0 ], [ 576153.5, 5241954.0 ], [ 576153.5, 5241953.5 ], [ 576154.0, 5241953.5 ], [ 576154.0, 5241953.0 ], [ 576154.5, 5241953.0 ], [ 576154.5, 5241952.5 ], [ 576155.0, 5241952.5 ], [ 576155.0, 5241952.0 ], [ 576154.5, 5241952.0 ], [ 576154.5, 5241951.0 ], [ 576155.0, 5241951.0 ], [ 576155.0, 5241950.5 ], [ 576155.5, 5241950.5 ], [ 576155.5, 5241950.0 ], [ 576156.0, 5241950.0 ], [ 576156.0, 5241949.5 ], [ 576156.5, 5241949.5 ], [ 576156.5, 5241949.0 ], [ 576157.0, 5241949.0 ], [ 576157.0, 5241948.0 ], [ 576156.5, 5241948.0 ], [ 576156.5, 5241947.5 ], [ 576156.0, 5241947.5 ], [ 576156.0, 5241947.0 ], [ 576155.5, 5241947.0 ], [ 576155.5, 5241946.0 ], [ 576155.0, 5241946.0 ], [ 576155.0, 5241945.5 ], [ 576154.5, 5241945.5 ], [ 576154.5, 5241945.0 ], [ 576154.0, 5241945.0 ], [ 576154.0, 5241944.5 ], [ 576153.5, 5241944.5 ], [ 576153.5, 5241944.0 ], [ 576153.0, 5241944.0 ], [ 576153.0, 5241943.5 ], [ 576152.5, 5241943.5 ], [ 576152.5, 5241943.0 ], [ 576152.0, 5241943.0 ], [ 576152.0, 5241942.0 ], [ 576152.5, 5241942.0 ], [ 576152.5, 5241941.5 ], [ 576152.0, 5241941.5 ], [ 576152.0, 5241940.5 ], [ 576151.5, 5241940.5 ], [ 576151.5, 5241940.0 ], [ 576151.0, 5241940.0 ], [ 576151.0, 5241939.5 ], [ 576150.5, 5241939.5 ], [ 576150.5, 5241939.0 ], [ 576150.0, 5241939.0 ], [ 576150.0, 5241938.5 ], [ 576149.5, 5241938.5 ], [ 576149.5, 5241938.0 ], [ 576149.0, 5241938.0 ], [ 576149.0, 5241937.5 ], [ 576148.5, 5241937.5 ], [ 576148.5, 5241937.0 ], [ 576148.0, 5241937.0 ], [ 576148.0, 5241936.5 ], [ 576147.5, 5241936.5 ], [ 576147.5, 5241935.5 ], [ 576147.0, 5241935.5 ], [ 576147.0, 5241935.0 ], [ 576146.5, 5241935.0 ], [ 576146.5, 5241934.5 ], [ 576146.0, 5241934.5 ], [ 576146.0, 5241934.0 ], [ 576145.5, 5241934.0 ], [ 576145.5, 5241933.5 ], [ 576145.0, 5241933.5 ], [ 576145.0, 5241933.0 ], [ 576144.5, 5241933.0 ], [ 576144.5, 5241932.5 ], [ 576144.0, 5241932.5 ], [ 576144.0, 5241931.0 ], [ 576143.5, 5241931.0 ], [ 576143.5, 5241930.5 ], [ 576143.0, 5241930.5 ], [ 576143.0, 5241930.0 ], [ 576142.5, 5241930.0 ], [ 576142.5, 5241928.0 ], [ 576142.0, 5241928.0 ], [ 576142.0, 5241927.0 ], [ 576142.5, 5241927.0 ], [ 576142.5, 5241926.5 ], [ 576143.0, 5241926.5 ], [ 576143.0, 5241926.0 ], [ 576142.5, 5241926.0 ], [ 576142.5, 5241925.5 ], [ 576142.0, 5241925.5 ], [ 576142.0, 5241925.0 ], [ 576141.5, 5241925.0 ], [ 576141.5, 5241924.5 ], [ 576141.0, 5241924.5 ], [ 576141.0, 5241923.5 ], [ 576140.5, 5241923.5 ], [ 576140.5, 5241923.0 ], [ 576141.0, 5241923.0 ], [ 576141.0, 5241922.5 ], [ 576141.5, 5241922.5 ], [ 576141.5, 5241922.0 ], [ 576142.0, 5241922.0 ], [ 576142.0, 5241921.5 ], [ 576141.5, 5241921.5 ], [ 576141.5, 5241920.5 ], [ 576141.0, 5241920.5 ], [ 576141.0, 5241920.0 ], [ 576140.5, 5241920.0 ], [ 576140.5, 5241919.0 ], [ 576141.0, 5241919.0 ], [ 576141.0, 5241918.5 ], [ 576140.5, 5241918.5 ], [ 576140.5, 5241918.0 ], [ 576140.0, 5241918.0 ], [ 576140.0, 5241917.5 ], [ 576139.5, 5241917.5 ], [ 576139.5, 5241917.0 ], [ 576139.0, 5241917.0 ], [ 576139.0, 5241916.5 ], [ 576138.5, 5241916.5 ], [ 576138.5, 5241916.0 ], [ 576138.0, 5241916.0 ], [ 576138.0, 5241915.5 ], [ 576137.5, 5241915.5 ], [ 576137.5, 5241915.0 ], [ 576137.0, 5241915.0 ], [ 576137.0, 5241914.0 ], [ 576136.5, 5241914.0 ], [ 576136.5, 5241913.5 ], [ 576136.0, 5241913.5 ], [ 576136.0, 5241913.0 ], [ 576135.5, 5241913.0 ], [ 576135.5, 5241912.5 ], [ 576135.0, 5241912.5 ], [ 576135.0, 5241912.0 ], [ 576134.5, 5241912.0 ], [ 576134.5, 5241911.5 ], [ 576134.0, 5241911.5 ], [ 576134.0, 5241911.0 ], [ 576133.5, 5241911.0 ], [ 576133.5, 5241910.5 ], [ 576133.0, 5241910.5 ], [ 576133.0, 5241910.0 ], [ 576132.5, 5241910.0 ], [ 576132.5, 5241909.5 ], [ 576132.0, 5241909.5 ], [ 576132.0, 5241909.0 ], [ 576131.0, 5241909.0 ], [ 576131.0, 5241909.5 ], [ 576130.5, 5241909.5 ], [ 576130.5, 5241910.0 ], [ 576130.0, 5241910.0 ], [ 576130.0, 5241910.5 ], [ 576129.5, 5241910.5 ], [ 576129.5, 5241911.0 ], [ 576129.0, 5241911.0 ], [ 576129.0, 5241911.5 ], [ 576128.5, 5241911.5 ], [ 576128.5, 5241912.0 ], [ 576128.0, 5241912.0 ], [ 576128.0, 5241912.5 ], [ 576127.5, 5241912.5 ], [ 576127.5, 5241913.0 ], [ 576127.0, 5241913.0 ], [ 576127.0, 5241913.5 ], [ 576126.5, 5241913.5 ], [ 576126.5, 5241914.0 ], [ 576126.0, 5241914.0 ], [ 576126.0, 5241914.5 ], [ 576125.5, 5241914.5 ], [ 576125.5, 5241914.0 ], [ 576125.0, 5241914.0 ], [ 576125.0, 5241911.5 ], [ 576124.5, 5241911.5 ], [ 576124.5, 5241911.0 ], [ 576124.0, 5241911.0 ], [ 576124.0, 5241910.5 ], [ 576123.5, 5241910.5 ], [ 576123.5, 5241910.0 ], [ 576123.0, 5241910.0 ], [ 576123.0, 5241909.5 ], [ 576122.5, 5241909.5 ], [ 576122.5, 5241909.0 ], [ 576122.0, 5241909.0 ], [ 576122.0, 5241908.5 ], [ 576121.5, 5241908.5 ], [ 576121.5, 5241908.0 ], [ 576121.0, 5241908.0 ], [ 576121.0, 5241907.5 ], [ 576120.5, 5241907.5 ], [ 576120.5, 5241907.0 ], [ 576120.0, 5241907.0 ], [ 576120.0, 5241906.5 ], [ 576119.5, 5241906.5 ], [ 576119.5, 5241906.0 ], [ 576119.0, 5241906.0 ], [ 576119.0, 5241905.5 ], [ 576118.5, 5241905.5 ], [ 576118.5, 5241905.0 ], [ 576118.0, 5241905.0 ], [ 576118.0, 5241904.5 ], [ 576117.5, 5241904.5 ], [ 576117.5, 5241904.0 ], [ 576117.0, 5241904.0 ], [ 576117.0, 5241903.5 ], [ 576116.5, 5241903.5 ], [ 576116.5, 5241903.0 ], [ 576116.0, 5241903.0 ], [ 576116.0, 5241902.5 ], [ 576115.5, 5241902.5 ], [ 576115.5, 5241902.0 ], [ 576115.0, 5241902.0 ], [ 576115.0, 5241901.5 ], [ 576114.5, 5241901.5 ], [ 576114.5, 5241902.0 ], [ 576114.0, 5241902.0 ], [ 576114.0, 5241902.5 ], [ 576113.5, 5241902.5 ], [ 576113.5, 5241903.0 ], [ 576113.0, 5241903.0 ], [ 576113.0, 5241903.5 ], [ 576112.0, 5241903.5 ], [ 576112.0, 5241903.0 ], [ 576111.5, 5241903.0 ], [ 576111.5, 5241902.0 ], [ 576112.0, 5241902.0 ], [ 576112.0, 5241901.0 ], [ 576112.5, 5241901.0 ], [ 576112.5, 5241900.5 ], [ 576113.0, 5241900.5 ], [ 576113.0, 5241900.0 ], [ 576113.5, 5241900.0 ], [ 576113.5, 5241899.5 ], [ 576114.0, 5241899.5 ], [ 576114.0, 5241899.0 ], [ 576114.5, 5241899.0 ], [ 576114.5, 5241898.5 ], [ 576114.0, 5241898.5 ], [ 576114.0, 5241898.0 ], [ 576113.5, 5241898.0 ], [ 576113.5, 5241897.5 ], [ 576113.0, 5241897.5 ], [ 576113.0, 5241896.5 ], [ 576113.5, 5241896.5 ], [ 576113.5, 5241896.0 ], [ 576113.0, 5241896.0 ], [ 576113.0, 5241895.5 ], [ 576113.5, 5241895.5 ], [ 576113.5, 5241895.0 ], [ 576116.5, 5241895.0 ], [ 576116.5, 5241895.5 ], [ 576117.0, 5241895.5 ], [ 576117.0, 5241895.0 ], [ 576117.5, 5241895.0 ], [ 576117.5, 5241895.5 ], [ 576118.5, 5241895.5 ], [ 576118.5, 5241896.0 ], [ 576119.0, 5241896.0 ], [ 576119.0, 5241895.5 ], [ 576120.0, 5241895.5 ], [ 576120.0, 5241896.0 ], [ 576120.5, 5241896.0 ], [ 576120.5, 5241895.5 ], [ 576121.0, 5241895.5 ], [ 576121.0, 5241896.0 ], [ 576123.5, 5241896.0 ], [ 576123.5, 5241896.5 ], [ 576124.5, 5241896.5 ], [ 576124.5, 5241896.0 ], [ 576125.0, 5241896.0 ], [ 576125.0, 5241896.5 ], [ 576126.5, 5241896.5 ], [ 576126.5, 5241897.0 ], [ 576127.0, 5241897.0 ], [ 576127.0, 5241897.5 ], [ 576127.5, 5241897.5 ], [ 576127.5, 5241898.0 ], [ 576128.0, 5241898.0 ], [ 576128.0, 5241897.5 ], [ 576128.5, 5241897.5 ], [ 576128.5, 5241898.0 ], [ 576129.0, 5241898.0 ], [ 576129.0, 5241898.5 ], [ 576129.5, 5241898.5 ], [ 576129.5, 5241899.0 ], [ 576130.0, 5241899.0 ], [ 576130.0, 5241899.5 ], [ 576130.5, 5241899.5 ], [ 576130.5, 5241900.0 ], [ 576131.0, 5241900.0 ], [ 576131.0, 5241900.5 ], [ 576131.5, 5241900.5 ], [ 576131.5, 5241901.0 ], [ 576132.0, 5241901.0 ], [ 576132.0, 5241901.5 ], [ 576132.5, 5241901.5 ], [ 576132.5, 5241902.0 ], [ 576133.0, 5241902.0 ], [ 576133.0, 5241902.5 ], [ 576134.0, 5241902.5 ], [ 576134.0, 5241902.0 ], [ 576134.5, 5241902.0 ], [ 576134.5, 5241901.5 ], [ 576135.0, 5241901.5 ], [ 576135.0, 5241901.0 ], [ 576135.5, 5241901.0 ], [ 576135.5, 5241900.5 ], [ 576136.0, 5241900.5 ], [ 576136.0, 5241900.0 ], [ 576136.5, 5241900.0 ], [ 576136.5, 5241899.5 ], [ 576137.0, 5241899.5 ], [ 576137.0, 5241899.0 ], [ 576137.5, 5241899.0 ], [ 576137.5, 5241899.5 ], [ 576138.5, 5241899.5 ], [ 576138.5, 5241900.0 ], [ 576139.0, 5241900.0 ], [ 576139.0, 5241899.5 ], [ 576139.5, 5241899.5 ], [ 576139.5, 5241900.0 ], [ 576140.0, 5241900.0 ], [ 576140.0, 5241899.5 ], [ 576141.0, 5241899.5 ], [ 576141.0, 5241900.0 ], [ 576142.0, 5241900.0 ], [ 576142.0, 5241900.5 ], [ 576143.5, 5241900.5 ], [ 576143.5, 5241900.0 ], [ 576144.0, 5241900.0 ], [ 576144.0, 5241899.5 ], [ 576144.5, 5241899.5 ], [ 576144.5, 5241900.0 ], [ 576145.0, 5241900.0 ], [ 576145.0, 5241900.5 ], [ 576145.5, 5241900.5 ], [ 576145.5, 5241900.0 ], [ 576146.0, 5241900.0 ], [ 576146.0, 5241900.5 ], [ 576146.5, 5241900.5 ], [ 576146.5, 5241900.0 ], [ 576147.0, 5241900.0 ], [ 576147.0, 5241900.5 ], [ 576147.5, 5241900.5 ], [ 576147.5, 5241901.0 ], [ 576147.0, 5241901.0 ], [ 576147.0, 5241901.5 ], [ 576147.5, 5241901.5 ], [ 576147.5, 5241902.0 ], [ 576148.0, 5241902.0 ], [ 576148.0, 5241902.5 ], [ 576148.5, 5241902.5 ], [ 576148.5, 5241903.0 ], [ 576149.0, 5241903.0 ], [ 576149.0, 5241903.5 ], [ 576149.5, 5241903.5 ], [ 576149.5, 5241904.0 ], [ 576150.0, 5241904.0 ], [ 576150.0, 5241904.5 ], [ 576150.5, 5241904.5 ], [ 576150.5, 5241905.0 ], [ 576151.0, 5241905.0 ], [ 576151.0, 5241905.5 ], [ 576151.5, 5241905.5 ], [ 576151.5, 5241906.0 ], [ 576152.0, 5241906.0 ], [ 576152.0, 5241906.5 ], [ 576152.5, 5241906.5 ], [ 576152.5, 5241906.0 ], [ 576153.5, 5241906.0 ], [ 576153.5, 5241906.5 ], [ 576154.0, 5241906.5 ], [ 576154.0, 5241906.0 ], [ 576154.5, 5241906.0 ], [ 576154.5, 5241906.5 ], [ 576155.0, 5241906.5 ], [ 576155.0, 5241906.0 ], [ 576155.5, 5241906.0 ], [ 576155.5, 5241906.5 ], [ 576156.0, 5241906.5 ], [ 576156.0, 5241906.0 ], [ 576156.5, 5241906.0 ], [ 576156.5, 5241905.5 ], [ 576157.0, 5241905.5 ], [ 576157.0, 5241905.0 ], [ 576157.5, 5241905.0 ], [ 576157.5, 5241904.5 ], [ 576158.0, 5241904.5 ], [ 576158.0, 5241904.0 ], [ 576159.0, 5241904.0 ], [ 576159.0, 5241904.5 ], [ 576159.5, 5241904.5 ], [ 576159.5, 5241905.0 ], [ 576161.5, 5241905.0 ], [ 576161.5, 5241905.5 ], [ 576162.5, 5241905.5 ], [ 576162.5, 5241906.0 ], [ 576163.5, 5241906.0 ], [ 576163.5, 5241906.5 ], [ 576164.0, 5241906.5 ], [ 576164.0, 5241907.0 ], [ 576164.5, 5241907.0 ], [ 576164.5, 5241907.5 ], [ 576165.0, 5241907.5 ], [ 576165.0, 5241908.0 ], [ 576166.0, 5241908.0 ], [ 576166.0, 5241908.5 ], [ 576167.5, 5241908.5 ], [ 576167.5, 5241909.0 ], [ 576168.0, 5241909.0 ], [ 576168.0, 5241908.5 ], [ 576168.5, 5241908.5 ], [ 576168.5, 5241908.0 ], [ 576169.0, 5241908.0 ], [ 576169.0, 5241907.5 ], [ 576171.0, 5241907.5 ], [ 576171.0, 5241908.0 ], [ 576171.5, 5241908.0 ], [ 576171.5, 5241908.5 ], [ 576172.0, 5241908.5 ], [ 576172.0, 5241908.0 ], [ 576172.5, 5241908.0 ], [ 576172.5, 5241908.5 ], [ 576173.5, 5241908.5 ], [ 576173.5, 5241909.0 ], [ 576174.0, 5241909.0 ], [ 576174.0, 5241909.5 ], [ 576175.5, 5241909.5 ], [ 576175.5, 5241909.0 ], [ 576176.0, 5241909.0 ], [ 576176.0, 5241909.5 ], [ 576179.0, 5241909.5 ], [ 576179.0, 5241910.0 ], [ 576179.5, 5241910.0 ], [ 576179.5, 5241910.5 ], [ 576180.0, 5241910.5 ], [ 576180.0, 5241910.0 ], [ 576181.5, 5241910.0 ], [ 576181.5, 5241910.5 ], [ 576182.0, 5241910.5 ], [ 576182.0, 5241911.0 ], [ 576183.0, 5241911.0 ], [ 576183.0, 5241911.5 ], [ 576185.0, 5241911.5 ], [ 576185.0, 5241911.0 ], [ 576186.0, 5241911.0 ], [ 576186.0, 5241911.5 ], [ 576186.5, 5241911.5 ], [ 576186.5, 5241912.0 ], [ 576187.0, 5241912.0 ], [ 576187.0, 5241912.5 ], [ 576187.5, 5241912.5 ], [ 576187.5, 5241913.0 ], [ 576188.0, 5241913.0 ], [ 576188.0, 5241913.5 ], [ 576189.5, 5241913.5 ], [ 576189.5, 5241913.0 ], [ 576192.0, 5241913.0 ], [ 576192.0, 5241913.5 ], [ 576193.0, 5241913.5 ], [ 576193.0, 5241914.0 ], [ 576193.5, 5241914.0 ], [ 576193.5, 5241914.5 ], [ 576194.5, 5241914.5 ], [ 576194.5, 5241915.0 ], [ 576195.5, 5241915.0 ], [ 576195.5, 5241915.5 ], [ 576196.5, 5241915.5 ], [ 576196.5, 5241916.0 ], [ 576197.5, 5241916.0 ], [ 576197.5, 5241916.5 ], [ 576198.0, 5241916.5 ], [ 576198.0, 5241917.0 ], [ 576198.5, 5241917.0 ], [ 576198.5, 5241917.5 ], [ 576199.0, 5241917.5 ], [ 576199.0, 5241918.0 ], [ 576199.5, 5241918.0 ], [ 576199.5, 5241918.5 ], [ 576200.0, 5241918.5 ], [ 576200.0, 5241919.0 ], [ 576200.5, 5241919.0 ], [ 576200.5, 5241919.5 ], [ 576201.0, 5241919.5 ], [ 576201.0, 5241920.0 ], [ 576201.5, 5241920.0 ], [ 576201.5, 5241920.5 ], [ 576202.0, 5241920.5 ], [ 576202.0, 5241921.0 ], [ 576202.5, 5241921.0 ], [ 576202.5, 5241921.5 ], [ 576203.0, 5241921.5 ], [ 576203.0, 5241921.0 ], [ 576203.5, 5241921.0 ], [ 576203.5, 5241920.5 ], [ 576204.0, 5241920.5 ], [ 576204.0, 5241920.0 ], [ 576204.5, 5241920.0 ], [ 576204.5, 5241920.5 ], [ 576205.0, 5241920.5 ], [ 576205.0, 5241921.0 ], [ 576205.5, 5241921.0 ], [ 576205.5, 5241921.5 ], [ 576206.0, 5241921.5 ], [ 576206.0, 5241922.0 ], [ 576206.5, 5241922.0 ], [ 576206.5, 5241921.5 ], [ 576207.0, 5241921.5 ], [ 576207.0, 5241922.0 ], [ 576207.5, 5241922.0 ], [ 576207.5, 5241921.5 ], [ 576210.5, 5241921.5 ], [ 576210.5, 5241922.0 ], [ 576211.0, 5241922.0 ], [ 576211.0, 5241922.5 ], [ 576211.5, 5241922.5 ], [ 576211.5, 5241923.0 ], [ 576212.0, 5241923.0 ], [ 576212.0, 5241923.5 ], [ 576213.0, 5241923.5 ], [ 576213.0, 5241923.0 ], [ 576213.5, 5241923.0 ], [ 576213.5, 5241922.5 ], [ 576214.0, 5241922.5 ], [ 576214.0, 5241922.0 ], [ 576214.5, 5241922.0 ], [ 576214.5, 5241921.5 ], [ 576216.0, 5241921.5 ], [ 576216.0, 5241922.0 ], [ 576217.0, 5241922.0 ], [ 576217.0, 5241922.5 ], [ 576218.0, 5241922.5 ], [ 576218.0, 5241923.0 ], [ 576219.0, 5241923.0 ], [ 576219.0, 5241923.5 ], [ 576219.5, 5241923.5 ], [ 576219.5, 5241924.0 ], [ 576220.0, 5241924.0 ], [ 576220.0, 5241924.5 ], [ 576220.5, 5241924.5 ], [ 576220.5, 5241925.0 ], [ 576221.0, 5241925.0 ], [ 576221.0, 5241925.5 ], [ 576221.5, 5241925.5 ], [ 576221.5, 5241926.0 ], [ 576222.0, 5241926.0 ], [ 576222.0, 5241926.5 ], [ 576222.5, 5241926.5 ], [ 576222.5, 5241927.0 ], [ 576223.0, 5241927.0 ], [ 576223.0, 5241927.5 ], [ 576223.5, 5241927.5 ], [ 576223.5, 5241928.0 ], [ 576224.0, 5241928.0 ], [ 576224.0, 5241928.5 ], [ 576224.5, 5241928.5 ], [ 576224.5, 5241929.0 ], [ 576225.0, 5241929.0 ], [ 576225.0, 5241930.0 ], [ 576225.5, 5241930.0 ], [ 576225.5, 5241930.5 ], [ 576226.0, 5241930.5 ], [ 576226.0, 5241931.0 ], [ 576226.5, 5241931.0 ], [ 576226.5, 5241931.5 ], [ 576227.0, 5241931.5 ], [ 576227.0, 5241932.0 ], [ 576227.5, 5241932.0 ], [ 576227.5, 5241932.5 ], [ 576228.0, 5241932.5 ], [ 576228.0, 5241933.0 ], [ 576228.5, 5241933.0 ], [ 576228.5, 5241934.0 ], [ 576229.0, 5241934.0 ], [ 576229.0, 5241934.5 ], [ 576229.5, 5241934.5 ], [ 576229.5, 5241935.5 ], [ 576230.0, 5241935.5 ], [ 576230.0, 5241936.0 ], [ 576230.5, 5241936.0 ], [ 576230.5, 5241937.0 ], [ 576231.0, 5241937.0 ], [ 576231.0, 5241937.5 ], [ 576231.5, 5241937.5 ], [ 576231.5, 5241938.0 ], [ 576231.0, 5241938.0 ], [ 576231.0, 5241938.5 ], [ 576231.5, 5241938.5 ], [ 576231.5, 5241939.0 ], [ 576232.0, 5241939.0 ], [ 576232.0, 5241939.5 ], [ 576232.5, 5241939.5 ], [ 576232.5, 5241940.5 ], [ 576233.0, 5241940.5 ], [ 576233.0, 5241941.0 ], [ 576232.5, 5241941.0 ], [ 576232.5, 5241941.5 ], [ 576232.0, 5241941.5 ], [ 576232.0, 5241943.0 ], [ 576231.5, 5241943.0 ], [ 576231.5, 5241943.5 ], [ 576231.0, 5241943.5 ], [ 576231.0, 5241944.0 ], [ 576230.5, 5241944.0 ], [ 576230.5, 5241944.5 ], [ 576231.0, 5241944.5 ], [ 576231.0, 5241946.0 ], [ 576231.5, 5241946.0 ], [ 576231.5, 5241947.5 ], [ 576231.0, 5241947.5 ], [ 576231.0, 5241948.0 ], [ 576231.5, 5241948.0 ], [ 576231.5, 5241949.5 ], [ 576232.0, 5241949.5 ], [ 576232.0, 5241950.0 ], [ 576231.5, 5241950.0 ], [ 576231.5, 5241951.5 ], [ 576231.0, 5241951.5 ], [ 576231.0, 5241952.0 ], [ 576230.5, 5241952.0 ], [ 576230.5, 5241952.5 ], [ 576231.0, 5241952.5 ], [ 576231.0, 5241953.0 ], [ 576231.5, 5241953.0 ], [ 576231.5, 5241953.5 ], [ 576232.0, 5241953.5 ], [ 576232.0, 5241954.0 ], [ 576232.5, 5241954.0 ], [ 576232.5, 5241954.5 ], [ 576233.0, 5241954.5 ], [ 576233.0, 5241955.0 ], [ 576233.5, 5241955.0 ], [ 576233.5, 5241955.5 ], [ 576234.0, 5241955.5 ], [ 576234.0, 5241956.0 ], [ 576233.5, 5241956.0 ], [ 576233.5, 5241956.5 ], [ 576233.0, 5241956.5 ], [ 576233.0, 5241957.0 ], [ 576232.5, 5241957.0 ], [ 576232.5, 5241957.5 ], [ 576232.0, 5241957.5 ], [ 576232.0, 5241958.0 ], [ 576231.5, 5241958.0 ], [ 576231.5, 5241958.5 ], [ 576231.0, 5241958.5 ], [ 576231.0, 5241960.0 ], [ 576230.5, 5241960.0 ], [ 576230.5, 5241960.5 ], [ 576230.0, 5241960.5 ], [ 576230.0, 5241961.0 ], [ 576230.5, 5241961.0 ], [ 576230.5, 5241961.5 ], [ 576231.0, 5241961.5 ], [ 576231.0, 5241962.0 ], [ 576231.5, 5241962.0 ], [ 576231.5, 5241962.5 ], [ 576232.0, 5241962.5 ], [ 576232.0, 5241963.5 ], [ 576232.5, 5241963.5 ], [ 576232.5, 5241964.5 ], [ 576232.0, 5241964.5 ], [ 576232.0, 5241965.0 ], [ 576231.5, 5241965.0 ], [ 576231.5, 5241965.5 ], [ 576231.0, 5241965.5 ], [ 576231.0, 5241966.5 ], [ 576231.5, 5241966.5 ], [ 576231.5, 5241967.5 ], [ 576231.0, 5241967.5 ], [ 576231.0, 5241968.5 ], [ 576230.5, 5241968.5 ], [ 576230.5, 5241969.0 ], [ 576230.0, 5241969.0 ], [ 576230.0, 5241970.0 ], [ 576229.5, 5241970.0 ], [ 576229.5, 5241972.0 ], [ 576230.0, 5241972.0 ], [ 576230.0, 5241973.0 ], [ 576229.5, 5241973.0 ], [ 576229.5, 5241973.5 ], [ 576229.0, 5241973.5 ], [ 576229.0, 5241974.5 ], [ 576228.5, 5241974.5 ], [ 576228.5, 5241975.0 ], [ 576228.0, 5241975.0 ], [ 576228.0, 5241975.5 ], [ 576227.5, 5241975.5 ], [ 576227.5, 5241976.0 ], [ 576227.0, 5241976.0 ], [ 576227.0, 5241977.0 ], [ 576227.5, 5241977.0 ], [ 576227.5, 5241978.0 ], [ 576227.0, 5241978.0 ], [ 576227.0, 5241978.5 ], [ 576226.5, 5241978.5 ], [ 576226.5, 5241979.0 ], [ 576226.0, 5241979.0 ], [ 576226.0, 5241980.0 ], [ 576225.5, 5241980.0 ], [ 576225.5, 5241981.5 ], [ 576225.0, 5241981.5 ], [ 576225.0, 5241982.0 ], [ 576224.5, 5241982.0 ], [ 576224.5, 5241983.0 ], [ 576224.0, 5241983.0 ], [ 576224.0, 5241983.5 ], [ 576223.5, 5241983.5 ], [ 576223.5, 5241984.0 ], [ 576224.0, 5241984.0 ], [ 576224.0, 5241984.5 ], [ 576223.5, 5241984.5 ], [ 576223.5, 5241985.0 ], [ 576223.0, 5241985.0 ], [ 576223.0, 5241985.5 ], [ 576222.5, 5241985.5 ], [ 576222.5, 5241986.0 ], [ 576222.0, 5241986.0 ], [ 576222.0, 5241986.5 ], [ 576222.5, 5241986.5 ], [ 576222.5, 5241987.0 ], [ 576222.0, 5241987.0 ], [ 576222.0, 5241987.5 ], [ 576221.5, 5241987.5 ], [ 576221.5, 5241989.5 ], [ 576221.0, 5241989.5 ], [ 576221.0, 5241990.0 ], [ 576220.5, 5241990.0 ], [ 576220.5, 5241990.5 ], [ 576220.0, 5241990.5 ], [ 576220.0, 5241991.0 ], [ 576219.5, 5241991.0 ], [ 576219.5, 5241991.5 ], [ 576220.0, 5241991.5 ], [ 576220.0, 5241992.0 ], [ 576219.5, 5241992.0 ], [ 576219.5, 5241992.5 ], [ 576219.0, 5241992.5 ], [ 576219.0, 5241993.5 ], [ 576218.5, 5241993.5 ], [ 576218.5, 5241994.0 ], [ 576218.0, 5241994.0 ], [ 576218.0, 5241996.0 ], [ 576217.5, 5241996.0 ], [ 576217.5, 5241996.5 ], [ 576217.0, 5241996.5 ], [ 576217.0, 5241997.5 ], [ 576216.5, 5241997.5 ], [ 576216.5, 5241998.0 ], [ 576216.0, 5241998.0 ], [ 576216.0, 5241999.5 ], [ 576215.5, 5241999.5 ], [ 576215.5, 5242000.0 ], [ 576215.0, 5242000.0 ], [ 576215.0, 5242000.5 ], [ 576214.5, 5242000.5 ], [ 576214.5, 5242001.0 ], [ 576214.0, 5242001.0 ], [ 576214.0, 5242001.5 ], [ 576213.5, 5242001.5 ], [ 576213.5, 5242002.0 ], [ 576212.5, 5242002.0 ], [ 576212.5, 5242002.5 ], [ 576212.0, 5242002.5 ], [ 576212.0, 5242003.0 ], [ 576211.5, 5242003.0 ], [ 576211.5, 5242003.5 ], [ 576210.5, 5242003.5 ], [ 576210.5, 5242004.0 ], [ 576209.5, 5242004.0 ], [ 576209.5, 5242004.5 ], [ 576209.0, 5242004.5 ], [ 576209.0, 5242005.0 ], [ 576207.5, 5242005.0 ], [ 576207.5, 5242005.5 ], [ 576206.0, 5242005.5 ], [ 576206.0, 5242006.0 ], [ 576204.5, 5242006.0 ], [ 576204.5, 5242005.5 ], [ 576204.0, 5242005.5 ], [ 576204.0, 5242006.0 ], [ 576203.5, 5242006.0 ], [ 576203.5, 5242006.5 ], [ 576202.0, 5242006.5 ], [ 576202.0, 5242006.0 ], [ 576201.0, 5242006.0 ], [ 576201.0, 5242005.5 ], [ 576200.5, 5242005.5 ], [ 576200.5, 5242006.0 ], [ 576200.0, 5242006.0 ], [ 576200.0, 5242006.5 ], [ 576198.5, 5242006.5 ], [ 576198.5, 5242007.0 ], [ 576198.0, 5242007.0 ], [ 576198.0, 5242006.5 ], [ 576196.0, 5242006.5 ], [ 576196.0, 5242006.0 ], [ 576195.5, 5242006.0 ], [ 576195.5, 5242006.5 ], [ 576192.0, 5242006.5 ], [ 576192.0, 5242006.0 ], [ 576189.5, 5242006.0 ], [ 576189.5, 5242006.5 ], [ 576189.0, 5242006.5 ], [ 576189.0, 5242007.0 ], [ 576188.5, 5242007.0 ], [ 576188.5, 5242007.5 ], [ 576188.0, 5242007.5 ], [ 576188.0, 5242008.0 ], [ 576187.5, 5242008.0 ], [ 576187.5, 5242008.5 ], [ 576187.0, 5242008.5 ], [ 576187.0, 5242009.0 ], [ 576186.5, 5242009.0 ], [ 576186.5, 5242009.5 ], [ 576186.0, 5242009.5 ], [ 576186.0, 5242010.0 ], [ 576185.5, 5242010.0 ], [ 576185.5, 5242010.5 ], [ 576185.0, 5242010.5 ], [ 576185.0, 5242011.0 ], [ 576184.5, 5242011.0 ], [ 576184.5, 5242011.5 ], [ 576184.0, 5242011.5 ], [ 576184.0, 5242012.0 ], [ 576183.5, 5242012.0 ], [ 576183.5, 5242013.0 ], [ 576183.0, 5242013.0 ], [ 576183.0, 5242014.0 ], [ 576182.5, 5242014.0 ], [ 576182.5, 5242015.0 ], [ 576182.0, 5242015.0 ], [ 576182.0, 5242015.5 ], [ 576181.5, 5242015.5 ], [ 576181.5, 5242017.5 ], [ 576181.0, 5242017.5 ], [ 576181.0, 5242018.0 ], [ 576180.5, 5242018.0 ], [ 576180.5, 5242019.5 ], [ 576180.0, 5242019.5 ], [ 576180.0, 5242020.0 ], [ 576179.5, 5242020.0 ], [ 576179.5, 5242020.5 ], [ 576179.0, 5242020.5 ], [ 576179.0, 5242021.0 ], [ 576178.5, 5242021.0 ], [ 576178.5, 5242023.0 ], [ 576178.0, 5242023.0 ], [ 576178.0, 5242024.0 ], [ 576177.5, 5242024.0 ], [ 576177.5, 5242024.5 ], [ 576177.0, 5242024.5 ], [ 576177.0, 5242025.0 ], [ 576176.5, 5242025.0 ], [ 576176.5, 5242026.5 ], [ 576176.0, 5242026.5 ], [ 576176.0, 5242027.5 ], [ 576175.5, 5242027.5 ], [ 576175.5, 5242028.0 ], [ 576175.0, 5242028.0 ], [ 576175.0, 5242029.0 ], [ 576174.5, 5242029.0 ], [ 576174.5, 5242030.0 ], [ 576174.0, 5242030.0 ], [ 576174.0, 5242030.5 ], [ 576173.5, 5242030.5 ], [ 576173.5, 5242031.5 ], [ 576173.0, 5242031.5 ], [ 576173.0, 5242032.0 ], [ 576172.5, 5242032.0 ], [ 576172.5, 5242032.5 ], [ 576172.0, 5242032.5 ], [ 576172.0, 5242033.0 ], [ 576171.5, 5242033.0 ], [ 576171.5, 5242033.5 ], [ 576171.0, 5242033.5 ], [ 576171.0, 5242034.5 ], [ 576170.5, 5242034.5 ], [ 576170.5, 5242035.0 ], [ 576170.0, 5242035.0 ], [ 576170.0, 5242035.5 ], [ 576169.5, 5242035.5 ], [ 576169.5, 5242036.0 ], [ 576169.0, 5242036.0 ], [ 576169.0, 5242036.5 ], [ 576168.5, 5242036.5 ], [ 576168.5, 5242037.0 ], [ 576168.0, 5242037.0 ], [ 576168.0, 5242037.5 ], [ 576167.5, 5242037.5 ], [ 576167.5, 5242038.0 ], [ 576167.0, 5242038.0 ], [ 576167.0, 5242038.5 ], [ 576166.5, 5242038.5 ], [ 576166.5, 5242039.0 ], [ 576166.0, 5242039.0 ], [ 576166.0, 5242039.5 ], [ 576165.5, 5242039.5 ], [ 576165.5, 5242040.0 ], [ 576165.0, 5242040.0 ], [ 576165.0, 5242040.5 ], [ 576164.5, 5242040.5 ], [ 576164.5, 5242041.0 ], [ 576164.0, 5242041.0 ], [ 576164.0, 5242041.5 ], [ 576163.5, 5242041.5 ], [ 576163.5, 5242042.0 ], [ 576163.0, 5242042.0 ], [ 576163.0, 5242042.5 ], [ 576162.5, 5242042.5 ], [ 576162.5, 5242043.0 ], [ 576162.0, 5242043.0 ], [ 576162.0, 5242043.5 ], [ 576161.0, 5242043.5 ], [ 576161.0, 5242044.0 ], [ 576160.5, 5242044.0 ], [ 576160.5, 5242044.5 ], [ 576160.0, 5242044.5 ], [ 576160.0, 5242045.0 ], [ 576159.5, 5242045.0 ], [ 576159.5, 5242045.5 ], [ 576158.0, 5242045.5 ], [ 576158.0, 5242046.0 ], [ 576157.0, 5242046.0 ], [ 576157.0, 5242046.5 ], [ 576156.5, 5242046.5 ], [ 576156.5, 5242047.0 ], [ 576156.0, 5242047.0 ], [ 576156.0, 5242047.5 ], [ 576155.5, 5242047.5 ], [ 576155.5, 5242048.0 ], [ 576154.5, 5242048.0 ], [ 576154.5, 5242048.5 ], [ 576153.5, 5242048.5 ], [ 576153.5, 5242049.0 ], [ 576153.0, 5242049.0 ], [ 576153.0, 5242049.5 ], [ 576152.5, 5242049.5 ], [ 576152.5, 5242050.0 ], [ 576152.0, 5242050.0 ], [ 576152.0, 5242050.5 ], [ 576150.0, 5242050.5 ], [ 576150.0, 5242051.0 ], [ 576149.5, 5242051.0 ], [ 576149.5, 5242051.5 ], [ 576149.0, 5242051.5 ], [ 576149.0, 5242052.0 ], [ 576148.5, 5242052.0 ], [ 576148.5, 5242051.5 ], [ 576148.0, 5242051.5 ], [ 576148.0, 5242052.0 ], [ 576147.0, 5242052.0 ], [ 576147.0, 5242052.5 ], [ 576146.0, 5242052.5 ], [ 576146.0, 5242053.0 ], [ 576144.0, 5242053.0 ], [ 576144.0, 5242053.5 ], [ 576143.0, 5242053.5 ], [ 576143.0, 5242054.0 ], [ 576141.0, 5242054.0 ], [ 576141.0, 5242054.5 ], [ 576139.5, 5242054.5 ], [ 576139.5, 5242055.0 ], [ 576139.0, 5242055.0 ], [ 576139.0, 5242054.5 ], [ 576138.5, 5242054.5 ], [ 576138.5, 5242055.0 ], [ 576136.5, 5242055.0 ], [ 576136.5, 5242055.5 ], [ 576135.0, 5242055.5 ], [ 576135.0, 5242056.0 ], [ 576134.5, 5242056.0 ], [ 576134.5, 5242056.5 ], [ 576130.5, 5242056.5 ], [ 576130.5, 5242057.0 ], [ 576127.0, 5242057.0 ], [ 576127.0, 5242057.5 ], [ 576124.5, 5242057.5 ], [ 576124.5, 5242058.0 ], [ 576123.5, 5242058.0 ], [ 576123.5, 5242058.5 ], [ 576123.0, 5242058.5 ], [ 576123.0, 5242059.0 ], [ 576122.5, 5242059.0 ], [ 576122.5, 5242059.5 ], [ 576122.0, 5242059.5 ], [ 576122.0, 5242060.0 ], [ 576121.5, 5242060.0 ], [ 576121.5, 5242060.5 ], [ 576121.0, 5242060.5 ], [ 576121.0, 5242061.0 ], [ 576120.5, 5242061.0 ], [ 576120.5, 5242061.5 ], [ 576120.0, 5242061.5 ], [ 576120.0, 5242062.0 ], [ 576119.5, 5242062.0 ], [ 576119.5, 5242061.5 ], [ 576118.5, 5242061.5 ], [ 576118.5, 5242062.0 ], [ 576118.0, 5242062.0 ], [ 576118.0, 5242062.5 ], [ 576117.0, 5242062.5 ], [ 576117.0, 5242063.0 ], [ 576113.5, 5242063.0 ], [ 576113.5, 5242062.5 ], [ 576111.5, 5242062.5 ], [ 576111.5, 5242062.0 ], [ 576111.0, 5242062.0 ], [ 576111.0, 5242061.5 ], [ 576109.5, 5242061.5 ], [ 576109.5, 5242061.0 ], [ 576109.0, 5242061.0 ], [ 576109.0, 5242061.5 ], [ 576108.0, 5242061.5 ], [ 576108.0, 5242061.0 ], [ 576107.5, 5242061.0 ], [ 576107.5, 5242061.5 ], [ 576107.0, 5242061.5 ], [ 576107.0, 5242061.0 ], [ 576106.5, 5242061.0 ], [ 576106.5, 5242060.5 ], [ 576106.0, 5242060.5 ], [ 576106.0, 5242061.0 ], [ 576105.5, 5242061.0 ], [ 576105.5, 5242061.5 ], [ 576105.0, 5242061.5 ], [ 576105.0, 5242062.0 ], [ 576104.5, 5242062.0 ], [ 576104.5, 5242062.5 ], [ 576104.0, 5242062.5 ], [ 576104.0, 5242063.0 ], [ 576103.0, 5242063.0 ] ] ] } },
{ "type": "Feature", "properties": { "id": 2, "level_m": 204.24, "level_iqr_m": 0.04, "area_m2": 830, "n_points": 2496 }, "geometry": { "type": "Polygon", "coordinates": [ [ [ 575950.5, 5241920.0 ], [ 575950.5, 5241919.5 ], [ 575950.0, 5241919.5 ], [ 575950.0, 5241918.0 ], [ 575949.5, 5241918.0 ], [ 575949.5, 5241917.5 ], [ 575949.0, 5241917.5 ], [ 575949.0, 5241917.0 ], [ 575948.5, 5241917.0 ], [ 575948.5, 5241916.0 ], [ 575948.0, 5241916.0 ], [ 575948.0, 5241915.5 ], [ 575947.5, 5241915.5 ], [ 575947.5, 5241915.0 ], [ 575947.0, 5241915.0 ], [ 575947.0, 5241914.5 ], [ 575946.5, 5241914.5 ], [ 575946.5, 5241914.0 ], [ 575946.0, 5241914.0 ], [ 575946.0, 5241913.5 ], [ 575945.5, 5241913.5 ], [ 575945.5, 5241913.0 ], [ 575945.0, 5241913.0 ], [ 575945.0, 5241912.5 ], [ 575944.5, 5241912.5 ], [ 575944.5, 5241912.0 ], [ 575944.0, 5241912.0 ], [ 575944.0, 5241911.5 ], [ 575943.5, 5241911.5 ], [ 575943.5, 5241911.0 ], [ 575943.0, 5241911.0 ], [ 575943.0, 5241910.5 ], [ 575942.5, 5241910.5 ], [ 575942.5, 5241910.0 ], [ 575942.0, 5241910.0 ], [ 575942.0, 5241909.5 ], [ 575941.5, 5241909.5 ], [ 575941.5, 5241909.0 ], [ 575941.0, 5241909.0 ], [ 575941.0, 5241908.5 ], [ 575940.5, 5241908.5 ], [ 575940.5, 5241908.0 ], [ 575940.0, 5241908.0 ], [ 575940.0, 5241907.5 ], [ 575939.5, 5241907.5 ], [ 575939.5, 5241907.0 ], [ 575939.0, 5241907.0 ], [ 575939.0, 5241906.5 ], [ 575938.5, 5241906.5 ], [ 575938.5, 5241906.0 ], [ 575938.0, 5241906.0 ], [ 575938.0, 5241905.5 ], [ 575937.5, 5241905.5 ], [ 575937.5, 5241905.0 ], [ 575937.0, 5241905.0 ], [ 575937.0, 5241904.5 ], [ 575937.5, 5241904.5 ], [ 575937.5, 5241904.0 ], [ 575938.0, 5241904.0 ], [ 575938.0, 5241903.5 ], [ 575938.5, 5241903.5 ], [ 575938.5, 5241903.0 ], [ 575939.0, 5241903.0 ], [ 575939.0, 5241902.5 ], [ 575939.5, 5241902.5 ], [ 575939.5, 5241902.0 ], [ 575940.0, 5241902.0 ], [ 575940.0, 5241901.5 ], [ 575940.5, 5241901.5 ], [ 575940.5, 5241901.0 ], [ 575941.0, 5241901.0 ], [ 575941.0, 5241900.5 ], [ 575941.5, 5241900.5 ], [ 575941.5, 5241900.0 ], [ 575942.0, 5241900.0 ], [ 575942.0, 5241899.5 ], [ 575942.5, 5241899.5 ], [ 575942.5, 5241900.0 ], [ 575943.0, 5241900.0 ], [ 575943.0, 5241900.5 ], [ 575943.5, 5241900.5 ], [ 575943.5, 5241901.0 ], [ 575944.0, 5241901.0 ], [ 575944.0, 5241901.5 ], [ 575944.5, 5241901.5 ], [ 575944.5, 5241902.0 ], [ 575945.0, 5241902.0 ], [ 575945.0, 5241902.5 ], [ 575945.5, 5241902.5 ], [ 575945.5, 5241903.0 ], [ 575946.0, 5241903.0 ], [ 575946.0, 5241903.5 ], [ 575947.0, 5241903.5 ], [ 575947.0, 5241904.0 ], [ 575947.5, 5241904.0 ], [ 575947.5, 5241903.5 ], [ 575948.0, 5241903.5 ], [ 575948.0, 5241903.0 ], [ 575948.5, 5241903.0 ], [ 575948.5, 5241902.5 ], [ 575949.0, 5241902.5 ], [ 575949.0, 5241902.0 ], [ 575949.5, 5241902.0 ], [ 575949.5, 5241901.5 ], [ 575950.0, 5241901.5 ], [ 575950.0, 5241901.0 ], [ 575950.5, 5241901.0 ], [ 575950.5, 5241900.5 ], [ 575951.0, 5241900.5 ], [ 575951.0, 5241900.0 ], [ 575951.5, 5241900.0 ], [ 575951.5, 5241899.5 ], [ 575952.0, 5241899.5 ], [ 575952.0, 5241899.0 ], [ 575952.5, 5241899.0 ], [ 575952.5, 5241898.5 ], [ 575953.0, 5241898.5 ], [ 575953.0, 5241898.0 ], [ 575954.0, 5241898.0 ], [ 575954.0, 5241897.5 ], [ 575955.0, 5241897.5 ], [ 575955.0, 5241898.0 ], [ 575956.0, 5241898.0 ], [ 575956.0, 5241897.5 ], [ 575956.5, 5241897.5 ], [ 575956.5, 5241898.0 ], [ 575957.0, 5241898.0 ], [ 575957.0, 5241897.5 ], [ 575957.5, 5241897.5 ], [ 575957.5, 5241898.0 ], [ 575958.0, 5241898.0 ], [ 575958.0, 5241898.5 ], [ 575958.5, 5241898.5 ], [ 575958.5, 5241899.0 ], [ 575959.5, 5241899.0 ], [ 575959.5, 5241898.5 ], [ 575960.0, 5241898.5 ], [ 575960.0, 5241898.0 ], [ 575960.5, 5241898.0 ], [ 575960.5, 5241897.5 ], [ 575961.0, 5241897.5 ], [ 575961.0, 5241898.0 ], [ 575962.0, 5241898.0 ], [ 575962.0, 5241898.5 ], [ 575962.5, 5241898.5 ], [ 575962.5, 5241898.0 ], [ 575963.5, 5241898.0 ], [ 575963.5, 5241898.5 ], [ 575964.0, 5241898.5 ], [ 575964.0, 5241899.0 ], [ 575965.0, 5241899.0 ], [ 575965.0, 5241898.5 ], [ 575965.5, 5241898.5 ], [ 575965.5, 5241898.0 ], [ 575966.0, 5241898.0 ], [ 575966.0, 5241898.5 ], [ 575967.0, 5241898.5 ], [ 575967.0, 5241898.0 ], [ 575967.5, 5241898.0 ], [ 575967.5, 5241898.5 ], [ 575968.5, 5241898.5 ], [ 575968.5, 5241898.0 ], [ 575969.5, 5241898.0 ], [ 575969.5, 5241898.5 ], [ 575970.0, 5241898.5 ], [ 575970.0, 5241899.0 ], [ 575970.5, 5241899.0 ], [ 575970.5, 5241899.5 ], [ 575971.0, 5241899.5 ], [ 575971.0, 5241900.0 ], [ 575971.5, 5241900.0 ], [ 575971.5, 5241900.5 ], [ 575972.0, 5241900.5 ], [ 575972.0, 5241901.0 ], [ 575973.0, 5241901.0 ], [ 575973.0, 5241901.5 ], [ 575973.5, 5241901.5 ], [ 575973.5, 5241901.0 ], [ 575974.0, 5241901.0 ], [ 575974.0, 5241900.5 ], [ 575974.5, 5241900.5 ], [ 575974.5, 5241900.0 ], [ 575975.0, 5241900.0 ], [ 575975.0, 5241899.5 ], [ 575975.5, 5241899.5 ], [ 575975.5, 5241899.0 ], [ 575976.0, 5241899.0 ], [ 575976.0, 5241898.5 ], [ 575976.5, 5241898.5 ], [ 575976.5, 5241898.0 ], [ 575977.0, 5241898.0 ], [ 575977.0, 5241898.5 ], [ 575977.5, 5241898.5 ], [ 575977.5, 5241899.0 ], [ 575978.5, 5241899.0 ], [ 575978.5, 5241898.5 ], [ 575979.0, 5241898.5 ], [ 575979.0, 5241898.0 ], [ 575980.0, 5241898.0 ], [ 575980.0, 5241898.5 ], [ 575980.5, 5241898.5 ], [ 575980.5, 5241899.0 ], [ 575981.0, 5241899.0 ], [ 575981.0, 5241899.5 ], [ 575981.5, 5241899.5 ], [ 575981.5, 5241900.0 ], [ 575982.0, 5241900.0 ], [ 575982.0, 5241900.5 ], [ 575982.5, 5241900.5 ], [ 575982.5, 5241901.0 ], [ 575983.5, 5241901.0 ], [ 575983.5, 5241900.5 ], [ 575984.0, 5241900.5 ], [ 575984.0, 5241900.0 ], [ 575984.5, 5241900.0 ], [ 575984.5, 5241899.5 ], [ 575985.0, 5241899.5 ], [ 575985.0, 5241899.0 ], [ 575985.5, 5241899.0 ], [ 575985.5, 5241898.5 ], [ 575986.0, 5241898.5 ], [ 575986.0, 5241899.0 ], [ 575986.5, 5241899.0 ], [ 575986.5, 5241899.5 ], [ 575988.5, 5241899.5 ], [ 575988.5, 5241899.0 ], [ 575989.0, 5241899.0 ], [ 575989.0, 5241898.5 ], [ 575989.5, 5241898.5 ], [ 575989.5, 5241899.0 ], [ 575991.0, 5241899.0 ], [ 575991.0, 5241898.5 ], [ 575992.5, 5241898.5 ], [ 575992.5, 5241899.0 ], [ 575993.0, 5241899.0 ], [ 575993.0, 5241898.5 ], [ 575993.5, 5241898.5 ], [ 575993.5, 5241898.0 ], [ 575994.0, 5241898.0 ], [ 575994.0, 5241898.5 ], [ 575994.5, 5241898.5 ], [ 575994.5, 5241899.0 ], [ 575995.0, 5241899.0 ], [ 575995.0, 5241899.5 ], [ 575995.5, 5241899.5 ], [ 575995.5, 5241900.0 ], [ 575996.0, 5241900.0 ], [ 575996.0, 5241900.5 ], [ 575996.5, 5241900.5 ], [ 575996.5, 5241901.0 ], [ 575997.5, 5241901.0 ], [ 575997.5, 5241900.5 ], [ 575998.5, 5241900.5 ], [ 575998.5, 5241901.0 ], [ 575999.0, 5241901.0 ], [ 575999.0, 5241900.5 ], [ 575999.5, 5241900.5 ], [ 575999.5, 5241900.0 ], [ 576000.0, 5241900.0 ], [ 576000.0, 5241899.5 ], [ 576000.5, 5241899.5 ], [ 576000.5, 5241899.0 ], [ 576001.0, 5241899.0 ], [ 576001.0, 5241898.5 ], [ 576003.5, 5241898.5 ], [ 576003.5, 5241898.0 ], [ 576004.0, 5241898.0 ], [ 576004.0, 5241898.5 ], [ 576005.0, 5241898.5 ], [ 576005.0, 5241898.0 ], [ 576006.0, 5241898.0 ], [ 576006.0, 5241898.5 ], [ 576006.5, 5241898.5 ], [ 576006.5, 5241899.0 ], [ 576007.0, 5241899.0 ], [ 576007.0, 5241899.5 ], [ 576007.5, 5241899.5 ], [ 576007.5, 5241900.0 ], [ 576008.0, 5241900.0 ], [ 576008.0, 5241900.5 ], [ 576008.5, 5241900.5 ], [ 576008.5, 5241901.0 ], [ 576009.0, 5241901.0 ], [ 576009.0, 5241902.0 ], [ 576008.5, 5241902.0 ], [ 576008.5, 5241902.5 ], [ 576008.0, 5241902.5 ], [ 576008.0, 5241903.0 ], [ 576007.5, 5241903.0 ], [ 576007.5, 5241903.5 ], [ 576007.0, 5241903.5 ], [ 576007.0, 5241904.0 ], [ 576006.5, 5241904.0 ], [ 576006.5, 5241904.5 ], [ 576006.0, 5241904.5 ], [ 576006.0, 5241905.0 ], [ 576005.5, 5241905.0 ], [ 576005.5, 5241905.5 ], [ 576005.0, 5241905.5 ], [ 576005.0, 5241906.0 ], [ 576004.5, 5241906.0 ], [ 576004.5, 5241906.5 ], [ 576004.0, 5241906.5 ], [ 576004.0, 5241907.0 ], [ 576003.5, 5241907.0 ], [ 576003.5, 5241906.5 ], [ 576002.5, 5241906.5 ], [ 576002.5, 5241906.0 ], [ 576002.0, 5241906.0 ], [ 576002.0, 5241905.5 ], [ 576001.5, 5241905.5 ], [ 576001.5, 5241906.0 ], [ 576001.0, 5241906.0 ], [ 576001.0, 5241906.5 ], [ 576000.5, 5241906.5 ], [ 576000.5, 5241907.0 ], [ 576000.0, 5241907.0 ], [ 576000.0, 5241907.5 ], [ 575999.5, 5241907.5 ], [ 575999.5, 5241907.0 ], [ 575998.0, 5241907.0 ], [ 575998.0, 5241907.5 ], [ 575997.5, 5241907.5 ], [ 575997.5, 5241908.0 ], [ 575997.0, 5241908.0 ], [ 575997.0, 5241908.5 ], [ 575996.0, 5241908.5 ], [ 575996.0, 5241909.0 ], [ 575995.5, 5241909.0 ], [ 575995.5, 5241909.5 ], [ 575994.5, 5241909.5 ], [ 575994.5, 5241910.0 ], [ 575994.0, 5241910.0 ], [ 575994.0, 5241910.5 ], [ 575993.5, 5241910.5 ], [ 575993.5, 5241910.0 ], [ 575993.0, 5241910.0 ], [ 575993.0, 5241909.5 ], [ 575992.5, 5241909.5 ], [ 575992.5, 5241910.0 ], [ 575992.0, 5241910.0 ], [ 575992.0, 5241910.5 ], [ 575991.5, 5241910.5 ], [ 575991.5, 5241911.0 ], [ 575991.0, 5241911.0 ], [ 575991.0, 5241911.5 ], [ 575990.5, 5241911.5 ], [ 575990.5, 5241912.0 ], [ 575990.0, 5241912.0 ], [ 575990.0, 5241912.5 ], [ 575989.5, 5241912.5 ], [ 575989.5, 5241913.0 ], [ 575989.0, 5241913.0 ], [ 575989.0, 5241913.5 ], [ 575988.5, 5241913.5 ], [ 575988.5, 5241914.0 ], [ 575988.0, 5241914.0 ], [ 575988.0, 5241914.5 ], [ 575987.5, 5241914.5 ], [ 575987.5, 5241915.0 ], [ 575987.0, 5241915.0 ], [ 575987.0, 5241914.5 ], [ 575986.5, 5241914.5 ], [ 575986.5, 5241915.0 ], [ 575986.0, 5241915.0 ], [ 575986.0, 5241914.5 ], [ 575985.5, 5241914.5 ], [ 575985.5, 5241914.0 ], [ 575984.0, 5241914.0 ], [ 575984.0, 5241913.5 ], [ 575983.5, 5241913.5 ], [ 575983.5, 5241913.0 ], [ 575983.0, 5241913.0 ], [ 575983.0, 5241912.5 ], [ 575982.5, 5241912.5 ], [ 575982.5, 5241912.0 ], [ 575982.0, 5241912.0 ], [ 575982.0, 5241911.5 ], [ 575982.5, 5241911.5 ], [ 575982.5, 5241910.5 ], [ 575982.0, 5241910.5 ], [ 575982.0, 5241910.0 ], [ 575982.5, 5241910.0 ], [ 575982.5, 5241909.5 ], [ 575982.0, 5241909.5 ], [ 575982.0, 5241909.0 ], [ 575981.5, 5241909.0 ], [ 575981.5, 5241908.5 ], [ 575981.0, 5241908.5 ], [ 575981.0, 5241908.0 ], [ 575980.5, 5241908.0 ], [ 575980.5, 5241907.5 ], [ 575980.0, 5241907.5 ], [ 575980.0, 5241907.0 ], [ 575979.5, 5241907.0 ], [ 575979.5, 5241906.5 ], [ 575979.0, 5241906.5 ], [ 575979.0, 5241906.0 ], [ 575978.5, 5241906.0 ], [ 575978.5, 5241905.5 ], [ 575978.0, 5241905.5 ], [ 575978.0, 5241905.0 ], [ 575977.5, 5241905.0 ], [ 575977.5, 5241904.5 ], [ 575977.0, 5241904.5 ], [ 575977.0, 5241905.0 ], [ 575976.5, 5241905.0 ], [ 575976.5, 5241905.5 ], [ 575976.0, 5241905.5 ], [ 575976.0, 5241906.0 ], [ 575975.5, 5241906.0 ], [ 575975.5, 5241906.5 ], [ 575975.0, 5241906.5 ], [ 575975.0, 5241907.0 ], [ 575974.5, 5241907.0 ], [ 575974.5, 5241907.5 ], [ 575974.0, 5241907.5 ], [ 575974.0, 5241908.0 ], [ 575973.5, 5241908.0 ], [ 575973.5, 5241908.5 ], [ 575973.0, 5241908.5 ], [ 575973.0, 5241909.0 ], [ 575972.5, 5241909.0 ], [ 575972.5, 5241909.5 ], [ 575972.0, 5241909.5 ], [ 575972.0, 5241910.0 ], [ 575971.5, 5241910.0 ], [ 575971.5, 5241910.5 ], [ 575971.0, 5241910.5 ], [ 575971.0, 5241913.0 ], [ 575971.5, 5241913.0 ], [ 575971.5, 5241914.0 ], [ 575972.0, 5241914.0 ], [ 575972.0, 5241915.0 ], [ 575971.5, 5241915.0 ], [ 575971.5, 5241915.5 ], [ 575972.0, 5241915.5 ], [ 575972.0, 5241916.0 ], [ 575971.5, 5241916.0 ], [ 575971.5, 5241916.5 ], [ 575972.0, 5241916.5 ], [ 575972.0, 5241917.0 ], [ 575971.5, 5241917.0 ], [ 575971.5, 5241917.5 ], [ 575970.0, 5241917.5 ], [ 575970.0, 5241917.0 ], [ 575969.5, 5241917.0 ], [ 575969.5, 5241916.5 ], [ 575969.0, 5241916.5 ], [ 575969.0, 5241916.0 ], [ 575968.5, 5241916.0 ], [ 575968.5, 5241915.5 ], [ 575968.0, 5241915.5 ], [ 575968.0, 5241915.0 ], [ 575967.5, 5241915.0 ], [ 575967.5, 5241914.5 ], [ 575967.0, 5241914.5 ], [ 575967.0, 5241914.0 ], [ 575966.5, 5241914.0 ], [ 575966.5, 5241913.5 ], [ 575966.0, 5241913.5 ], [ 575966.0, 5241913.0 ], [ 575965.0, 5241913.0 ], [ 575965.0, 5241913.5 ], [ 575964.5, 5241913.5 ], [ 575964.5, 5241914.0 ], [ 575964.0, 5241914.0 ], [ 575964.0, 5241914.5 ], [ 575963.5, 5241914.5 ], [ 575963.5, 5241915.0 ], [ 575963.0, 5241915.0 ], [ 575963.0, 5241915.5 ], [ 575962.0, 5241915.5 ], [ 575962.0, 5241915.0 ], [ 575961.5, 5241915.0 ], [ 575961.5, 5241914.5 ], [ 575961.0, 5241914.5 ], [ 575961.0, 5241914.0 ], [ 575960.5, 5241914.0 ], [ 575960.5, 5241913.5 ], [ 575960.0, 5241913.5 ], [ 575960.0, 5241913.0 ], [ 575959.5, 5241913.0 ], [ 575959.5, 5241912.5 ], [ 575959.0, 5241912.5 ], [ 575959.0, 5241912.0 ], [ 575958.5, 5241912.0 ], [ 575958.5, 5241912.5 ], [ 575958.0, 5241912.5 ], [ 575958.0, 5241913.0 ], [ 575957.5, 5241913.0 ], [ 575957.5, 5241913.5 ], [ 575957.0, 5241913.5 ], [ 575957.0, 5241914.0 ], [ 575956.5, 5241914.0 ], [ 575956.5, 5241914.5 ], [ 575956.0, 5241914.5 ], [ 575956.0, 5241915.0 ], [ 575955.5, 5241915.0 ], [ 575955.5, 5241915.5 ], [ 575955.0, 5241915.5 ], [ 575955.0, 5241916.0 ], [ 575954.5, 5241916.0 ], [ 575954.5, 5241916.5 ], [ 575954.0, 5241916.5 ], [ 575954.0, 5241917.0 ], [ 575953.5, 5241917.0 ], [ 575953.5, 5241917.5 ], [ 575953.0, 5241917.5 ], [ 575953.0, 5241918.0 ], [ 575953.5, 5241918.0 ], [ 575953.5, 5241918.5 ], [ 575953.0, 5241918.5 ], [ 575953.0, 5241919.0 ], [ 575952.5, 5241919.0 ], [ 575952.5, 5241919.5 ], [ 575952.0, 5241919.5 ], [ 575952.0, 5241920.0 ], [ 575950.5, 5241920.0 ] ] ] } },
{ "type": "Feature", "properties": { "id": 3, "level_m": 230.49, "level_iqr_m": 0.02, "area_m2": 121098, "n_points": 200413 }, "geometry": { "type": "Polygon", "coordinates": [ [ [ 576533.5, 5241473.0 ], [ 576533.5, 5241472.5 ], [ 576532.0, 5241472.5 ], [ 576532.0, 5241472.0 ], [ 576531.5, 5241472.0 ], [ 576531.5, 5241471.5 ], [ 576531.0, 5241471.5 ], [ 576531.0, 5241471.0 ], [ 576530.5, 5241471.0 ], [ 576530.5, 5241470.5 ], [ 576530.0, 5241470.5 ], [ 576530.0, 5241470.0 ], [ 576529.5, 5241470.0 ], [ 576529.5, 5241469.5 ], [ 576528.5, 5241469.5 ], [ 576528.5, 5241469.0 ], [ 576528.0, 5241469.0 ], [ 576528.0, 5241468.5 ], [ 576527.5, 5241468.5 ], [ 576527.5, 5241468.0 ], [ 576526.0, 5241468.0 ], [ 576526.0, 5241467.5 ], [ 576523.5, 5241467.5 ], [ 576523.5, 5241467.0 ], [ 576519.0, 5241467.0 ], [ 576519.0, 5241466.5 ], [ 576511.0, 5241466.5 ], [ 576511.0, 5241466.0 ], [ 576510.0, 5241466.0 ], [ 576510.0, 5241465.5 ], [ 576508.0, 5241465.5 ], [ 576508.0, 5241465.0 ], [ 576506.5, 5241465.0 ], [ 576506.5, 5241464.5 ], [ 576505.0, 5241464.5 ], [ 576505.0, 5241464.0 ], [ 576501.0, 5241464.0 ], [ 576501.0, 5241463.5 ], [ 576499.0, 5241463.5 ], [ 576499.0, 5241463.0 ], [ 576498.0, 5241463.0 ], [ 576498.0, 5241462.5 ], [ 576497.5, 5241462.5 ], [ 576497.5, 5241462.0 ], [ 576496.5, 5241462.0 ], [ 576496.5, 5241461.5 ], [ 576495.5, 5241461.5 ], [ 576495.5, 5241461.0 ], [ 576495.0, 5241461.0 ], [ 576495.0, 5241460.5 ], [ 576494.0, 5241460.5 ], [ 576494.0, 5241460.0 ], [ 576493.5, 5241460.0 ], [ 576493.5, 5241459.5 ], [ 576493.0, 5241459.5 ], [ 576493.0, 5241459.0 ], [ 576491.5, 5241459.0 ], [ 576491.5, 5241458.5 ], [ 576490.5, 5241458.5 ], [ 576490.5, 5241458.0 ], [ 576489.5, 5241458.0 ], [ 576489.5, 5241457.5 ], [ 576489.0, 5241457.5 ], [ 576489.0, 5241458.0 ], [ 576488.5, 5241458.0 ], [ 576488.5, 5241457.5 ], [ 576487.5, 5241457.5 ], [ 576487.5, 5241457.0 ], [ 576484.5, 5241457.0 ], [ 576484.5, 5241456.5 ], [ 576483.0, 5241456.5 ], [ 576483.0, 5241456.0 ], [ 576482.0, 5241456.0 ], [ 576482.0, 5241455.5 ], [ 576481.0, 5241455.5 ], [ 576481.0, 5241455.0 ], [ 576480.5, 5241455.0 ], [ 576480.5, 5241454.5 ], [ 576479.5, 5241454.5 ], [ 576479.5, 5241454.0 ], [ 576479.0, 5241454.0 ], [ 576479.0, 5241454.5 ], [ 576478.5, 5241454.5 ], [ 576478.5, 5241454.0 ], [ 576477.0, 5241454.0 ], [ 576477.0, 5241453.5 ], [ 576475.5, 5241453.5 ], [ 576475.5, 5241453.0 ], [ 576474.0, 5241453.0 ], [ 576474.0, 5241452.5 ], [ 576473.5, 5241452.5 ], [ 576473.5, 5241453.0 ], [ 576473.0, 5241453.0 ], [ 576473.0, 5241452.5 ], [ 576472.0, 5241452.5 ], [ 576472.0, 5241452.0 ], [ 576469.5, 5241452.0 ], [ 576469.5, 5241451.5 ], [ 576468.5, 5241451.5 ], [ 576468.5, 5241451.0 ], [ 576468.0, 5241451.0 ], [ 576468.0, 5241451.5 ], [ 576467.5, 5241451.5 ], [ 576467.5, 5241451.0 ], [ 576466.0, 5241451.0 ], [ 576466.0, 5241450.5 ], [ 576464.5, 5241450.5 ], [ 576464.5, 5241450.0 ], [ 576458.5, 5241450.0 ], [ 576458.5, 5241450.5 ], [ 576456.0, 5241450.5 ], [ 576456.0, 5241451.0 ], [ 576454.0, 5241451.0 ], [ 576454.0, 5241451.5 ], [ 576453.5, 5241451.5 ], [ 576453.5, 5241452.0 ], [ 576450.5, 5241452.0 ], [ 576450.5, 5241452.5 ], [ 576449.5, 5241452.5 ], [ 576449.5, 5241453.0 ], [ 576448.0, 5241453.0 ], [ 576448.0, 5241453.5 ], [ 576446.5, 5241453.5 ], [ 576446.5, 5241454.0 ], [ 576444.0, 5241454.0 ], [ 576444.0, 5241454.5 ], [ 576442.0, 5241454.5 ], [ 576442.0, 5241455.0 ], [ 576440.5, 5241455.0 ], [ 576440.5, 5241455.5 ], [ 576439.5, 5241455.5 ], [ 576439.5, 5241456.0 ], [ 576436.5, 5241456.0 ], [ 576436.5, 5241456.5 ], [ 576432.0, 5241456.5 ], [ 576432.0, 5241457.0 ], [ 576430.5, 5241457.0 ], [ 576430.5, 5241456.5 ], [ 576427.0, 5241456.5 ], [ 576427.0, 5241456.0 ], [ 576425.5, 5241456.0 ], [ 576425.5, 5241455.5 ], [ 576424.5, 5241455.5 ], [ 576424.5, 5241455.0 ], [ 576423.0, 5241455.0 ], [ 576423.0, 5241454.5 ], [ 576422.5, 5241454.5 ], [ 576422.5, 5241454.0 ], [ 576421.5, 5241454.0 ], [ 576421.5, 5241453.5 ], [ 576421.0, 5241453.5 ], [ 576421.0, 5241453.0 ], [ 576420.5, 5241453.0 ], [ 576420.5, 5241452.5 ], [ 576420.0, 5241452.5 ], [ 576420.0, 5241452.0 ], [ 576419.5, 5241452.0 ], [ 576419.5, 5241451.5 ], [ 576419.0, 5241451.5 ], [ 576419.0, 5241451.0 ], [ 576418.5, 5241451.0 ], [ 576418.5, 5241450.5 ], [ 576418.0, 5241450.5 ], [ 576418.0, 5241450.0 ], [ 576417.5, 5241450.0 ], [ 576417.5, 5241449.5 ], [ 576417.0, 5241449.5 ], [ 576417.0, 5241449.0 ], [ 576416.5, 5241449.0 ], [ 576416.5, 5241448.5 ], [ 576416.0, 5241448.5 ], [ 576416.0, 5241448.0 ], [ 576415.5, 5241448.0 ], [ 576415.5, 5241447.5 ], [ 576415.0, 5241447.5 ], [ 576415.0, 5241447.0 ], [ 576414.5, 5241447.0 ], [ 576414.5, 5241446.5 ], [ 576414.0, 5241446.5 ], [ 576414.0, 5241446.0 ], [ 576413.5, 5241446.0 ], [ 576413.5, 5241445.5 ], [ 576413.0, 5241445.5 ], [ 576413.0, 5241445.0 ], [ 576412.5, 5241445.0 ], [ 576412.5, 5241444.5 ], [ 576412.0, 5241444.5 ], [ 576412.0, 5241444.0 ], [ 576411.5, 5241444.0 ], [ 576411.5, 5241443.5 ], [ 576410.0, 5241443.5 ], [ 576410.0, 5241443.0 ], [ 576409.5, 5241443.0 ], [ 576409.5, 5241442.0 ], [ 576409.0, 5241442.0 ], [ 576409.0, 5241441.0 ], [ 576408.5, 5241441.0 ], [ 576408.5, 5241440.0 ], [ 576409.0, 5241440.0 ], [ 576409.0, 5241439.5 ], [ 576408.5, 5241439.5 ], [ 576408.5, 5241439.0 ], [ 576409.0, 5241439.0 ], [ 576409.0, 5241436.5 ], [ 576409.5, 5241436.5 ], [ 576409.5, 5241435.5 ], [ 576410.0, 5241435.5 ], [ 576410.0, 5241435.0 ], [ 576410.5, 5241435.0 ], [ 576410.5, 5241434.5 ], [ 576411.0, 5241434.5 ], [ 576411.0, 5241434.0 ], [ 576411.5, 5241434.0 ], [ 576411.5, 5241433.5 ], [ 576412.0, 5241433.5 ], [ 576412.0, 5241432.0 ], [ 576412.5, 5241432.0 ], [ 576412.5, 5241431.5 ], [ 576412.0, 5241431.5 ], [ 576412.0, 5241430.0 ], [ 576412.5, 5241430.0 ], [ 576412.5, 5241429.5 ], [ 576412.0, 5241429.5 ], [ 576412.0, 5241428.0 ], [ 576411.5, 5241428.0 ], [ 576411.5, 5241426.5 ], [ 576411.0, 5241426.5 ], [ 576411.0, 5241425.0 ], [ 576410.5, 5241425.0 ], [ 576410.5, 5241424.5 ], [ 576410.0, 5241424.5 ], [ 576410.0, 5241424.0 ], [ 576409.5, 5241424.0 ], [ 576409.5, 5241423.5 ], [ 576409.0, 5241423.5 ], [ 576409.0, 5241423.0 ], [ 576408.5, 5241423.0 ], [ 576408.5, 5241422.5 ], [ 576408.0, 5241422.5 ], [ 576408.0, 5241422.0 ], [ 576407.5, 5241422.0 ], [ 576407.5, 5241421.5 ], [ 576407.0, 5241421.5 ], [ 576407.0, 5241421.0 ], [ 576406.5, 5241421.0 ], [ 576406.5, 5241420.5 ], [ 576406.0, 5241420.5 ], [ 576406.0, 5241420.0 ], [ 576405.5, 5241420.0 ], [ 576405.5, 5241419.5 ], [ 576405.0, 5241419.5 ], [ 576405.0, 5241419.0 ], [ 576404.5, 5241419.0 ], [ 576404.5, 5241418.0 ], [ 576405.0, 5241418.0 ], [ 576405.0, 5241417.5 ], [ 576404.5, 5241417.5 ], [ 576404.5, 5241417.0 ], [ 576404.0, 5241417.0 ], [ 576404.0, 5241415.0 ], [ 576403.5, 5241415.0 ], [ 576403.5, 5241414.5 ], [ 576403.0, 5241414.5 ], [ 576403.0, 5241413.5 ], [ 576402.5, 5241413.5 ], [ 576402.5, 5241412.5 ], [ 576402.0, 5241412.5 ], [ 576402.0, 5241412.0 ], [ 576401.5, 5241412.0 ], [ 576401.5, 5241411.5 ], [ 576401.0, 5241411.5 ], [ 576401.0, 5241411.0 ], [ 576400.5, 5241411.0 ], [ 576400.5, 5241410.5 ], [ 576400.0, 5241410.5 ], [ 576400.0, 5241410.0 ], [ 576399.5, 5241410.0 ], [ 576399.5, 5241409.5 ], [ 576399.0, 5241409.5 ], [ 576399.0, 5241409.0 ], [ 576398.5, 5241409.0 ], [ 576398.5, 5241408.5 ], [ 576398.0, 5241408.5 ], [ 576398.0, 5241408.0 ], [ 576397.5, 5241408.0 ], [ 576397.5, 5241407.5 ], [ 576397.0, 5241407.5 ], [ 576397.0, 5241407.0 ], [ 576396.5, 5241407.0 ], [ 576396.5, 5241406.5 ], [ 576396.0, 5241406.5 ], [ 576396.0, 5241406.0 ], [ 576395.5, 5241406.0 ], [ 576395.5, 5241405.5 ], [ 576395.0, 5241405.5 ], [ 576395.0, 5241405.0 ], [ 576394.5, 5241405.0 ], [ 576394.5, 5241404.5 ], [ 576394.0, 5241404.5 ], [ 576394.0, 5241404.0 ], [ 576393.5, 5241404.0 ], [ 576393.5, 5241403.5 ], [ 576393.0, 5241403.5 ], [ 576393.0, 5241402.5 ], [ 576392.5, 5241402.5 ], [ 576392.5, 5241402.0 ], [ 576392.0, 5241402.0 ], [ 576392.0, 5241401.5 ], [ 576391.5, 5241401.5 ], [ 576391.5, 5241401.0 ], [ 576391.0, 5241401.0 ], [ 576391.0, 5241400.5 ], [ 576390.5, 5241400.5 ], [ 576390.5, 5241400.0 ], [ 576390.0, 5241400.0 ], [ 576390.0, 5241399.5 ], [ 576389.5, 5241399.5 ], [ 576389.5, 5241399.0 ], [ 576389.0, 5241399.0 ], [ 576389.0, 5241398.5 ], [ 576388.5, 5241398.5 ], [ 576388.5, 5241398.0 ], [ 576388.0, 5241398.0 ], [ 576388.0, 5241397.5 ], [ 576387.5, 5241397.5 ], [ 576387.5, 5241397.0 ], [ 576387.0, 5241397.0 ], [ 576387.0, 5241396.0 ], [ 576386.5, 5241396.0 ], [ 576386.5, 5241395.5 ], [ 576386.0, 5241395.5 ], [ 576386.0, 5241395.0 ], [ 576385.5, 5241395.0 ], [ 576385.5, 5241394.5 ], [ 576385.0, 5241394.5 ], [ 576385.0, 5241394.0 ], [ 576384.5, 5241394.0 ], [ 576384.5, 5241393.5 ], [ 576384.0, 5241393.5 ], [ 576384.0, 5241393.0 ], [ 576383.5, 5241393.0 ], [ 576383.5, 5241392.0 ], [ 576383.0, 5241392.0 ], [ 576383.0, 5241391.5 ], [ 576382.5, 5241391.5 ], [ 576382.5, 5241390.5 ], [ 576382.0, 5241390.5 ], [ 576382.0, 5241390.0 ], [ 576381.5, 5241390.0 ], [ 576381.5, 5241389.5 ], [ 576381.0, 5241389.5 ], [ 576381.0, 5241389.0 ], [ 576380.5, 5241389.0 ], [ 576380.5, 5241388.5 ], [ 576380.0, 5241388.5 ], [ 576380.0, 5241388.0 ], [ 576379.5, 5241388.0 ], [ 576379.5, 5241387.5 ], [ 576379.0, 5241387.5 ], [ 576379.0, 5241387.0 ], [ 576378.5, 5241387.0 ], [ 576378.5, 5241386.5 ], [ 576378.0, 5241386.5 ], [ 576378.0, 5241386.0 ], [ 576377.5, 5241386.0 ], [ 576377.5, 5241385.5 ], [ 576377.0, 5241385.5 ], [ 576377.0, 5241385.0 ], [ 576376.0, 5241385.0 ], [ 576376.0, 5241384.5 ], [ 576375.5, 5241384.5 ], [ 576375.5, 5241384.0 ], [ 576375.0, 5241384.0 ], [ 576375.0, 5241383.5 ], [ 576374.5, 5241383.5 ], [ 576374.5, 5241383.0 ], [ 576374.0, 5241383.0 ], [ 576374.0, 5241382.5 ], [ 576373.5, 5241382.5 ], [ 576373.5, 5241382.0 ], [ 576373.0, 5241382.0 ], [ 576373.0, 5241381.5 ], [ 576372.5, 5241381.5 ], [ 576372.5, 5241381.0 ], [ 576372.0, 5241381.0 ], [ 576372.0, 5241380.5 ], [ 576371.5, 5241380.5 ], [ 576371.5, 5241380.0 ], [ 576371.0, 5241380.0 ], [ 576371.0, 5241379.5 ], [ 576370.5, 5241379.5 ], [ 576370.5, 5241379.0 ], [ 576370.0, 5241379.0 ], [ 576370.0, 5241378.5 ], [ 576369.5, 5241378.5 ], [ 576369.5, 5241378.0 ], [ 576369.0, 5241378.0 ], [ 576369.0, 5241377.5 ], [ 576368.5, 5241377.5 ], [ 576368.5, 5241377.0 ], [ 576368.0, 5241377.0 ], [ 576368.0, 5241376.5 ], [ 576367.5, 5241376.5 ], [ 576367.5, 5241376.0 ], [ 576367.0, 5241376.0 ], [ 576367.0, 5241375.5 ], [ 576366.5, 5241375.5 ], [ 576366.5, 5241375.0 ], [ 576366.0, 5241375.0 ], [ 576366.0, 5241374.5 ], [ 576365.5, 5241374.5 ], [ 576365.5, 5241374.0 ], [ 576364.5, 5241374.0 ], [ 576364.5, 5241373.5 ], [ 576364.0, 5241373.5 ], [ 576364.0, 5241373.0 ], [ 576363.5, 5241373.0 ], [ 576363.5, 5241372.5 ], [ 576362.5, 5241372.5 ], [ 576362.5, 5241372.0 ], [ 576362.0, 5241372.0 ], [ 576362.0, 5241371.5 ], [ 576361.5, 5241371.5 ], [ 576361.5, 5241371.0 ], [ 576361.0, 5241371.0 ], [ 576361.0, 5241370.5 ], [ 576360.5, 5241370.5 ], [ 576360.5, 5241370.0 ], [ 576360.0, 5241370.0 ], [ 576360.0, 5241369.0 ], [ 576359.5, 5241369.0 ], [ 576359.5, 5241368.5 ], [ 576359.0, 5241368.5 ], [ 576359.0, 5241368.0 ], [ 576358.5, 5241368.0 ], [ 576358.5, 5241367.5 ], [ 576358.0, 5241367.5 ], [ 576358.0, 5241367.0 ], [ 576357.5, 5241367.0 ], [ 576357.5, 5241366.5 ], [ 576357.0, 5241366.5 ], [ 576357.0, 5241366.0 ], [ 576356.5, 5241366.0 ], [ 576356.5, 5241365.5 ], [ 576356.0, 5241365.5 ], [ 576356.0, 5241365.0 ], [ 576355.5, 5241365.0 ], [ 576355.5, 5241364.5 ], [ 576355.0, 5241364.5 ], [ 576355.0, 5241364.0 ], [ 576354.5, 5241364.0 ], [ 576354.5, 5241363.5 ], [ 576354.0, 5241363.5 ], [ 576354.0, 5241363.0 ], [ 576353.5, 5241363.0 ], [ 576353.5, 5241362.5 ], [ 576353.0, 5241362.5 ], [ 576353.0, 5241362.0 ], [ 576352.5, 5241362.0 ], [ 576352.5, 5241361.5 ], [ 576352.0, 5241361.5 ], [ 576352.0, 5241361.0 ], [ 576351.5, 5241361.0 ], [ 576351.5, 5241360.5 ], [ 576351.0, 5241360.5 ], [ 576351.0, 5241360.0 ], [ 576350.5, 5241360.0 ], [ 576350.5, 5241359.5 ], [ 576350.0, 5241359.5 ], [ 576350.0, 5241359.0 ], [ 576349.5, 5241359.0 ], [ 576349.5, 5241358.5 ], [ 576349.0, 5241358.5 ], [ 576349.0, 5241358.0 ], [ 576348.5, 5241358.0 ], [ 576348.5, 5241357.5 ], [ 576348.0, 5241357.5 ], [ 576348.0, 5241357.0 ], [ 576347.5, 5241357.0 ], [ 576347.5, 5241356.5 ], [ 576347.0, 5241356.5 ], [ 576347.0, 5241356.0 ], [ 576346.5, 5241356.0 ], [ 576346.5, 5241355.5 ], [ 576346.0, 5241355.5 ], [ 576346.0, 5241355.0 ], [ 576345.5, 5241355.0 ], [ 576345.5, 5241354.5 ], [ 576345.0, 5241354.5 ], [ 576345.0, 5241354.0 ], [ 576344.5, 5241354.0 ], [ 576344.5, 5241353.5 ], [ 576344.0, 5241353.5 ], [ 576344.0, 5241353.0 ], [ 576343.5, 5241353.0 ], [ 576343.5, 5241352.5 ], [ 576343.0, 5241352.5 ], [ 576343.0, 5241352.0 ], [ 576342.5, 5241352.0 ], [ 576342.5, 5241351.5 ], [ 576342.0, 5241351.5 ], [ 576342.0, 5241351.0 ], [ 576341.5, 5241351.0 ], [ 576341.5, 5241350.5 ], [ 576341.0, 5241350.5 ], [ 576341.0, 5241349.5 ], [ 576340.5, 5241349.5 ], [ 576340.5, 5241349.0 ], [ 576340.0, 5241349.0 ], [ 576340.0, 5241348.5 ], [ 576339.5, 5241348.5 ], [ 576339.5, 5241348.0 ], [ 576339.0, 5241348.0 ], [ 576339.0, 5241347.0 ], [ 576338.5, 5241347.0 ], [ 576338.5, 5241346.5 ], [ 576338.0, 5241346.5 ], [ 576338.0, 5241346.0 ], [ 576337.5, 5241346.0 ], [ 576337.5, 5241345.0 ], [ 576337.0, 5241345.0 ], [ 576337.0, 5241344.5 ], [ 576336.5, 5241344.5 ], [ 576336.5, 5241343.5 ], [ 576336.0, 5241343.5 ], [ 576336.0, 5241343.0 ], [ 576335.5, 5241343.0 ], [ 576335.5, 5241342.5 ], [ 576335.0, 5241342.5 ], [ 576335.0, 5241342.0 ], [ 576334.5, 5241342.0 ], [ 576334.5, 5241341.0 ], [ 576334.0, 5241341.0 ], [ 576334.0, 5241340.5 ], [ 576333.5, 5241340.5 ], [ 576333.5, 5241340.0 ], [ 576333.0, 5241340.0 ], [ 576333.0, 5241339.5 ], [ 576332.5, 5241339.5 ], [ 576332.5, 5241339.0 ], [ 576332.0, 5241339.0 ], [ 576332.0, 5241338.5 ], [ 576331.5, 5241338.5 ], [ 576331.5, 5241338.0 ], [ 576331.0, 5241338.0 ], [ 576331.0, 5241337.5 ], [ 576330.5, 5241337.5 ], [ 576330.5, 5241337.0 ], [ 576330.0, 5241337.0 ], [ 576330.0, 5241336.5 ], [ 576329.5, 5241336.5 ], [ 576329.5, 5241336.0 ], [ 576329.0, 5241336.0 ], [ 576329.0, 5241335.5 ], [ 576328.5, 5241335.5 ], [ 576328.5, 5241335.0 ], [ 576328.0, 5241335.0 ], [ 576328.0, 5241334.5 ], [ 576327.5, 5241334.5 ], [ 576327.5, 5241334.0 ], [ 576327.0, 5241334.0 ], [ 576327.0, 5241333.5 ], [ 576326.5, 5241333.5 ], [ 576326.5, 5241333.0 ], [ 576326.0, 5241333.0 ], [ 576326.0, 5241332.5 ], [ 576325.5, 5241332.5 ], [ 576325.5, 5241332.0 ], [ 576325.0, 5241332.0 ], [ 576325.0, 5241331.5 ], [ 576324.5, 5241331.5 ], [ 576324.5, 5241331.0 ], [ 576324.0, 5241331.0 ], [ 576324.0, 5241330.0 ], [ 576323.5, 5241330.0 ], [ 576323.5, 5241329.5 ], [ 576323.0, 5241329.5 ], [ 576323.0, 5241328.5 ], [ 576322.5, 5241328.5 ], [ 576322.5, 5241327.5 ], [ 576322.0, 5241327.5 ], [ 576322.0, 5241327.0 ], [ 576321.5, 5241327.0 ], [ 576321.5, 5241326.0 ], [ 576321.0, 5241326.0 ], [ 576321.0, 5241324.5 ], [ 576320.5, 5241324.5 ], [ 576320.5, 5241324.0 ], [ 576320.0, 5241324.0 ], [ 576320.0, 5241323.5 ], [ 576319.5, 5241323.5 ], [ 576319.5, 5241323.0 ], [ 576319.0, 5241323.0 ], [ 576319.0, 5241322.0 ], [ 576318.5, 5241322.0 ], [ 576318.5, 5241321.5 ], [ 576318.0, 5241321.5 ], [ 576318.0, 5241320.5 ], [ 576317.5, 5241320.5 ], [ 576317.5, 5241319.5 ], [ 576317.0, 5241319.5 ], [ 576317.0, 5241319.0 ], [ 576316.5, 5241319.0 ], [ 576316.5, 5241317.0 ], [ 576317.0, 5241317.0 ], [ 576317.0, 5241315.0 ], [ 576317.5, 5241315.0 ], [ 576317.5, 5241313.0 ], [ 576318.0, 5241313.0 ], [ 576318.0, 5241312.0 ], [ 576317.5, 5241312.0 ], [ 576317.5, 5241311.0 ], [ 576317.0, 5241311.0 ], [ 576317.0, 5241310.0 ], [ 576316.5, 5241310.0 ], [ 576316.5, 5241309.0 ], [ 576316.0, 5241309.0 ], [ 576316.0, 5241307.5 ], [ 576315.5, 5241307.5 ], [ 576315.5, 5241306.5 ], [ 576315.0, 5241306.5 ], [ 576315.0, 5241305.0 ], [ 576314.5, 5241305.0 ], [ 576314.5, 5241303.5 ], [ 576314.0, 5241303.5 ], [ 576314.0, 5241301.5 ], [ 576313.5, 5241301.5 ], [ 576313.5, 5241300.0 ], [ 576313.0, 5241300.0 ], [ 576313.0, 5241298.5 ], [ 576312.5, 5241298.5 ], [ 576312.5, 5241297.5 ], [ 576312.0, 5241297.5 ], [ 576312.0, 5241296.5 ], [ 576311.5, 5241296.5 ], [ 576311.5, 5241295.5 ], [ 576311.0, 5241295.5 ], [ 576311.0, 5241294.5 ], [ 576310.5, 5241294.5 ], [ 576310.5, 5241293.5 ], [ 576310.0, 5241293.5 ], [ 576310.0, 5241292.5 ], [ 576309.5, 5241292.5 ], [ 576309.5, 5241291.5 ], [ 576309.0, 5241291.5 ], [ 576309.0, 5241291.0 ], [ 576308.5, 5241291.0 ], [ 576308.5, 5241290.5 ], [ 576308.0, 5241290.5 ], [ 576308.0, 5241290.0 ], [ 576307.5, 5241290.0 ], [ 576307.5, 5241289.5 ], [ 576307.0, 5241289.5 ], [ 576307.0, 5241289.0 ], [ 576306.5, 5241289.0 ], [ 576306.5, 5241288.5 ], [ 576306.0, 5241288.5 ], [ 576306.0, 5241287.5 ], [ 576305.5, 5241287.5 ], [ 576305.5, 5241287.0 ], [ 576305.0, 5241287.0 ], [ 576305.0, 5241286.5 ], [ 576304.5, 5241286.5 ], [ 576304.5, 5241286.0 ], [ 576304.0, 5241286.0 ], [ 576304.0, 5241285.5 ], [ 576303.5, 5241285.5 ], [ 576303.5, 5241285.0 ], [ 576303.0, 5241285.0 ], [ 576303.0, 5241284.5 ], [ 576302.5, 5241284.5 ], [ 576302.5, 5241284.0 ], [ 576302.0, 5241284.0 ], [ 576302.0, 5241283.5 ], [ 576301.5, 5241283.5 ], [ 576301.5, 5241283.0 ], [ 576301.0, 5241283.0 ], [ 576301.0, 5241282.5 ], [ 576300.5, 5241282.5 ], [ 576300.5, 5241282.0 ], [ 576300.0, 5241282.0 ], [ 576300.0, 5241281.5 ], [ 576299.5, 5241281.5 ], [ 576299.5, 5241281.0 ], [ 576298.5, 5241281.0 ], [ 576298.5, 5241280.5 ], [ 576297.0, 5241280.5 ], [ 576297.0, 5241280.0 ], [ 576296.0, 5241280.0 ], [ 576296.0, 5241279.5 ], [ 576295.5, 5241279.5 ], [ 576295.5, 5241279.0 ], [ 576295.0, 5241279.0 ], [ 576295.0, 5241278.5 ], [ 576294.5, 5241278.5 ], [ 576294.5, 5241278.0 ], [ 576294.0, 5241278.0 ], [ 576294.0, 5241277.0 ], [ 576293.5, 5241277.0 ], [ 576293.5, 5241276.0 ], [ 576293.0, 5241276.0 ], [ 576293.0, 5241275.0 ], [ 576292.5, 5241275.0 ], [ 576292.5, 5241273.5 ], [ 576292.0, 5241273.5 ], [ 576292.0, 5241272.5 ], [ 576291.5, 5241272.5 ], [ 576291.5, 5241271.0 ], [ 576291.0, 5241271.0 ], [ 576291.0, 5241270.5 ], [ 576290.5, 5241270.5 ], [ 576290.5, 5241269.0 ], [ 576290.0, 5241269.0 ], [ 576290.0, 5241268.0 ], [ 576289.5, 5241268.0 ], [ 576289.5, 5241267.5 ], [ 576289.0, 5241267.5 ], [ 576289.0, 5241267.0 ], [ 576288.5, 5241267.0 ], [ 576288.5, 5241266.5 ], [ 576288.0, 5241266.5 ], [ 576288.0, 5241266.0 ], [ 576287.5, 5241266.0 ], [ 576287.5, 5241265.5 ], [ 576287.0, 5241265.5 ], [ 576287.0, 5241265.0 ], [ 576286.5, 5241265.0 ], [ 576286.5, 5241264.5 ], [ 576286.0, 5241264.5 ], [ 576286.0, 5241264.0 ], [ 576285.5, 5241264.0 ], [ 576285.5, 5241263.5 ], [ 576285.0, 5241263.5 ], [ 576285.0, 5241263.0 ], [ 576284.5, 5241263.0 ], [ 576284.5, 5241262.5 ], [ 576284.0, 5241262.5 ], [ 576284.0, 5241262.0 ], [ 576283.5, 5241262.0 ], [ 576283.5, 5241261.5 ], [ 576283.0, 5241261.5 ], [ 576283.0, 5241261.0 ], [ 576282.5, 5241261.0 ], [ 576282.5, 5241260.0 ], [ 576282.0, 5241260.0 ], [ 576282.0, 5241259.5 ], [ 576281.5, 5241259.5 ], [ 576281.5, 5241258.5 ], [ 576281.0, 5241258.5 ], [ 576281.0, 5241257.0 ], [ 576280.5, 5241257.0 ], [ 576280.5, 5241256.0 ], [ 576280.0, 5241256.0 ], [ 576280.0, 5241255.0 ], [ 576279.5, 5241255.0 ], [ 576279.5, 5241254.0 ], [ 576279.0, 5241254.0 ], [ 576279.0, 5241253.5 ], [ 576278.5, 5241253.5 ], [ 576278.5, 5241253.0 ], [ 576278.0, 5241253.0 ], [ 576278.0, 5241252.5 ], [ 576277.5, 5241252.5 ], [ 576277.5, 5241252.0 ], [ 576277.0, 5241252.0 ], [ 576277.0, 5241251.5 ], [ 576276.5, 5241251.5 ], [ 576276.5, 5241251.0 ], [ 576276.0, 5241251.0 ], [ 576276.0, 5241250.5 ], [ 576275.5, 5241250.5 ], [ 576275.5, 5241250.0 ], [ 576275.0, 5241250.0 ], [ 576275.0, 5241249.5 ], [ 576274.5, 5241249.5 ], [ 576274.5, 5241249.0 ], [ 576274.0, 5241249.0 ], [ 576274.0, 5241248.5 ], [ 576273.5, 5241248.5 ], [ 576273.5, 5241249.0 ], [ 576272.0, 5241249.0 ], [ 576272.0, 5241248.5 ], [ 576271.0, 5241248.5 ], [ 576271.0, 5241248.0 ], [ 576270.5, 5241248.0 ], [ 576270.5, 5241247.5 ], [ 576270.0, 5241247.5 ], [ 576270.0, 5241247.0 ], [ 576269.5, 5241247.0 ], [ 576269.5, 5241246.5 ], [ 576269.0, 5241246.5 ], [ 576269.0, 5241244.5 ], [ 576268.5, 5241244.5 ], [ 576268.5, 5241242.5 ], [ 576269.0, 5241242.5 ], [ 576269.0, 5241242.0 ], [ 576268.5, 5241242.0 ], [ 576268.5, 5241241.0 ], [ 576268.0, 5241241.0 ], [ 576268.0, 5241236.5 ], [ 576268.5, 5241236.5 ], [ 576268.5, 5241234.5 ], [ 576268.0, 5241234.5 ], [ 576268.0, 5241234.0 ], [ 576268.5, 5241234.0 ], [ 576268.5, 5241233.0 ], [ 576268.0, 5241233.0 ], [ 576268.0, 5241232.0 ], [ 576268.5, 5241232.0 ], [ 576268.5, 5241231.5 ], [ 576268.0, 5241231.5 ], [ 576268.0, 5241230.5 ], [ 576268.5, 5241230.5 ], [ 576268.5, 5241230.0 ], [ 576268.0, 5241230.0 ], [ 576268.0, 5241229.5 ], [ 576267.5, 5241229.5 ], [ 576267.5, 5241229.0 ], [ 576267.0, 5241229.0 ], [ 576267.0, 5241228.0 ], [ 576267.5, 5241228.0 ], [ 576267.5, 5241227.5 ], [ 576267.0, 5241227.5 ], [ 576267.0, 5241227.0 ], [ 576266.5, 5241227.0 ], [ 576266.5, 5241223.0 ], [ 576267.0, 5241223.0 ], [ 576267.0, 5241221.0 ], [ 576267.5, 5241221.0 ], [ 576267.5, 5241220.0 ], [ 576268.0, 5241220.0 ], [ 576268.0, 5241216.0 ], [ 576267.5, 5241216.0 ], [ 576267.5, 5241214.5 ], [ 576268.0, 5241214.5 ], [ 576268.0, 5241212.5 ], [ 576268.5, 5241212.5 ], [ 576268.5, 5241212.0 ], [ 576268.0, 5241212.0 ], [ 576268.0, 5241210.0 ], [ 576268.5, 5241210.0 ], [ 576268.5, 5241209.5 ], [ 576268.0, 5241209.5 ], [ 576268.0, 5241209.0 ], [ 576268.5, 5241209.0 ], [ 576268.5, 5241208.0 ], [ 576268.0, 5241208.0 ], [ 576268.0, 5241207.5 ], [ 576268.5, 5241207.5 ], [ 576268.5, 5241206.5 ], [ 576268.0, 5241206.5 ], [ 576268.0, 5241206.0 ], [ 576268.5, 5241206.0 ], [ 576268.5, 5241205.5 ], [ 576269.0, 5241205.5 ], [ 576269.0, 5241205.0 ], [ 576269.5, 5241205.0 ], [ 576269.5, 5241205.5 ], [ 576270.0, 5241205.5 ], [ 576270.0, 5241206.0 ], [ 576270.5, 5241206.0 ], [ 576270.5, 5241206.5 ], [ 576271.0, 5241206.5 ], [ 576271.0, 5241207.0 ], [ 576271.5, 5241207.0 ], [ 576271.5, 5241207.5 ], [ 576272.0, 5241207.5 ], [ 576272.0, 5241208.0 ], [ 576272.5, 5241208.0 ], [ 576272.5, 5241208.5 ], [ 576273.0, 5241208.5 ], [ 576273.0, 5241209.0 ], [ 576273.5, 5241209.0 ], [ 576273.5, 5241209.5 ], [ 576274.0, 5241209.5 ], [ 576274.0, 5241210.0 ], [ 576274.5, 5241210.0 ], [ 576274.5, 5241210.5 ], [ 576275.0, 5241210.5 ], [ 576275.0, 5241211.0 ], [ 576275.5, 5241211.0 ], [ 576275.5, 5241211.5 ], [ 576276.0, 5241211.5 ], [ 576276.0, 5241212.0 ], [ 576276.5, 5241212.0 ], [ 576276.5, 5241212.5 ], [ 576277.5, 5241212.5 ], [ 576277.5, 5241212.0 ], [ 576278.0, 5241212.0 ], [ 576278.0, 5241211.5 ], [ 576278.5, 5241211.5 ], [ 576278.5, 5241210.5 ], [ 576279.0, 5241210.5 ], [ 576279.0, 5241210.0 ], [ 576279.5, 5241210.0 ], [ 576279.5, 5241209.0 ], [ 576280.0, 5241209.0 ], [ 576280.0, 5241208.5 ], [ 576280.5, 5241208.5 ], [ 576280.5, 5241208.0 ], [ 576281.0, 5241208.0 ], [ 576281.0, 5241207.0 ], [ 576281.5, 5241207.0 ], [ 576281.5, 5241206.5 ], [ 576282.0, 5241206.5 ], [ 576282.0, 5241205.5 ], [ 576282.5, 5241205.5 ], [ 576282.5, 5241205.0 ], [ 576283.0, 5241205.0 ], [ 576283.0, 5241204.5 ], [ 576283.5, 5241204.5 ], [ 576283.5, 5241203.5 ], [ 576284.0, 5241203.5 ], [ 576284.0, 5241203.0 ], [ 576284.5, 5241203.0 ], [ 576284.5, 5241202.5 ], [ 576285.0, 5241202.5 ], [ 576285.0, 5241201.5 ], [ 576285.5, 5241201.5 ], [ 576285.5, 5241201.0 ], [ 576286.0, 5241201.0 ], [ 576286.0, 5241200.0 ], [ 576286.5, 5241200.0 ], [ 576286.5, 5241199.5 ], [ 576287.0, 5241199.5 ], [ 576287.0, 5241199.0 ], [ 576287.5, 5241199.0 ], [ 576287.5, 5241198.0 ], [ 576288.0, 5241198.0 ], [ 576288.0, 5241197.5 ], [ 576288.5, 5241197.5 ], [ 576288.5, 5241197.0 ], [ 576289.0, 5241197.0 ], [ 576289.0, 5241196.0 ], [ 576289.5, 5241196.0 ], [ 576289.5, 5241195.5 ], [ 576290.0, 5241195.5 ], [ 576290.0, 5241194.5 ], [ 576290.5, 5241194.5 ], [ 576290.5, 5241194.0 ], [ 576291.0, 5241194.0 ], [ 576291.0, 5241193.5 ], [ 576291.5, 5241193.5 ], [ 576291.5, 5241192.5 ], [ 576292.0, 5241192.5 ], [ 576292.0, 5241192.0 ], [ 576292.5, 5241192.0 ], [ 576292.5, 5241191.5 ], [ 576293.0, 5241191.5 ], [ 576293.0, 5241190.5 ], [ 576293.5, 5241190.5 ], [ 576293.5, 5241190.0 ], [ 576294.0, 5241190.0 ], [ 576294.0, 5241189.0 ], [ 576294.5, 5241189.0 ], [ 576294.5, 5241188.5 ], [ 576295.0, 5241188.5 ], [ 576295.0, 5241188.0 ], [ 576295.5, 5241188.0 ], [ 576295.5, 5241187.0 ], [ 576296.0, 5241187.0 ], [ 576296.0, 5241186.5 ], [ 576296.5, 5241186.5 ], [ 576296.5, 5241186.0 ], [ 576297.0, 5241186.0 ], [ 576297.0, 5241185.0 ], [ 576297.5, 5241185.0 ], [ 576297.5, 5241184.5 ], [ 576298.0, 5241184.5 ], [ 576298.0, 5241183.5 ], [ 576298.5, 5241183.5 ], [ 576298.5, 5241183.0 ], [ 576299.0, 5241183.0 ], [ 576299.0, 5241182.5 ], [ 576299.5, 5241182.5 ], [ 576299.5, 5241181.5 ], [ 576300.0, 5241181.5 ], [ 576300.0, 5241181.0 ], [ 576300.5, 5241181.0 ], [ 576300.5, 5241180.0 ], [ 576301.0, 5241180.0 ], [ 576301.0, 5241179.5 ], [ 576301.5, 5241179.5 ], [ 576301.5, 5241179.0 ], [ 576302.0, 5241179.0 ], [ 576302.0, 5241178.5 ], [ 576302.5, 5241178.5 ], [ 576302.5, 5241178.0 ], [ 576303.5, 5241178.0 ], [ 576303.5, 5241177.5 ], [ 576304.0, 5241177.5 ], [ 576304.0, 5241177.0 ], [ 576304.5, 5241177.0 ], [ 576304.5, 5241176.5 ], [ 576305.0, 5241176.5 ], [ 576305.0, 5241175.5 ], [ 576305.5, 5241175.5 ], [ 576305.5, 5241174.0 ], [ 576306.0, 5241174.0 ], [ 576306.0, 5241173.0 ], [ 576306.5, 5241173.0 ], [ 576306.5, 5241171.0 ], [ 576306.0, 5241171.0 ], [ 576306.0, 5241170.5 ], [ 576305.5, 5241170.5 ], [ 576305.5, 5241167.5 ], [ 576305.0, 5241167.5 ], [ 576305.0, 5241163.5 ], [ 576304.5, 5241163.5 ], [ 576304.5, 5241159.0 ], [ 576304.0, 5241159.0 ], [ 576304.0, 5241154.5 ], [ 576303.5, 5241154.5 ], [ 576303.5, 5241150.0 ], [ 576303.0, 5241150.0 ], [ 576303.0, 5241146.0 ], [ 576302.5, 5241146.0 ], [ 576302.5, 5241141.5 ], [ 576302.0, 5241141.5 ], [ 576302.0, 5241137.0 ], [ 576301.5, 5241137.0 ], [ 576301.5, 5241132.5 ], [ 576301.0, 5241132.5 ], [ 576301.0, 5241128.5 ], [ 576300.5, 5241128.5 ], [ 576300.5, 5241124.0 ], [ 576300.0, 5241124.0 ], [ 576300.0, 5241119.5 ], [ 576299.5, 5241119.5 ], [ 576299.5, 5241115.5 ], [ 576299.0, 5241115.5 ], [ 576299.0, 5241111.0 ], [ 576298.5, 5241111.0 ], [ 576298.5, 5241106.5 ], [ 576298.0, 5241106.5 ], [ 576298.0, 5241102.5 ], [ 576297.5, 5241102.5 ], [ 576297.5, 5241098.5 ], [ 576297.0, 5241098.5 ], [ 576297.0, 5241089.5 ], [ 576296.5, 5241089.5 ], [ 576296.5, 5241086.5 ], [ 576297.0, 5241086.5 ], [ 576297.0, 5241079.0 ], [ 576297.5, 5241079.0 ], [ 576297.5, 5241076.5 ], [ 576298.0, 5241076.5 ], [ 576298.0, 5241073.5 ], [ 576298.5, 5241073.5 ], [ 576298.5, 5241070.5 ], [ 576299.0, 5241070.5 ], [ 576299.0, 5241068.0 ], [ 576299.5, 5241068.0 ], [ 576299.5, 5241065.5 ], [ 576300.0, 5241065.5 ], [ 576300.0, 5241061.5 ], [ 576300.5, 5241061.5 ], [ 576300.5, 5241057.5 ], [ 576301.0, 5241057.5 ], [ 576301.0, 5241056.5 ], [ 576301.5, 5241056.5 ], [ 576301.5, 5241056.0 ], [ 576302.5, 5241056.0 ], [ 576302.5, 5241055.5 ], [ 576303.5, 5241055.5 ], [ 576303.5, 5241055.0 ], [ 576304.5, 5241055.0 ], [ 576304.5, 5241054.5 ], [ 576305.5, 5241054.5 ], [ 576305.5, 5241054.0 ], [ 576306.5, 5241054.0 ], [ 576306.5, 5241053.5 ], [ 576307.0, 5241053.5 ], [ 576307.0, 5241053.0 ], [ 576308.0, 5241053.0 ], [ 576308.0, 5241052.5 ], [ 576309.0, 5241052.5 ], [ 576309.0, 5241052.0 ], [ 576310.0, 5241052.0 ], [ 576310.0, 5241051.5 ], [ 576311.0, 5241051.5 ], [ 576311.0, 5241051.0 ], [ 576311.5, 5241051.0 ], [ 576311.5, 5241050.5 ], [ 576312.5, 5241050.5 ], [ 576312.5, 5241050.0 ], [ 576313.5, 5241050.0 ], [ 576313.5, 5241049.5 ], [ 576314.5, 5241049.5 ], [ 576314.5, 5241049.0 ], [ 576315.5, 5241049.0 ], [ 576315.5, 5241048.5 ], [ 576316.0, 5241048.5 ], [ 576316.0, 5241048.0 ], [ 576317.0, 5241048.0 ], [ 576317.0, 5241047.5 ], [ 576318.0, 5241047.5 ], [ 576318.0, 5241047.0 ], [ 576319.0, 5241047.0 ], [ 576319.0, 5241046.5 ], [ 576320.0, 5241046.5 ], [ 576320.0, 5241046.0 ], [ 576320.5, 5241046.0 ], [ 576320.5, 5241045.5 ], [ 576321.5, 5241045.5 ], [ 576321.5, 5241045.0 ], [ 576322.5, 5241045.0 ], [ 576322.5, 5241044.5 ], [ 576323.5, 5241044.5 ], [ 576323.5, 5241044.0 ], [ 576324.5, 5241044.0 ], [ 576324.5, 5241043.5 ], [ 576325.0, 5241043.5 ], [ 576325.0, 5241043.0 ], [ 576326.0, 5241043.0 ], [ 576326.0, 5241042.5 ], [ 576327.0, 5241042.5 ], [ 576327.0, 5241042.0 ], [ 576328.0, 5241042.0 ], [ 576328.0, 5241041.5 ], [ 576329.0, 5241041.5 ], [ 576329.0, 5241041.0 ], [ 576329.5, 5241041.0 ], [ 576329.5, 5241040.5 ], [ 576330.5, 5241040.5 ], [ 576330.5, 5241040.0 ], [ 576331.5, 5241040.0 ], [ 576331.5, 5241039.5 ], [ 576332.5, 5241039.5 ], [ 576332.5, 5241039.0 ], [ 576333.5, 5241039.0 ], [ 576333.5, 5241038.5 ], [ 576334.0, 5241038.5 ], [ 576334.0, 5241038.0 ], [ 576335.0, 5241038.0 ], [ 576335.0, 5241037.5 ], [ 576336.0, 5241037.5 ], [ 576336.0, 5241037.0 ], [ 576337.0, 5241037.0 ], [ 576337.0, 5241036.5 ], [ 576338.0, 5241036.5 ], [ 576338.0, 5241036.0 ], [ 576339.0, 5241036.0 ], [ 576339.0, 5241035.5 ], [ 576339.5, 5241035.5 ], [ 576339.5, 5241035.0 ], [ 576340.5, 5241035.0 ], [ 576340.5, 5241034.5 ], [ 576341.5, 5241034.5 ], [ 576341.5, 5241034.0 ], [ 576342.5, 5241034.0 ], [ 576342.5, 5241033.5 ], [ 576343.5, 5241033.5 ], [ 576343.5, 5241033.0 ], [ 576344.0, 5241033.0 ], [ 576344.0, 5241033.5 ], [ 576345.5, 5241033.5 ], [ 576345.5, 5241034.0 ], [ 576346.5, 5241034.0 ], [ 576346.5, 5241034.5 ], [ 576347.5, 5241034.5 ], [ 576347.5, 5241035.0 ], [ 576349.0, 5241035.0 ], [ 576349.0, 5241035.5 ], [ 576350.0, 5241035.5 ], [ 576350.0, 5241036.0 ], [ 576351.5, 5241036.0 ], [ 576351.5, 5241036.5 ], [ 576352.5, 5241036.5 ], [ 576352.5, 5241037.0 ], [ 576353.5, 5241037.0 ], [ 576353.5, 5241037.5 ], [ 576355.0, 5241037.5 ], [ 576355.0, 5241038.0 ], [ 576356.0, 5241038.0 ], [ 576356.0, 5241038.5 ], [ 576356.5, 5241038.5 ], [ 576356.5, 5241039.0 ], [ 576357.5, 5241039.0 ], [ 576357.5, 5241039.5 ], [ 576358.5, 5241039.5 ], [ 576358.5, 5241040.0 ], [ 576359.5, 5241040.0 ], [ 576359.5, 5241040.5 ], [ 576360.0, 5241040.5 ], [ 576360.0, 5241041.0 ], [ 576360.5, 5241041.0 ], [ 576360.5, 5241041.5 ], [ 576361.0, 5241041.5 ], [ 576361.0, 5241042.0 ], [ 576361.5, 5241042.0 ], [ 576361.5, 5241042.5 ], [ 576362.0, 5241042.5 ], [ 576362.0, 5241043.0 ], [ 576362.5, 5241043.0 ], [ 576362.5, 5241044.0 ], [ 576363.0, 5241044.0 ], [ 576363.0, 5241044.5 ], [ 576363.5, 5241044.5 ], [ 576363.5, 5241045.0 ], [ 576364.0, 5241045.0 ], [ 576364.0, 5241045.5 ], [ 576364.5, 5241045.5 ], [ 576364.5, 5241046.0 ], [ 576365.0, 5241046.0 ], [ 576365.0, 5241046.5 ], [ 576365.5, 5241046.5 ], [ 576365.5, 5241047.0 ], [ 576366.0, 5241047.0 ], [ 576366.0, 5241047.5 ], [ 576366.5, 5241047.5 ], [ 576366.5, 5241048.0 ], [ 576367.0, 5241048.0 ], [ 576367.0, 5241048.5 ], [ 576367.5, 5241048.5 ], [ 576367.5, 5241049.0 ], [ 576368.0, 5241049.0 ], [ 576368.0, 5241049.5 ], [ 576368.5, 5241049.5 ], [ 576368.5, 5241050.0 ], [ 576369.0, 5241050.0 ], [ 576369.0, 5241050.5 ], [ 576369.5, 5241050.5 ], [ 576369.5, 5241051.0 ], [ 576370.0, 5241051.0 ], [ 576370.0, 5241051.5 ], [ 576370.5, 5241051.5 ], [ 576370.5, 5241052.0 ], [ 576371.0, 5241052.0 ], [ 576371.0, 5241052.5 ], [ 576371.5, 5241052.5 ], [ 576371.5, 5241053.0 ], [ 576372.0, 5241053.0 ], [ 576372.0, 5241053.5 ], [ 576372.5, 5241053.5 ], [ 576372.5, 5241054.0 ], [ 576373.0, 5241054.0 ], [ 576373.0, 5241054.5 ], [ 576373.5, 5241054.5 ], [ 576373.5, 5241055.0 ], [ 576374.0, 5241055.0 ], [ 576374.0, 5241055.5 ], [ 576374.5, 5241055.5 ], [ 576374.5, 5241056.0 ], [ 576375.0, 5241056.0 ], [ 576375.0, 5241056.5 ], [ 576375.5, 5241056.5 ], [ 576375.5, 5241057.0 ], [ 576376.0, 5241057.0 ], [ 576376.0, 5241057.5 ], [ 576376.5, 5241057.5 ], [ 576376.5, 5241058.5 ], [ 576377.0, 5241058.5 ], [ 576377.0, 5241059.0 ], [ 576377.5, 5241059.0 ], [ 576377.5, 5241059.5 ], [ 576378.0, 5241059.5 ], [ 576378.0, 5241060.0 ], [ 576378.5, 5241060.0 ], [ 576378.5, 5241059.5 ], [ 576379.0, 5241059.5 ], [ 576379.0, 5241058.5 ], [ 576379.5, 5241058.5 ], [ 576379.5, 5241058.0 ], [ 576380.0, 5241058.0 ], [ 576380.0, 5241058.5 ], [ 576381.0, 5241058.5 ], [ 576381.0, 5241058.0 ], [ 576381.5, 5241058.0 ], [ 576381.5, 5241057.5 ], [ 576382.0, 5241057.5 ], [ 576382.0, 5241057.0 ], [ 576382.5, 5241057.0 ], [ 576382.5, 5241056.5 ], [ 576383.0, 5241056.5 ], [ 576383.0, 5241056.0 ], [ 576383.5, 5241056.0 ], [ 576383.5, 5241055.5 ], [ 576384.0, 5241055.5 ], [ 576384.0, 5241055.0 ], [ 576384.5, 5241055.0 ], [ 576384.5, 5241054.5 ], [ 576385.0, 5241054.5 ], [ 576385.0, 5241054.0 ], [ 576385.5, 5241054.0 ], [ 576385.5, 5241053.5 ], [ 576386.0, 5241053.5 ], [ 576386.0, 5241053.0 ], [ 576385.5, 5241053.0 ], [ 576385.5, 5241052.5 ], [ 576385.0, 5241052.5 ], [ 576385.0, 5241052.0 ], [ 576384.5, 5241052.0 ], [ 576384.5, 5241051.5 ], [ 576384.0, 5241051.5 ], [ 576384.0, 5241051.0 ], [ 576383.5, 5241051.0 ], [ 576383.5, 5241050.5 ], [ 576383.0, 5241050.5 ], [ 576383.0, 5241050.0 ], [ 576382.5, 5241050.0 ], [ 576382.5, 5241049.5 ], [ 576382.0, 5241049.5 ], [ 576382.0, 5241049.0 ], [ 576381.5, 5241049.0 ], [ 576381.5, 5241048.5 ], [ 576382.0, 5241048.5 ], [ 576382.0, 5241048.0 ], [ 576382.5, 5241048.0 ], [ 576382.5, 5241048.5 ], [ 576383.5, 5241048.5 ], [ 576383.5, 5241049.0 ], [ 576384.0, 5241049.0 ], [ 576384.0, 5241049.5 ], [ 576385.5, 5241049.5 ], [ 576385.5, 5241050.0 ], [ 576386.5, 5241050.0 ], [ 576386.5, 5241050.5 ], [ 576388.0, 5241050.5 ], [ 576388.0, 5241051.0 ], [ 576388.5, 5241051.0 ], [ 576388.5, 5241051.5 ], [ 576390.0, 5241051.5 ], [ 576390.0, 5241052.0 ], [ 576392.5, 5241052.0 ], [ 576392.5, 5241052.5 ], [ 576393.0, 5241052.5 ], [ 576393.0, 5241053.0 ], [ 576393.5, 5241053.0 ], [ 576393.5, 5241052.5 ], [ 576397.5, 5241052.5 ], [ 576397.5, 5241052.0 ], [ 576399.5, 5241052.0 ], [ 576399.5, 5241051.5 ], [ 576401.5, 5241051.5 ], [ 576401.5, 5241051.0 ], [ 576403.5, 5241051.0 ], [ 576403.5, 5241050.5 ], [ 576404.0, 5241050.5 ], [ 576404.0, 5241050.0 ], [ 576405.5, 5241050.0 ], [ 576405.5, 5241049.5 ], [ 576406.0, 5241049.5 ], [ 576406.0, 5241049.0 ], [ 576406.5, 5241049.0 ], [ 576406.5, 5241048.5 ], [ 576407.0, 5241048.5 ], [ 576407.0, 5241048.0 ], [ 576408.0, 5241048.0 ], [ 576408.0, 5241048.5 ], [ 576409.0, 5241048.5 ], [ 576409.0, 5241048.0 ], [ 576409.5, 5241048.0 ], [ 576409.5, 5241047.5 ], [ 576410.0, 5241047.5 ], [ 576410.0, 5241047.0 ], [ 576410.5, 5241047.0 ], [ 576410.5, 5241046.5 ], [ 576411.0, 5241046.5 ], [ 576411.0, 5241046.0 ], [ 576411.5, 5241046.0 ], [ 576411.5, 5241045.5 ], [ 576412.0, 5241045.5 ], [ 576412.0, 5241046.0 ], [ 576412.5, 5241046.0 ], [ 576412.5, 5241045.5 ], [ 576413.0, 5241045.5 ], [ 576413.0, 5241046.0 ], [ 576413.5, 5241046.0 ], [ 576413.5, 5241046.5 ], [ 576414.0, 5241046.5 ], [ 576414.0, 5241046.0 ], [ 576414.5, 5241046.0 ], [ 576414.5, 5241046.5 ], [ 576415.0, 5241046.5 ], [ 576415.0, 5241047.0 ], [ 576416.0, 5241047.0 ], [ 576416.0, 5241047.5 ], [ 576416.5, 5241047.5 ], [ 576416.5, 5241048.0 ], [ 576417.5, 5241048.0 ], [ 576417.5, 5241048.5 ], [ 576418.0, 5241048.5 ], [ 576418.0, 5241049.0 ], [ 576419.5, 5241049.0 ], [ 576419.5, 5241049.5 ], [ 576420.0, 5241049.5 ], [ 576420.0, 5241050.0 ], [ 576421.5, 5241050.0 ], [ 576421.5, 5241050.5 ], [ 576422.5, 5241050.5 ], [ 576422.5, 5241051.0 ], [ 576423.0, 5241051.0 ], [ 576423.0, 5241051.5 ], [ 576423.5, 5241051.5 ], [ 576423.5, 5241052.0 ], [ 576424.0, 5241052.0 ], [ 576424.0, 5241052.5 ], [ 576424.5, 5241052.5 ], [ 576424.5, 5241053.0 ], [ 576425.0, 5241053.0 ], [ 576425.0, 5241053.5 ], [ 576425.5, 5241053.5 ], [ 576425.5, 5241054.0 ], [ 576426.5, 5241054.0 ], [ 576426.5, 5241053.5 ], [ 576428.0, 5241053.5 ], [ 576428.0, 5241054.0 ], [ 576428.5, 5241054.0 ], [ 576428.5, 5241054.5 ], [ 576429.0, 5241054.5 ], [ 576429.0, 5241055.0 ], [ 576429.5, 5241055.0 ], [ 576429.5, 5241054.5 ], [ 576430.0, 5241054.5 ], [ 576430.0, 5241055.0 ], [ 576431.0, 5241055.0 ], [ 576431.0, 5241055.5 ], [ 576431.5, 5241055.5 ], [ 576431.5, 5241056.0 ], [ 576432.0, 5241056.0 ], [ 576432.0, 5241056.5 ], [ 576432.5, 5241056.5 ], [ 576432.5, 5241057.0 ], [ 576433.0, 5241057.0 ], [ 576433.0, 5241057.5 ], [ 576433.5, 5241057.5 ], [ 576433.5, 5241058.0 ], [ 576434.0, 5241058.0 ], [ 576434.0, 5241058.5 ], [ 576435.5, 5241058.5 ], [ 576435.5, 5241058.0 ], [ 576436.0, 5241058.0 ], [ 576436.0, 5241057.5 ], [ 576436.5, 5241057.5 ], [ 576436.5, 5241058.0 ], [ 576437.0, 5241058.0 ], [ 576437.0, 5241060.0 ], [ 576436.5, 5241060.0 ], [ 576436.5, 5241060.5 ], [ 576437.0, 5241060.5 ], [ 576437.0, 5241061.0 ], [ 576437.5, 5241061.0 ], [ 576437.5, 5241061.5 ], [ 576438.0, 5241061.5 ], [ 576438.0, 5241062.0 ], [ 576438.5, 5241062.0 ], [ 576438.5, 5241062.5 ], [ 576439.0, 5241062.5 ], [ 576439.0, 5241063.0 ], [ 576439.5, 5241063.0 ], [ 576439.5, 5241063.5 ], [ 576440.0, 5241063.5 ], [ 576440.0, 5241064.0 ], [ 576440.5, 5241064.0 ], [ 576440.5, 5241064.5 ], [ 576441.0, 5241064.5 ], [ 576441.0, 5241065.0 ], [ 576441.5, 5241065.0 ], [ 576441.5, 5241065.5 ], [ 576442.0, 5241065.5 ], [ 576442.0, 5241066.0 ], [ 576442.5, 5241066.0 ], [ 576442.5, 5241065.5 ], [ 576443.0, 5241065.5 ], [ 576443.0, 5241065.0 ], [ 576443.5, 5241065.0 ], [ 576443.5, 5241064.5 ], [ 576444.0, 5241064.5 ], [ 576444.0, 5241064.0 ], [ 576444.5, 5241064.0 ], [ 576444.5, 5241063.5 ], [ 576445.5, 5241063.5 ], [ 576445.5, 5241064.0 ], [ 576446.0, 5241064.0 ], [ 576446.0, 5241063.5 ], [ 576446.5, 5241063.5 ], [ 576446.5, 5241064.0 ], [ 576447.0, 5241064.0 ], [ 576447.0, 5241064.5 ], [ 576447.5, 5241064.5 ], [ 576447.5, 5241065.0 ], [ 576448.0, 5241065.0 ], [ 576448.0, 5241065.5 ], [ 576448.5, 5241065.5 ], [ 576448.5, 5241066.0 ], [ 576449.0, 5241066.0 ], [ 576449.0, 5241065.5 ], [ 576449.5, 5241065.5 ], [ 576449.5, 5241066.0 ], [ 576450.0, 5241066.0 ], [ 576450.0, 5241066.5 ], [ 576451.0, 5241066.5 ], [ 576451.0, 5241066.0 ], [ 576451.5, 5241066.0 ], [ 576451.5, 5241066.5 ], [ 576452.0, 5241066.5 ], [ 576452.0, 5241067.0 ], [ 576452.5, 5241067.0 ], [ 576452.5, 5241067.5 ], [ 576453.0, 5241067.5 ], [ 576453.0, 5241068.0 ], [ 576453.5, 5241068.0 ], [ 576453.5, 5241068.5 ], [ 576454.0, 5241068.5 ], [ 576454.0, 5241069.0 ], [ 576454.5, 5241069.0 ], [ 576454.5, 5241068.5 ], [ 576456.0, 5241068.5 ], [ 576456.0, 5241069.0 ], [ 576457.0, 5241069.0 ], [ 576457.0, 5241069.5 ], [ 576457.5, 5241069.5 ], [ 576457.5, 5241070.0 ], [ 576458.0, 5241070.0 ], [ 576458.0, 5241070.5 ], [ 576458.5, 5241070.5 ], [ 576458.5, 5241071.0 ], [ 576459.0, 5241071.0 ], [ 576459.0, 5241071.5 ], [ 576459.5, 5241071.5 ], [ 576459.5, 5241072.0 ], [ 576460.0, 5241072.0 ], [ 576460.0, 5241072.5 ], [ 576460.5, 5241072.5 ], [ 576460.5, 5241073.0 ], [ 576460.0, 5241073.0 ], [ 576460.0, 5241074.0 ], [ 576459.5, 5241074.0 ], [ 576459.5, 5241074.5 ], [ 576459.0, 5241074.5 ], [ 576459.0, 5241075.0 ], [ 576458.5, 5241075.0 ], [ 576458.5, 5241075.5 ], [ 576458.0, 5241075.5 ], [ 576458.0, 5241076.0 ], [ 576457.5, 5241076.0 ], [ 576457.5, 5241076.5 ], [ 576458.0, 5241076.5 ], [ 576458.0, 5241077.0 ], [ 576458.5, 5241077.0 ], [ 576458.5, 5241077.5 ], [ 576459.0, 5241077.5 ], [ 576459.0, 5241078.0 ], [ 576459.5, 5241078.0 ], [ 576459.5, 5241078.5 ], [ 576460.0, 5241078.5 ], [ 576460.0, 5241079.0 ], [ 576460.5, 5241079.0 ], [ 576460.5, 5241079.5 ], [ 576461.0, 5241079.5 ], [ 576461.0, 5241080.0 ], [ 576461.5, 5241080.0 ], [ 576461.5, 5241080.5 ], [ 576462.0, 5241080.5 ], [ 576462.0, 5241081.0 ], [ 576462.5, 5241081.0 ], [ 576462.5, 5241081.5 ], [ 576463.0, 5241081.5 ], [ 576463.0, 5241082.0 ], [ 576463.5, 5241082.0 ], [ 576463.5, 5241082.5 ], [ 576464.0, 5241082.5 ], [ 576464.0, 5241083.0 ], [ 576465.0, 5241083.0 ], [ 576465.0, 5241082.5 ], [ 576465.5, 5241082.5 ], [ 576465.5, 5241082.0 ], [ 576466.5, 5241082.0 ], [ 576466.5, 5241081.5 ], [ 576467.0, 5241081.5 ], [ 576467.0, 5241082.0 ], [ 576469.5, 5241082.0 ], [ 576469.5, 5241081.5 ], [ 576470.0, 5241081.5 ], [ 576470.0, 5241081.0 ], [ 576470.5, 5241081.0 ], [ 576470.5, 5241080.5 ], [ 576471.0, 5241080.5 ], [ 576471.0, 5241080.0 ], [ 576471.5, 5241080.0 ], [ 576471.5, 5241079.5 ], [ 576472.0, 5241079.5 ], [ 576472.0, 5241079.0 ], [ 576472.5, 5241079.0 ], [ 576472.5, 5241078.5 ], [ 576473.0, 5241078.5 ], [ 576473.0, 5241079.0 ], [ 576474.0, 5241079.0 ], [ 576474.0, 5241079.5 ], [ 576474.5, 5241079.5 ], [ 576474.5, 5241080.0 ], [ 576475.0, 5241080.0 ], [ 576475.0, 5241079.5 ], [ 576475.5, 5241079.5 ], [ 576475.5, 5241080.0 ], [ 576476.0, 5241080.0 ], [ 576476.0, 5241080.5 ], [ 576476.5, 5241080.5 ], [ 576476.5, 5241081.0 ], [ 576477.0, 5241081.0 ], [ 576477.0, 5241081.5 ], [ 576477.5, 5241081.5 ], [ 576477.5, 5241082.0 ], [ 576479.5, 5241082.0 ], [ 576479.5, 5241082.5 ], [ 576480.0, 5241082.5 ], [ 576480.0, 5241083.0 ], [ 576480.5, 5241083.0 ], [ 576480.5, 5241083.5 ], [ 576481.0, 5241083.5 ], [ 576481.0, 5241084.0 ], [ 576481.5, 5241084.0 ], [ 576481.5, 5241084.5 ], [ 576482.0, 5241084.5 ], [ 576482.0, 5241085.0 ], [ 576483.0, 5241085.0 ], [ 576483.0, 5241085.5 ], [ 576483.5, 5241085.5 ], [ 576483.5, 5241086.0 ], [ 576484.0, 5241086.0 ], [ 576484.0, 5241086.5 ], [ 576484.5, 5241086.5 ], [ 576484.5, 5241087.0 ], [ 576485.5, 5241087.0 ], [ 576485.5, 5241087.5 ], [ 576486.0, 5241087.5 ], [ 576486.0, 5241088.0 ], [ 576486.5, 5241088.0 ], [ 576486.5, 5241088.5 ], [ 576487.0, 5241088.5 ], [ 576487.0, 5241089.0 ], [ 576487.5, 5241089.0 ], [ 576487.5, 5241089.5 ], [ 576488.0, 5241089.5 ], [ 576488.0, 5241090.0 ], [ 576488.5, 5241090.0 ], [ 576488.5, 5241090.5 ], [ 576489.0, 5241090.5 ], [ 576489.0, 5241091.0 ], [ 576489.5, 5241091.0 ], [ 576489.5, 5241091.5 ], [ 576490.5, 5241091.5 ], [ 576490.5, 5241091.0 ], [ 576491.0, 5241091.0 ], [ 576491.0, 5241090.5 ], [ 576492.0, 5241090.5 ], [ 576492.0, 5241091.0 ], [ 576492.5, 5241091.0 ], [ 576492.5, 5241091.5 ], [ 576493.0, 5241091.5 ], [ 576493.0, 5241091.0 ], [ 576493.5, 5241091.0 ], [ 576493.5, 5241091.5 ], [ 576494.0, 5241091.5 ], [ 576494.0, 5241092.0 ], [ 576494.5, 5241092.0 ], [ 576494.5, 5241092.5 ], [ 576495.0, 5241092.5 ], [ 576495.0, 5241093.0 ], [ 576496.0, 5241093.0 ], [ 576496.0, 5241093.5 ], [ 576497.0, 5241093.5 ], [ 576497.0, 5241093.0 ], [ 576497.5, 5241093.0 ], [ 576497.5, 5241092.5 ], [ 576498.0, 5241092.5 ], [ 576498.0, 5241092.0 ], [ 576498.5, 5241092.0 ], [ 576498.5, 5241091.5 ], [ 576500.0, 5241091.5 ], [ 576500.0, 5241092.0 ], [ 576501.0, 5241092.0 ], [ 576501.0, 5241092.5 ], [ 576502.0, 5241092.5 ], [ 576502.0, 5241093.0 ], [ 576504.0, 5241093.0 ], [ 576504.0, 5241093.5 ], [ 576505.5, 5241093.5 ], [ 576505.5, 5241094.0 ], [ 576506.0, 5241094.0 ], [ 576506.0, 5241094.5 ], [ 576507.0, 5241094.5 ], [ 576507.0, 5241095.0 ], [ 576508.5, 5241095.0 ], [ 576508.5, 5241095.5 ], [ 576509.5, 5241095.5 ], [ 576509.5, 5241096.0 ], [ 576510.0, 5241096.0 ], [ 576510.0, 5241095.5 ], [ 576510.5, 5241095.5 ], [ 576510.5, 5241096.0 ], [ 576511.0, 5241096.0 ], [ 576511.0, 5241096.5 ], [ 576513.0, 5241096.5 ], [ 576513.0, 5241097.0 ], [ 576513.5, 5241097.0 ], [ 576513.5, 5241097.5 ], [ 576514.5, 5241097.5 ], [ 576514.5, 5241098.0 ], [ 576515.0, 5241098.0 ], [ 576515.0, 5241098.5 ], [ 576515.5, 5241098.5 ], [ 576515.5, 5241099.0 ], [ 576516.5, 5241099.0 ], [ 576516.5, 5241099.5 ], [ 576518.0, 5241099.5 ], [ 576518.0, 5241100.0 ], [ 576518.5, 5241100.0 ], [ 576518.5, 5241100.5 ], [ 576519.0, 5241100.5 ], [ 576519.0, 5241101.0 ], [ 576520.0, 5241101.0 ], [ 576520.0, 5241101.5 ], [ 576521.5, 5241101.5 ], [ 576521.5, 5241102.0 ], [ 576522.0, 5241102.0 ], [ 576522.0, 5241102.5 ], [ 576522.5, 5241102.5 ], [ 576522.5, 5241103.0 ], [ 576524.0, 5241103.0 ], [ 576524.0, 5241103.5 ], [ 576524.5, 5241103.5 ], [ 576524.5, 5241104.0 ], [ 576525.0, 5241104.0 ], [ 576525.0, 5241104.5 ], [ 576526.0, 5241104.5 ], [ 576526.0, 5241105.0 ], [ 576527.0, 5241105.0 ], [ 576527.0, 5241105.5 ], [ 576527.5, 5241105.5 ], [ 576527.5, 5241106.0 ], [ 576529.5, 5241106.0 ], [ 576529.5, 5241106.5 ], [ 576530.0, 5241106.5 ], [ 576530.0, 5241107.0 ], [ 576531.0, 5241107.0 ], [ 576531.0, 5241107.5 ], [ 576532.0, 5241107.5 ], [ 576532.0, 5241108.0 ], [ 576533.0, 5241108.0 ], [ 576533.0, 5241108.5 ], [ 576535.0, 5241108.5 ], [ 576535.0, 5241109.0 ], [ 576536.0, 5241109.0 ], [ 576536.0, 5241109.5 ], [ 576536.5, 5241109.5 ], [ 576536.5, 5241110.0 ], [ 576537.5, 5241110.0 ], [ 576537.5, 5241109.5 ], [ 576538.0, 5241109.5 ], [ 576538.0, 5241110.0 ], [ 576539.5, 5241110.0 ], [ 576539.5, 5241110.5 ], [ 576540.5, 5241110.5 ], [ 576540.5, 5241111.0 ], [ 576542.0, 5241111.0 ], [ 576542.0, 5241111.5 ], [ 576542.5, 5241111.5 ], [ 576542.5, 5241111.0 ], [ 576543.0, 5241111.0 ], [ 576543.0, 5241111.5 ], [ 576544.0, 5241111.5 ], [ 576544.0, 5241112.0 ], [ 576545.0, 5241112.0 ], [ 576545.0, 5241112.5 ], [ 576546.0, 5241112.5 ], [ 576546.0, 5241113.0 ], [ 576546.5, 5241113.0 ], [ 576546.5, 5241113.5 ], [ 576547.0, 5241113.5 ], [ 576547.0, 5241114.0 ], [ 576547.5, 5241114.0 ], [ 576547.5, 5241113.5 ], [ 576548.5, 5241113.5 ], [ 576548.5, 5241114.0 ], [ 576550.0, 5241114.0 ], [ 576550.0, 5241114.5 ], [ 576551.0, 5241114.5 ], [ 576551.0, 5241114.0 ], [ 576551.5, 5241114.0 ], [ 576551.5, 5241114.5 ], [ 576552.0, 5241114.5 ], [ 576552.0, 5241115.0 ], [ 576553.0, 5241115.0 ], [ 576553.0, 5241115.5 ], [ 576553.5, 5241115.5 ], [ 576553.5, 5241115.0 ], [ 576554.0, 5241115.0 ], [ 576554.0, 5241115.5 ], [ 576554.5, 5241115.5 ], [ 576554.5, 5241116.0 ], [ 576556.0, 5241116.0 ], [ 576556.0, 5241116.5 ], [ 576557.0, 5241116.5 ], [ 576557.0, 5241117.0 ], [ 576559.0, 5241117.0 ], [ 576559.0, 5241117.5 ], [ 576560.0, 5241117.5 ], [ 576560.0, 5241118.0 ], [ 576560.5, 5241118.0 ], [ 576560.5, 5241118.5 ], [ 576561.0, 5241118.5 ], [ 576561.0, 5241119.0 ], [ 576561.5, 5241119.0 ], [ 576561.5, 5241119.5 ], [ 576562.0, 5241119.5 ], [ 576562.0, 5241119.0 ], [ 576562.5, 5241119.0 ], [ 576562.5, 5241119.5 ], [ 576563.5, 5241119.5 ], [ 576563.5, 5241120.0 ], [ 576564.5, 5241120.0 ], [ 576564.5, 5241120.5 ], [ 576566.0, 5241120.5 ], [ 576566.0, 5241121.0 ], [ 576567.5, 5241121.0 ], [ 576567.5, 5241121.5 ], [ 576568.5, 5241121.5 ], [ 576568.5, 5241122.0 ], [ 576569.5, 5241122.0 ], [ 576569.5, 5241122.5 ], [ 576570.0, 5241122.5 ], [ 576570.0, 5241123.0 ], [ 576570.5, 5241123.0 ], [ 576570.5, 5241123.5 ], [ 576571.0, 5241123.5 ], [ 576571.0, 5241124.0 ], [ 576572.0, 5241124.0 ], [ 576572.0, 5241124.5 ], [ 576573.0, 5241124.5 ], [ 576573.0, 5241125.0 ], [ 576574.0, 5241125.0 ], [ 576574.0, 5241125.5 ], [ 576574.5, 5241125.5 ], [ 576574.5, 5241126.0 ], [ 576575.0, 5241126.0 ], [ 576575.0, 5241126.5 ], [ 576576.0, 5241126.5 ], [ 576576.0, 5241127.0 ], [ 576576.5, 5241127.0 ], [ 576576.5, 5241127.5 ], [ 576578.0, 5241127.5 ], [ 576578.0, 5241128.0 ], [ 576578.5, 5241128.0 ], [ 576578.5, 5241128.5 ], [ 576579.5, 5241128.5 ], [ 576579.5, 5241129.0 ], [ 576581.0, 5241129.0 ], [ 576581.0, 5241129.5 ], [ 576581.5, 5241129.5 ], [ 576581.5, 5241130.0 ], [ 576582.5, 5241130.0 ], [ 576582.5, 5241130.5 ], [ 576583.5, 5241130.5 ], [ 576583.5, 5241131.0 ], [ 576584.5, 5241131.0 ], [ 576584.5, 5241131.5 ], [ 576585.5, 5241131.5 ], [ 576585.5, 5241132.0 ], [ 576586.0, 5241132.0 ], [ 576586.0, 5241132.5 ], [ 576587.5, 5241132.5 ], [ 576587.5, 5241133.0 ], [ 576588.0, 5241133.0 ], [ 576588.0, 5241133.5 ], [ 576590.0, 5241133.5 ], [ 576590.0, 5241134.0 ], [ 576591.0, 5241134.0 ], [ 576591.0, 5241134.5 ], [ 576592.0, 5241134.5 ], [ 576592.0, 5241135.0 ], [ 576593.0, 5241135.0 ], [ 576593.0, 5241135.5 ], [ 576593.5, 5241135.5 ], [ 576593.5, 5241136.0 ], [ 576594.5, 5241136.0 ], [ 576594.5, 5241136.5 ], [ 576595.5, 5241136.5 ], [ 576595.5, 5241137.0 ], [ 576597.0, 5241137.0 ], [ 576597.0, 5241137.5 ], [ 576598.5, 5241137.5 ], [ 576598.5, 5241138.0 ], [ 576599.0, 5241138.0 ], [ 576599.0, 5241138.5 ], [ 576600.0, 5241138.5 ], [ 576600.0, 5241139.0 ], [ 576601.0, 5241139.0 ], [ 576601.0, 5241139.5 ], [ 576601.5, 5241139.5 ], [ 576601.5, 5241140.0 ], [ 576602.5, 5241140.0 ], [ 576602.5, 5241140.5 ], [ 576603.5, 5241140.5 ], [ 576603.5, 5241141.0 ], [ 576604.5, 5241141.0 ], [ 576604.5, 5241141.5 ], [ 576605.5, 5241141.5 ], [ 576605.5, 5241142.0 ], [ 576606.5, 5241142.0 ], [ 576606.5, 5241142.5 ], [ 576607.0, 5241142.5 ], [ 576607.0, 5241143.0 ], [ 576607.5, 5241143.0 ], [ 576607.5, 5241143.5 ], [ 576608.0, 5241143.5 ], [ 576608.0, 5241144.0 ], [ 576608.5, 5241144.0 ], [ 576608.5, 5241144.5 ], [ 576609.0, 5241144.5 ], [ 576609.0, 5241145.0 ], [ 576609.5, 5241145.0 ], [ 576609.5, 5241145.5 ], [ 576610.5, 5241145.5 ], [ 576610.5, 5241145.0 ], [ 576612.0, 5241145.0 ], [ 576612.0, 5241145.5 ], [ 576613.0, 5241145.5 ], [ 576613.0, 5241146.0 ], [ 576614.0, 5241146.0 ], [ 576614.0, 5241146.5 ], [ 576614.5, 5241146.5 ], [ 576614.5, 5241147.0 ], [ 576615.0, 5241147.0 ], [ 576615.0, 5241147.5 ], [ 576615.5, 5241147.5 ], [ 576615.5, 5241148.0 ], [ 576616.0, 5241148.0 ], [ 576616.0, 5241148.5 ], [ 576617.5, 5241148.5 ], [ 576617.5, 5241149.0 ], [ 576618.0, 5241149.0 ], [ 576618.0, 5241149.5 ], [ 576618.5, 5241149.5 ], [ 576618.5, 5241150.0 ], [ 576619.0, 5241150.0 ], [ 576619.0, 5241150.5 ], [ 576619.5, 5241150.5 ], [ 576619.5, 5241150.0 ], [ 576620.0, 5241150.0 ], [ 576620.0, 5241150.5 ], [ 576620.5, 5241150.5 ], [ 576620.5, 5241150.0 ], [ 576621.0, 5241150.0 ], [ 576621.0, 5241150.5 ], [ 576622.0, 5241150.5 ], [ 576622.0, 5241151.0 ], [ 576623.0, 5241151.0 ], [ 576623.0, 5241151.5 ], [ 576623.5, 5241151.5 ], [ 576623.5, 5241152.0 ], [ 576624.5, 5241152.0 ], [ 576624.5, 5241152.5 ], [ 576625.5, 5241152.5 ], [ 576625.5, 5241153.0 ], [ 576626.0, 5241153.0 ], [ 576626.0, 5241153.5 ], [ 576626.5, 5241153.5 ], [ 576626.5, 5241154.0 ], [ 576627.0, 5241154.0 ], [ 576627.0, 5241154.5 ], [ 576627.5, 5241154.5 ], [ 576627.5, 5241155.0 ], [ 576628.0, 5241155.0 ], [ 576628.0, 5241154.5 ], [ 576629.0, 5241154.5 ], [ 576629.0, 5241155.0 ], [ 576630.5, 5241155.0 ], [ 576630.5, 5241155.5 ], [ 576631.0, 5241155.5 ], [ 576631.0, 5241156.0 ], [ 576631.5, 5241156.0 ], [ 576631.5, 5241156.5 ], [ 576632.0, 5241156.5 ], [ 576632.0, 5241157.0 ], [ 576633.0, 5241157.0 ], [ 576633.0, 5241157.5 ], [ 576633.5, 5241157.5 ], [ 576633.5, 5241158.0 ], [ 576634.0, 5241158.0 ], [ 576634.0, 5241158.5 ], [ 576634.5, 5241158.5 ], [ 576634.5, 5241159.0 ], [ 576635.0, 5241159.0 ], [ 576635.0, 5241158.5 ], [ 576636.0, 5241158.5 ], [ 576636.0, 5241159.0 ], [ 576636.5, 5241159.0 ], [ 576636.5, 5241159.5 ], [ 576637.0, 5241159.5 ], [ 576637.0, 5241160.0 ], [ 576637.5, 5241160.0 ], [ 576637.5, 5241160.5 ], [ 576638.0, 5241160.5 ], [ 576638.0, 5241161.0 ], [ 576638.5, 5241161.0 ], [ 576638.5, 5241161.5 ], [ 576639.0, 5241161.5 ], [ 576639.0, 5241162.0 ], [ 576639.5, 5241162.0 ], [ 576639.5, 5241162.5 ], [ 576640.0, 5241162.5 ], [ 576640.0, 5241163.0 ], [ 576640.5, 5241163.0 ], [ 576640.5, 5241163.5 ], [ 576641.0, 5241163.5 ], [ 576641.0, 5241164.0 ], [ 576641.5, 5241164.0 ], [ 576641.5, 5241164.5 ], [ 576642.0, 5241164.5 ], [ 576642.0, 5241165.0 ], [ 576642.5, 5241165.0 ], [ 576642.5, 5241165.5 ], [ 576643.0, 5241165.5 ], [ 576643.0, 5241166.0 ], [ 576644.0, 5241166.0 ], [ 576644.0, 5241166.5 ], [ 576644.5, 5241166.5 ], [ 576644.5, 5241167.0 ], [ 576645.0, 5241167.0 ], [ 576645.0, 5241167.5 ], [ 576646.0, 5241167.5 ], [ 576646.0, 5241168.0 ], [ 576648.0, 5241168.0 ], [ 576648.0, 5241168.5 ], [ 576648.5, 5241168.5 ], [ 576648.5, 5241169.0 ], [ 576649.5, 5241169.0 ], [ 576649.5, 5241169.5 ], [ 576651.0, 5241169.5 ], [ 576651.0, 5241170.0 ], [ 576651.5, 5241170.0 ], [ 576651.5, 5241170.5 ], [ 576652.0, 5241170.5 ], [ 576652.0, 5241170.0 ], [ 576652.5, 5241170.0 ], [ 576652.5, 5241170.5 ], [ 576653.5, 5241170.5 ], [ 576653.5, 5241171.0 ], [ 576654.5, 5241171.0 ], [ 576654.5, 5241171.5 ], [ 576655.0, 5241171.5 ], [ 576655.0, 5241172.0 ], [ 576655.5, 5241172.0 ], [ 576655.5, 5241172.5 ], [ 576656.5, 5241172.5 ], [ 576656.5, 5241172.0 ], [ 576657.0, 5241172.0 ], [ 576657.0, 5241172.5 ], [ 576657.5, 5241172.5 ], [ 576657.5, 5241173.0 ], [ 576658.0, 5241173.0 ], [ 576658.0, 5241173.5 ], [ 576658.5, 5241173.5 ], [ 576658.5, 5241173.0 ], [ 576659.0, 5241173.0 ], [ 576659.0, 5241173.5 ], [ 576659.5, 5241173.5 ], [ 576659.5, 5241174.0 ], [ 576660.0, 5241174.0 ], [ 576660.0, 5241174.5 ], [ 576661.0, 5241174.5 ], [ 576661.0, 5241175.0 ], [ 576662.0, 5241175.0 ], [ 576662.0, 5241175.5 ], [ 576663.0, 5241175.5 ], [ 576663.0, 5241176.0 ], [ 576664.0, 5241176.0 ], [ 576664.0, 5241176.5 ], [ 576665.5, 5241176.5 ], [ 576665.5, 5241177.0 ], [ 576666.5, 5241177.0 ], [ 576666.5, 5241177.5 ], [ 576667.5, 5241177.5 ], [ 576667.5, 5241178.0 ], [ 576668.0, 5241178.0 ], [ 576668.0, 5241178.5 ], [ 576669.0, 5241178.5 ], [ 576669.0, 5241179.0 ], [ 576669.5, 5241179.0 ], [ 576669.5, 5241179.5 ], [ 576671.0, 5241179.5 ], [ 576671.0, 5241180.0 ], [ 576671.5, 5241180.0 ], [ 576671.5, 5241180.5 ], [ 576672.0, 5241180.5 ], [ 576672.0, 5241181.0 ], [ 576673.0, 5241181.0 ], [ 576673.0, 5241181.5 ], [ 576673.5, 5241181.5 ], [ 576673.5, 5241182.0 ], [ 576674.0, 5241182.0 ], [ 576674.0, 5241182.5 ], [ 576674.5, 5241182.5 ], [ 576674.5, 5241183.0 ], [ 576675.0, 5241183.0 ], [ 576675.0, 5241183.5 ], [ 576675.5, 5241183.5 ], [ 576675.5, 5241183.0 ], [ 576676.0, 5241183.0 ], [ 576676.0, 5241183.5 ], [ 576676.5, 5241183.5 ], [ 576676.5, 5241184.0 ], [ 576677.0, 5241184.0 ], [ 576677.0, 5241184.5 ], [ 576677.5, 5241184.5 ], [ 576677.5, 5241185.0 ], [ 576678.0, 5241185.0 ], [ 576678.0, 5241185.5 ], [ 576678.5, 5241185.5 ], [ 576678.5, 5241186.0 ], [ 576679.0, 5241186.0 ], [ 576679.0, 5241186.5 ], [ 576679.5, 5241186.5 ], [ 576679.5, 5241187.0 ], [ 576680.0, 5241187.0 ], [ 576680.0, 5241187.5 ], [ 576680.5, 5241187.5 ], [ 576680.5, 5241188.0 ], [ 576681.0, 5241188.0 ], [ 576681.0, 5241188.5 ], [ 576681.5, 5241188.5 ], [ 576681.5, 5241188.0 ], [ 576682.0, 5241188.0 ], [ 576682.0, 5241187.5 ], [ 576682.5, 5241187.5 ], [ 576682.5, 5241188.0 ], [ 576684.0, 5241188.0 ], [ 576684.0, 5241187.5 ], [ 576684.5, 5241187.5 ], [ 576684.5, 5241188.0 ], [ 576685.5, 5241188.0 ], [ 576685.5, 5241188.5 ], [ 576686.0, 5241188.5 ], [ 576686.0, 5241189.0 ], [ 576686.5, 5241189.0 ], [ 576686.5, 5241189.5 ], [ 576687.5, 5241189.5 ], [ 576687.5, 5241190.0 ], [ 576688.0, 5241190.0 ], [ 576688.0, 5241189.5 ], [ 576688.5, 5241189.5 ], [ 576688.5, 5241190.0 ], [ 576690.0, 5241190.0 ], [ 576690.0, 5241190.5 ], [ 576691.5, 5241190.5 ], [ 576691.5, 5241191.0 ], [ 576692.0, 5241191.0 ], [ 576692.0, 5241191.5 ], [ 576692.5, 5241191.5 ], [ 576692.5, 5241192.0 ], [ 576693.0, 5241192.0 ], [ 576693.0, 5241192.5 ], [ 576693.5, 5241192.5 ], [ 576693.5, 5241192.0 ], [ 576694.0, 5241192.0 ], [ 576694.0, 5241191.5 ], [ 576694.5, 5241191.5 ], [ 576694.5, 5241192.0 ], [ 576695.5, 5241192.0 ], [ 576695.5, 5241192.5 ], [ 576696.0, 5241192.5 ], [ 576696.0, 5241193.0 ], [ 576697.0, 5241193.0 ], [ 576697.0, 5241193.5 ], [ 576698.5, 5241193.5 ], [ 576698.5, 5241194.0 ], [ 576699.0, 5241194.0 ], [ 576699.0, 5241194.5 ], [ 576699.5, 5241194.5 ], [ 576699.5, 5241195.0 ], [ 576700.5, 5241195.0 ], [ 576700.5, 5241195.5 ], [ 576701.5, 5241195.5 ], [ 576701.5, 5241196.0 ], [ 576702.0, 5241196.0 ], [ 576702.0, 5241196.5 ], [ 576702.5, 5241196.5 ], [ 576702.5, 5241197.0 ], [ 576703.0, 5241197.0 ], [ 576703.0, 5241196.5 ], [ 576703.5, 5241196.5 ], [ 576703.5, 5241197.0 ], [ 576704.0, 5241197.0 ], [ 576704.0, 5241197.5 ], [ 576705.0, 5241197.5 ], [ 576705.0, 5241198.0 ], [ 576706.0, 5241198.0 ], [ 576706.0, 5241198.5 ], [ 576706.5, 5241198.5 ], [ 576706.5, 5241199.0 ], [ 576706.0, 5241199.0 ], [ 576706.0, 5241199.5 ], [ 576705.0, 5241199.5 ], [ 576705.0, 5241199.0 ], [ 576704.5, 5241199.0 ], [ 576704.5, 5241198.5 ], [ 576703.0, 5241198.5 ], [ 576703.0, 5241199.0 ], [ 576702.5, 5241199.0 ], [ 576702.5, 5241199.5 ], [ 576702.0, 5241199.5 ], [ 576702.0, 5241199.0 ], [ 576701.0, 5241199.0 ], [ 576701.0, 5241198.5 ], [ 576700.0, 5241198.5 ], [ 576700.0, 5241198.0 ], [ 576699.5, 5241198.0 ], [ 576699.5, 5241197.5 ], [ 576699.0, 5241197.5 ], [ 576699.0, 5241197.0 ], [ 576698.5, 5241197.0 ], [ 576698.5, 5241196.5 ], [ 576698.0, 5241196.5 ], [ 576698.0, 5241196.0 ], [ 576697.5, 5241196.0 ], [ 576697.5, 5241195.5 ], [ 576697.0, 5241195.5 ], [ 576697.0, 5241195.0 ], [ 576696.0, 5241195.0 ], [ 576696.0, 5241195.5 ], [ 576695.5, 5241195.5 ], [ 576695.5, 5241196.0 ], [ 576695.0, 5241196.0 ], [ 576695.0, 5241195.5 ], [ 576694.5, 5241195.5 ], [ 576694.5, 5241195.0 ], [ 576694.0, 5241195.0 ], [ 576694.0, 5241194.5 ], [ 576693.5, 5241194.5 ], [ 576693.5, 5241194.0 ], [ 576693.0, 5241194.0 ], [ 576693.0, 5241193.5 ], [ 576692.5, 5241193.5 ], [ 576692.5, 5241193.0 ], [ 576692.0, 5241193.0 ], [ 576692.0, 5241192.5 ], [ 576691.5, 5241192.5 ], [ 576691.5, 5241192.0 ], [ 576691.0, 5241192.0 ], [ 576691.0, 5241192.5 ], [ 576690.0, 5241192.5 ], [ 576690.0, 5241192.0 ], [ 576688.5, 5241192.0 ], [ 576688.5, 5241192.5 ], [ 576688.0, 5241192.5 ], [ 576688.0, 5241193.0 ], [ 576687.5, 5241193.0 ], [ 576687.5, 5241193.5 ], [ 576687.0, 5241193.5 ], [ 576687.0, 5241194.0 ], [ 576686.5, 5241194.0 ], [ 576686.5, 5241194.5 ], [ 576686.0, 5241194.5 ], [ 576686.0, 5241195.0 ], [ 576685.5, 5241195.0 ], [ 576685.5, 5241195.5 ], [ 576685.0, 5241195.5 ], [ 576685.0, 5241196.0 ], [ 576684.5, 5241196.0 ], [ 576684.5, 5241196.5 ], [ 576684.0, 5241196.5 ], [ 576684.0, 5241197.0 ], [ 576683.5, 5241197.0 ], [ 576683.5, 5241197.5 ], [ 576684.0, 5241197.5 ], [ 576684.0, 5241198.0 ], [ 576684.5, 5241198.0 ], [ 576684.5, 5241198.5 ], [ 576684.0, 5241198.5 ], [ 576684.0, 5241199.0 ], [ 576683.5, 5241199.0 ], [ 576683.5, 5241200.0 ], [ 576684.0, 5241200.0 ], [ 576684.0, 5241200.5 ], [ 576684.5, 5241200.5 ], [ 576684.5, 5241201.0 ], [ 576685.0, 5241201.0 ], [ 576685.0, 5241201.5 ], [ 576685.5, 5241201.5 ], [ 576685.5, 5241202.5 ], [ 576685.0, 5241202.5 ], [ 576685.0, 5241203.0 ], [ 576684.5, 5241203.0 ], [ 576684.5, 5241203.5 ], [ 576684.0, 5241203.5 ], [ 576684.0, 5241204.0 ], [ 576683.5, 5241204.0 ], [ 576683.5, 5241204.5 ], [ 576683.0, 5241204.5 ], [ 576683.0, 5241205.0 ], [ 576682.5, 5241205.0 ], [ 576682.5, 5241205.5 ], [ 576682.0, 5241205.5 ], [ 576682.0, 5241206.0 ], [ 576681.5, 5241206.0 ], [ 576681.5, 5241206.5 ], [ 576681.0, 5241206.5 ], [ 576681.0, 5241207.0 ], [ 576680.5, 5241207.0 ], [ 576680.5, 5241207.5 ], [ 576680.0, 5241207.5 ], [ 576680.0, 5241208.0 ], [ 576679.5, 5241208.0 ], [ 576679.5, 5241208.5 ], [ 576679.0, 5241208.5 ], [ 576679.0, 5241209.0 ], [ 576678.5, 5241209.0 ], [ 576678.5, 5241209.5 ], [ 576678.0, 5241209.5 ], [ 576678.0, 5241210.0 ], [ 576677.5, 5241210.0 ], [ 576677.5, 5241210.5 ], [ 576677.0, 5241210.5 ], [ 576677.0, 5241211.0 ], [ 576676.5, 5241211.0 ], [ 576676.5, 5241211.5 ], [ 576676.0, 5241211.5 ], [ 576676.0, 5241212.0 ], [ 576675.5, 5241212.0 ], [ 576675.5, 5241213.0 ], [ 576676.0, 5241213.0 ], [ 576676.0, 5241213.5 ], [ 576676.5, 5241213.5 ], [ 576676.5, 5241214.0 ], [ 576677.0, 5241214.0 ], [ 576677.0, 5241214.5 ], [ 576677.5, 5241214.5 ], [ 576677.5, 5241215.0 ], [ 576678.0, 5241215.0 ], [ 576678.0, 5241215.5 ], [ 576678.5, 5241215.5 ], [ 576678.5, 5241216.0 ], [ 576679.0, 5241216.0 ], [ 576679.0, 5241216.5 ], [ 576679.5, 5241216.5 ], [ 576679.5, 5241217.0 ], [ 576680.0, 5241217.0 ], [ 576680.0, 5241217.5 ], [ 576680.5, 5241217.5 ], [ 576680.5, 5241218.0 ], [ 576680.0, 5241218.0 ], [ 576680.0, 5241218.5 ], [ 576679.5, 5241218.5 ], [ 576679.5, 5241219.0 ], [ 576678.5, 5241219.0 ], [ 576678.5, 5241218.5 ], [ 576678.0, 5241218.5 ], [ 576678.0, 5241218.0 ], [ 576677.5, 5241218.0 ], [ 576677.5, 5241217.5 ], [ 576677.0, 5241217.5 ], [ 576677.0, 5241217.0 ], [ 576676.5, 5241217.0 ], [ 576676.5, 5241216.5 ], [ 576676.0, 5241216.5 ], [ 576676.0, 5241216.0 ], [ 576675.5, 5241216.0 ], [ 576675.5, 5241215.5 ], [ 576675.0, 5241215.5 ], [ 576675.0, 5241215.0 ], [ 576674.0, 5241215.0 ], [ 576674.0, 5241215.5 ], [ 576673.5, 5241215.5 ], [ 576673.5, 5241216.0 ], [ 576673.0, 5241216.0 ], [ 576673.0, 5241216.5 ], [ 576672.5, 5241216.5 ], [ 576672.5, 5241216.0 ], [ 576671.5, 5241216.0 ], [ 576671.5, 5241216.5 ], [ 576671.0, 5241216.5 ], [ 576671.0, 5241216.0 ], [ 576670.5, 5241216.0 ], [ 576670.5, 5241216.5 ], [ 576669.5, 5241216.5 ], [ 576669.5, 5241216.0 ], [ 576669.0, 5241216.0 ], [ 576669.0, 5241215.5 ], [ 576668.5, 5241215.5 ], [ 576668.5, 5241215.0 ], [ 576668.0, 5241215.0 ], [ 576668.0, 5241214.5 ], [ 576667.5, 5241214.5 ], [ 576667.5, 5241213.5 ], [ 576668.0, 5241213.5 ], [ 576668.0, 5241213.0 ], [ 576668.5, 5241213.0 ], [ 576668.5, 5241212.5 ], [ 576668.0, 5241212.5 ], [ 576668.0, 5241212.0 ], [ 576667.5, 5241212.0 ], [ 576667.5, 5241211.5 ], [ 576668.0, 5241211.5 ], [ 576668.0, 5241210.5 ], [ 576668.5, 5241210.5 ], [ 576668.5, 5241210.0 ], [ 576669.0, 5241210.0 ], [ 576669.0, 5241209.5 ], [ 576668.5, 5241209.5 ], [ 576668.5, 5241209.0 ], [ 576668.0, 5241209.0 ], [ 576668.0, 5241208.5 ], [ 576667.5, 5241208.5 ], [ 576667.5, 5241208.0 ], [ 576667.0, 5241208.0 ], [ 576667.0, 5241207.5 ], [ 576666.5, 5241207.5 ], [ 576666.5, 5241207.0 ], [ 576667.0, 5241207.0 ], [ 576667.0, 5241206.5 ], [ 576667.5, 5241206.5 ], [ 576667.5, 5241206.0 ], [ 576668.0, 5241206.0 ], [ 576668.0, 5241205.5 ], [ 576667.5, 5241205.5 ], [ 576667.5, 5241205.0 ], [ 576667.0, 5241205.0 ], [ 576667.0, 5241204.5 ], [ 576666.5, 5241204.5 ], [ 576666.5, 5241204.0 ], [ 576666.0, 5241204.0 ], [ 576666.0, 5241203.5 ], [ 576665.5, 5241203.5 ], [ 576665.5, 5241203.0 ], [ 576665.0, 5241203.0 ], [ 576665.0, 5241202.5 ], [ 576664.5, 5241202.5 ], [ 576664.5, 5241202.0 ], [ 576664.0, 5241202.0 ], [ 576664.0, 5241201.5 ], [ 576663.5, 5241201.5 ], [ 576663.5, 5241201.0 ], [ 576663.0, 5241201.0 ], [ 576663.0, 5241200.5 ], [ 576662.5, 5241200.5 ], [ 576662.5, 5241200.0 ], [ 576662.0, 5241200.0 ], [ 576662.0, 5241199.5 ], [ 576661.5, 5241199.5 ], [ 576661.5, 5241200.0 ], [ 576661.0, 5241200.0 ], [ 576661.0, 5241200.5 ], [ 576660.5, 5241200.5 ], [ 576660.5, 5241201.0 ], [ 576660.0, 5241201.0 ], [ 576660.0, 5241201.5 ], [ 576659.5, 5241201.5 ], [ 576659.5, 5241202.0 ], [ 576659.0, 5241202.0 ], [ 576659.0, 5241202.5 ], [ 576658.5, 5241202.5 ], [ 576658.5, 5241203.0 ], [ 576658.0, 5241203.0 ], [ 576658.0, 5241203.5 ], [ 576657.5, 5241203.5 ], [ 576657.5, 5241204.0 ], [ 576657.0, 5241204.0 ], [ 576657.0, 5241204.5 ], [ 576656.5, 5241204.5 ], [ 576656.5, 5241205.0 ], [ 576656.0, 5241205.0 ], [ 576656.0, 5241205.5 ], [ 576655.5, 5241205.5 ], [ 576655.5, 5241206.0 ], [ 576655.0, 5241206.0 ], [ 576655.0, 5241206.5 ], [ 576654.5, 5241206.5 ], [ 576654.5, 5241207.0 ], [ 576654.0, 5241207.0 ], [ 576654.0, 5241207.5 ], [ 576653.5, 5241207.5 ], [ 576653.5, 5241208.0 ], [ 576653.0, 5241208.0 ], [ 576653.0, 5241208.5 ], [ 576652.5, 5241208.5 ], [ 576652.5, 5241209.0 ], [ 576652.0, 5241209.0 ], [ 576652.0, 5241209.5 ], [ 576651.5, 5241209.5 ], [ 576651.5, 5241210.0 ], [ 576651.0, 5241210.0 ], [ 576651.0, 5241210.5 ], [ 576650.5, 5241210.5 ], [ 576650.5, 5241211.0 ], [ 576650.0, 5241211.0 ], [ 576650.0, 5241211.5 ], [ 576649.5, 5241211.5 ], [ 576649.5, 5241212.5 ], [ 576649.0, 5241212.5 ], [ 576649.0, 5241213.0 ], [ 576648.5, 5241213.0 ], [ 576648.5, 5241213.5 ], [ 576648.0, 5241213.5 ], [ 576648.0, 5241214.0 ], [ 576647.5, 5241214.0 ], [ 576647.5, 5241213.5 ], [ 576646.5, 5241213.5 ], [ 576646.5, 5241213.0 ], [ 576646.0, 5241213.0 ], [ 576646.0, 5241212.5 ], [ 576645.5, 5241212.5 ], [ 576645.5, 5241212.0 ], [ 576644.5, 5241212.0 ], [ 576644.5, 5241212.5 ], [ 576644.0, 5241212.5 ], [ 576644.0, 5241213.0 ], [ 576643.5, 5241213.0 ], [ 576643.5, 5241213.5 ], [ 576643.0, 5241213.5 ], [ 576643.0, 5241213.0 ], [ 576642.5, 5241213.0 ], [ 576642.5, 5241212.5 ], [ 576642.0, 5241212.5 ], [ 576642.0, 5241212.0 ], [ 576641.5, 5241212.0 ], [ 576641.5, 5241211.5 ], [ 576641.0, 5241211.5 ], [ 576641.0, 5241211.0 ], [ 576640.5, 5241211.0 ], [ 576640.5, 5241210.5 ], [ 576639.5, 5241210.5 ], [ 576639.5, 5241211.0 ], [ 576639.0, 5241211.0 ], [ 576639.0, 5241211.5 ], [ 576638.0, 5241211.5 ], [ 576638.0, 5241212.0 ], [ 576638.5, 5241212.0 ], [ 576638.5, 5241213.5 ], [ 576639.0, 5241213.5 ], [ 576639.0, 5241215.0 ], [ 576639.5, 5241215.0 ], [ 576639.5, 5241216.0 ], [ 576640.0, 5241216.0 ], [ 576640.0, 5241217.5 ], [ 576640.5, 5241217.5 ], [ 576640.5, 5241219.0 ], [ 576641.0, 5241219.0 ], [ 576641.0, 5241220.0 ], [ 576641.5, 5241220.0 ], [ 576641.5, 5241221.5 ], [ 576642.0, 5241221.5 ], [ 576642.0, 5241223.0 ], [ 576642.5, 5241223.0 ], [ 576642.5, 5241224.0 ], [ 576643.0, 5241224.0 ], [ 576643.0, 5241225.5 ], [ 576643.5, 5241225.5 ], [ 576643.5, 5241227.0 ], [ 576644.0, 5241227.0 ], [ 576644.0, 5241228.0 ], [ 576644.5, 5241228.0 ], [ 576644.5, 5241229.5 ], [ 576645.0, 5241229.5 ], [ 576645.0, 5241231.0 ], [ 576645.5, 5241231.0 ], [ 576645.5, 5241232.0 ], [ 576646.0, 5241232.0 ], [ 576646.0, 5241233.5 ], [ 576646.5, 5241233.5 ], [ 576646.5, 5241235.0 ], [ 576647.0, 5241235.0 ], [ 576647.0, 5241236.0 ], [ 576647.5, 5241236.0 ], [ 576647.5, 5241237.5 ], [ 576648.0, 5241237.5 ], [ 576648.0, 5241239.0 ], [ 576648.5, 5241239.0 ], [ 576648.5, 5241240.0 ], [ 576649.0, 5241240.0 ], [ 576649.0, 5241241.5 ], [ 576649.5, 5241241.5 ], [ 576649.5, 5241243.0 ], [ 576650.0, 5241243.0 ], [ 576650.0, 5241244.0 ], [ 576650.5, 5241244.0 ], [ 576650.5, 5241245.5 ], [ 576651.0, 5241245.5 ], [ 576651.0, 5241247.0 ], [ 576651.5, 5241247.0 ], [ 576651.5, 5241248.0 ], [ 576652.0, 5241248.0 ], [ 576652.0, 5241249.5 ], [ 576652.5, 5241249.5 ], [ 576652.5, 5241251.0 ], [ 576653.0, 5241251.0 ], [ 576653.0, 5241252.0 ], [ 576653.5, 5241252.0 ], [ 576653.5, 5241253.5 ], [ 576654.0, 5241253.5 ], [ 576654.0, 5241255.0 ], [ 576654.5, 5241255.0 ], [ 576654.5, 5241256.0 ], [ 576655.0, 5241256.0 ], [ 576655.0, 5241257.5 ], [ 576655.5, 5241257.5 ], [ 576655.5, 5241258.0 ], [ 576655.0, 5241258.0 ], [ 576655.0, 5241261.0 ], [ 576654.5, 5241261.0 ], [ 576654.5, 5241263.5 ], [ 576654.0, 5241263.5 ], [ 576654.0, 5241266.5 ], [ 576653.5, 5241266.5 ], [ 576653.5, 5241269.0 ], [ 576653.0, 5241269.0 ], [ 576653.0, 5241271.0 ], [ 576652.5, 5241271.0 ], [ 576652.5, 5241272.5 ], [ 576652.0, 5241272.5 ], [ 576652.0, 5241273.0 ], [ 576652.5, 5241273.0 ], [ 576652.5, 5241273.5 ], [ 576653.0, 5241273.5 ], [ 576653.0, 5241274.0 ], [ 576654.0, 5241274.0 ], [ 576654.0, 5241274.5 ], [ 576655.0, 5241274.5 ], [ 576655.0, 5241275.0 ], [ 576656.0, 5241275.0 ], [ 576656.0, 5241275.5 ], [ 576657.0, 5241275.5 ], [ 576657.0, 5241276.0 ], [ 576658.0, 5241276.0 ], [ 576658.0, 5241276.5 ], [ 576658.5, 5241276.5 ], [ 576658.5, 5241277.0 ], [ 576659.5, 5241277.0 ], [ 576659.5, 5241277.5 ], [ 576660.5, 5241277.5 ], [ 576660.5, 5241278.0 ], [ 576660.0, 5241278.0 ], [ 576660.0, 5241281.0 ], [ 576659.5, 5241281.0 ], [ 576659.5, 5241284.5 ], [ 576659.0, 5241284.5 ], [ 576659.0, 5241287.5 ], [ 576658.5, 5241287.5 ], [ 576658.5, 5241291.0 ], [ 576658.0, 5241291.0 ], [ 576658.0, 5241294.0 ], [ 576657.5, 5241294.0 ], [ 576657.5, 5241297.5 ], [ 576657.0, 5241297.5 ], [ 576657.0, 5241300.5 ], [ 576656.5, 5241300.5 ], [ 576656.5, 5241304.0 ], [ 576656.0, 5241304.0 ], [ 576656.0, 5241307.0 ], [ 576655.5, 5241307.0 ], [ 576655.5, 5241310.5 ], [ 576655.0, 5241310.5 ], [ 576655.0, 5241313.5 ], [ 576654.5, 5241313.5 ], [ 576654.5, 5241317.0 ], [ 576654.0, 5241317.0 ], [ 576654.0, 5241320.0 ], [ 576653.5, 5241320.0 ], [ 576653.5, 5241323.0 ], [ 576653.0, 5241323.0 ], [ 576653.0, 5241323.5 ], [ 576653.5, 5241323.5 ], [ 576653.5, 5241324.0 ], [ 576654.0, 5241324.0 ], [ 576654.0, 5241323.5 ], [ 576654.5, 5241323.5 ], [ 576654.5, 5241323.0 ], [ 576655.0, 5241323.0 ], [ 576655.0, 5241323.5 ], [ 576655.5, 5241323.5 ], [ 576655.5, 5241323.0 ], [ 576656.5, 5241323.0 ], [ 576656.5, 5241322.5 ], [ 576657.0, 5241322.5 ], [ 576657.0, 5241322.0 ], [ 576658.0, 5241322.0 ], [ 576658.0, 5241321.5 ], [ 576658.5, 5241321.5 ], [ 576658.5, 5241322.0 ], [ 576659.0, 5241322.0 ], [ 576659.0, 5241323.0 ], [ 576659.5, 5241323.0 ], [ 576659.5, 5241323.5 ], [ 576660.0, 5241323.5 ], [ 576660.0, 5241324.0 ], [ 576660.5, 5241324.0 ], [ 576660.5, 5241324.5 ], [ 576661.0, 5241324.5 ], [ 576661.0, 5241325.0 ], [ 576661.5, 5241325.0 ], [ 576661.5, 5241325.5 ], [ 576662.0, 5241325.5 ], [ 576662.0, 5241326.0 ], [ 576662.5, 5241326.0 ], [ 576662.5, 5241326.5 ], [ 576663.0, 5241326.5 ], [ 576663.0, 5241327.0 ], [ 576663.5, 5241327.0 ], [ 576663.5, 5241327.5 ], [ 576664.0, 5241327.5 ], [ 576664.0, 5241328.0 ], [ 576665.0, 5241328.0 ], [ 576665.0, 5241328.5 ], [ 576665.5, 5241328.5 ], [ 576665.5, 5241329.0 ], [ 576666.0, 5241329.0 ], [ 576666.0, 5241328.5 ], [ 576666.5, 5241328.5 ], [ 576666.5, 5241328.0 ], [ 576667.0, 5241328.0 ], [ 576667.0, 5241327.5 ], [ 576667.5, 5241327.5 ], [ 576667.5, 5241328.0 ], [ 576668.0, 5241328.0 ], [ 576668.0, 5241327.5 ], [ 576668.5, 5241327.5 ], [ 576668.5, 5241327.0 ], [ 576669.0, 5241327.0 ], [ 576669.0, 5241326.5 ], [ 576669.5, 5241326.5 ], [ 576669.5, 5241326.0 ], [ 576670.0, 5241326.0 ], [ 576670.0, 5241325.5 ], [ 576670.5, 5241325.5 ], [ 576670.5, 5241325.0 ], [ 576671.0, 5241325.0 ], [ 576671.0, 5241324.5 ], [ 576671.5, 5241324.5 ], [ 576671.5, 5241324.0 ], [ 576672.0, 5241324.0 ], [ 576672.0, 5241323.5 ], [ 576672.5, 5241323.5 ], [ 576672.5, 5241323.0 ], [ 576673.0, 5241323.0 ], [ 576673.0, 5241322.5 ], [ 576673.5, 5241322.5 ], [ 576673.5, 5241322.0 ], [ 576674.0, 5241322.0 ], [ 576674.0, 5241321.5 ], [ 576674.5, 5241321.5 ], [ 576674.5, 5241321.0 ], [ 576675.0, 5241321.0 ], [ 576675.0, 5241320.0 ], [ 576675.5, 5241320.0 ], [ 576675.5, 5241319.5 ], [ 576675.0, 5241319.5 ], [ 576675.0, 5241319.0 ], [ 576675.5, 5241319.0 ], [ 576675.5, 5241318.5 ], [ 576675.0, 5241318.5 ], [ 576675.0, 5241318.0 ], [ 576674.5, 5241318.0 ], [ 576674.5, 5241317.5 ], [ 576675.0, 5241317.5 ], [ 576675.0, 5241317.0 ], [ 576675.5, 5241317.0 ], [ 576675.5, 5241316.5 ], [ 576676.0, 5241316.5 ], [ 576676.0, 5241315.5 ], [ 576676.5, 5241315.5 ], [ 576676.5, 5241315.0 ], [ 576677.0, 5241315.0 ], [ 576677.0, 5241314.0 ], [ 576676.5, 5241314.0 ], [ 576676.5, 5241313.5 ], [ 576677.0, 5241313.5 ], [ 576677.0, 5241313.0 ], [ 576678.0, 5241313.0 ], [ 576678.0, 5241312.5 ], [ 576678.5, 5241312.5 ], [ 576678.5, 5241312.0 ], [ 576680.0, 5241312.0 ], [ 576680.0, 5241312.5 ], [ 576680.5, 5241312.5 ], [ 576680.5, 5241313.0 ], [ 576681.5, 5241313.0 ], [ 576681.5, 5241312.5 ], [ 576682.0, 5241312.5 ], [ 576682.0, 5241313.0 ], [ 576682.5, 5241313.0 ], [ 576682.5, 5241313.5 ], [ 576683.0, 5241313.5 ], [ 576683.0, 5241314.0 ], [ 576683.5, 5241314.0 ], [ 576683.5, 5241314.5 ], [ 576684.5, 5241314.5 ], [ 576684.5, 5241314.0 ], [ 576685.0, 5241314.0 ], [ 576685.0, 5241314.5 ], [ 576685.5, 5241314.5 ], [ 576685.5, 5241314.0 ], [ 576686.0, 5241314.0 ], [ 576686.0, 5241314.5 ], [ 576686.5, 5241314.5 ], [ 576686.5, 5241315.0 ], [ 576687.0, 5241315.0 ], [ 576687.0, 5241315.5 ], [ 576687.5, 5241315.5 ], [ 576687.5, 5241316.0 ], [ 576688.0, 5241316.0 ], [ 576688.0, 5241316.5 ], [ 576689.0, 5241316.5 ], [ 576689.0, 5241316.0 ], [ 576689.5, 5241316.0 ], [ 576689.5, 5241316.5 ], [ 576690.0, 5241316.5 ], [ 576690.0, 5241316.0 ], [ 576690.5, 5241316.0 ], [ 576690.5, 5241315.5 ], [ 576691.0, 5241315.5 ], [ 576691.0, 5241315.0 ], [ 576691.5, 5241315.0 ], [ 576691.5, 5241315.5 ], [ 576692.5, 5241315.5 ], [ 576692.5, 5241316.0 ], [ 576693.0, 5241316.0 ], [ 576693.0, 5241316.5 ], [ 576693.5, 5241316.5 ], [ 576693.5, 5241317.0 ], [ 576694.0, 5241317.0 ], [ 576694.0, 5241317.5 ], [ 576694.5, 5241317.5 ], [ 576694.5, 5241318.0 ], [ 576695.0, 5241318.0 ], [ 576695.0, 5241318.5 ], [ 576695.5, 5241318.5 ], [ 576695.5, 5241319.0 ], [ 576696.0, 5241319.0 ], [ 576696.0, 5241318.5 ], [ 576696.5, 5241318.5 ], [ 576696.5, 5241319.0 ], [ 576697.0, 5241319.0 ], [ 576697.0, 5241319.5 ], [ 576697.5, 5241319.5 ], [ 576697.5, 5241320.0 ], [ 576698.0, 5241320.0 ], [ 576698.0, 5241320.5 ], [ 576698.5, 5241320.5 ], [ 576698.5, 5241320.0 ], [ 576699.0, 5241320.0 ], [ 576699.0, 5241320.5 ], [ 576699.5, 5241320.5 ], [ 576699.5, 5241321.0 ], [ 576700.0, 5241321.0 ], [ 576700.0, 5241321.5 ], [ 576700.5, 5241321.5 ], [ 576700.5, 5241322.0 ], [ 576701.0, 5241322.0 ], [ 576701.0, 5241322.5 ], [ 576701.5, 5241322.5 ], [ 576701.5, 5241323.0 ], [ 576702.0, 5241323.0 ], [ 576702.0, 5241323.5 ], [ 576702.5, 5241323.5 ], [ 576702.5, 5241324.0 ], [ 576703.0, 5241324.0 ], [ 576703.0, 5241324.5 ], [ 576703.5, 5241324.5 ], [ 576703.5, 5241325.0 ], [ 576704.0, 5241325.0 ], [ 576704.0, 5241325.5 ], [ 576704.5, 5241325.5 ], [ 576704.5, 5241326.0 ], [ 576705.0, 5241326.0 ], [ 576705.0, 5241326.5 ], [ 576706.0, 5241326.5 ], [ 576706.0, 5241327.0 ], [ 576706.5, 5241327.0 ], [ 576706.5, 5241327.5 ], [ 576707.0, 5241327.5 ], [ 576707.0, 5241328.0 ], [ 576707.5, 5241328.0 ], [ 576707.5, 5241328.5 ], [ 576708.0, 5241328.5 ], [ 576708.0, 5241329.0 ], [ 576709.0, 5241329.0 ], [ 576709.0, 5241329.5 ], [ 576709.5, 5241329.5 ], [ 576709.5, 5241330.0 ], [ 576710.0, 5241330.0 ], [ 576710.0, 5241329.5 ], [ 576711.0, 5241329.5 ], [ 576711.0, 5241330.0 ], [ 576711.5, 5241330.0 ], [ 576711.5, 5241330.5 ], [ 576712.0, 5241330.5 ], [ 576712.0, 5241330.0 ], [ 576713.0, 5241330.0 ], [ 576713.0, 5241330.5 ], [ 576713.5, 5241330.5 ], [ 576713.5, 5241331.0 ], [ 576713.0, 5241331.0 ], [ 576713.0, 5241331.5 ], [ 576712.5, 5241331.5 ], [ 576712.5, 5241332.0 ], [ 576712.0, 5241332.0 ], [ 576712.0, 5241332.5 ], [ 576712.5, 5241332.5 ], [ 576712.5, 5241333.0 ], [ 576713.0, 5241333.0 ], [ 576713.0, 5241333.5 ], [ 576713.5, 5241333.5 ], [ 576713.5, 5241334.0 ], [ 576714.0, 5241334.0 ], [ 576714.0, 5241334.5 ], [ 576714.5, 5241334.5 ], [ 576714.5, 5241335.0 ], [ 576715.0, 5241335.0 ], [ 576715.0, 5241335.5 ], [ 576715.5, 5241335.5 ], [ 576715.5, 5241336.0 ], [ 576716.0, 5241336.0 ], [ 576716.0, 5241336.5 ], [ 576716.5, 5241336.5 ], [ 576716.5, 5241337.0 ], [ 576717.0, 5241337.0 ], [ 576717.0, 5241337.5 ], [ 576717.5, 5241337.5 ], [ 576717.5, 5241338.0 ], [ 576718.0, 5241338.0 ], [ 576718.0, 5241337.5 ], [ 576718.5, 5241337.5 ], [ 576718.5, 5241338.0 ], [ 576719.0, 5241338.0 ], [ 576719.0, 5241337.5 ], [ 576719.5, 5241337.5 ], [ 576719.5, 5241337.0 ], [ 576720.0, 5241337.0 ], [ 576720.0, 5241336.5 ], [ 576721.0, 5241336.5 ], [ 576721.0, 5241337.0 ], [ 576721.5, 5241337.0 ], [ 576721.5, 5241337.5 ], [ 576722.0, 5241337.5 ], [ 576722.0, 5241338.0 ], [ 576722.5, 5241338.0 ], [ 576722.5, 5241338.5 ], [ 576723.0, 5241338.5 ], [ 576723.0, 5241339.5 ], [ 576723.5, 5241339.5 ], [ 576723.5, 5241340.0 ], [ 576724.0, 5241340.0 ], [ 576724.0, 5241340.5 ], [ 576724.5, 5241340.5 ], [ 576724.5, 5241341.0 ], [ 576725.0, 5241341.0 ], [ 576725.0, 5241341.5 ], [ 576725.5, 5241341.5 ], [ 576725.5, 5241342.0 ], [ 576726.0, 5241342.0 ], [ 576726.0, 5241342.5 ], [ 576726.5, 5241342.5 ], [ 576726.5, 5241343.0 ], [ 576727.0, 5241343.0 ], [ 576727.0, 5241343.5 ], [ 576727.5, 5241343.5 ], [ 576727.5, 5241344.0 ], [ 576728.0, 5241344.0 ], [ 576728.0, 5241344.5 ], [ 576728.5, 5241344.5 ], [ 576728.5, 5241345.0 ], [ 576729.0, 5241345.0 ], [ 576729.0, 5241345.5 ], [ 576729.5, 5241345.5 ], [ 576729.5, 5241346.0 ], [ 576730.5, 5241346.0 ], [ 576730.5, 5241346.5 ], [ 576731.0, 5241346.5 ], [ 576731.0, 5241347.0 ], [ 576731.5, 5241347.0 ], [ 576731.5, 5241347.5 ], [ 576732.0, 5241347.5 ], [ 576732.0, 5241348.0 ], [ 576733.0, 5241348.0 ], [ 576733.0, 5241348.5 ], [ 576733.5, 5241348.5 ], [ 576733.5, 5241348.0 ], [ 576734.0, 5241348.0 ], [ 576734.0, 5241347.5 ], [ 576734.5, 5241347.5 ], [ 576734.5, 5241347.0 ], [ 576735.0, 5241347.0 ], [ 576735.0, 5241346.5 ], [ 576736.5, 5241346.5 ], [ 576736.5, 5241347.0 ], [ 576737.0, 5241347.0 ], [ 576737.0, 5241346.5 ], [ 576737.5, 5241346.5 ], [ 576737.5, 5241346.0 ], [ 576738.0, 5241346.0 ], [ 576738.0, 5241346.5 ], [ 576738.5, 5241346.5 ], [ 576738.5, 5241346.0 ], [ 576740.5, 5241346.0 ], [ 576740.5, 5241345.5 ], [ 576741.0, 5241345.5 ], [ 576741.0, 5241345.0 ], [ 576741.5, 5241345.0 ], [ 576741.5, 5241345.5 ], [ 576742.5, 5241345.5 ], [ 576742.5, 5241345.0 ], [ 576743.5, 5241345.0 ], [ 576743.5, 5241344.5 ], [ 576744.0, 5241344.5 ], [ 576744.0, 5241344.0 ], [ 576745.0, 5241344.0 ], [ 576745.0, 5241344.5 ], [ 576745.5, 5241344.5 ], [ 576745.5, 5241345.0 ], [ 576746.5, 5241345.0 ], [ 576746.5, 5241344.5 ], [ 576747.0, 5241344.5 ], [ 576747.0, 5241344.0 ], [ 576748.5, 5241344.0 ], [ 576748.5, 5241344.5 ], [ 576749.0, 5241344.5 ], [ 576749.0, 5241345.0 ], [ 576749.5, 5241345.0 ], [ 576749.5, 5241344.5 ], [ 576750.5, 5241344.5 ], [ 576750.5, 5241344.0 ], [ 576752.0, 5241344.0 ], [ 576752.0, 5241344.5 ], [ 576752.5, 5241344.5 ], [ 576752.5, 5241344.0 ], [ 576753.5, 5241344.0 ], [ 576753.5, 5241344.5 ], [ 576754.0, 5241344.5 ], [ 576754.0, 5241345.0 ], [ 576754.5, 5241345.0 ], [ 576754.5, 5241344.5 ], [ 576755.0, 5241344.5 ], [ 576755.0, 5241344.0 ], [ 576755.5, 5241344.0 ], [ 576755.5, 5241343.5 ], [ 576756.0, 5241343.5 ], [ 576756.0, 5241344.0 ], [ 576756.5, 5241344.0 ], [ 576756.5, 5241343.5 ], [ 576757.0, 5241343.5 ], [ 576757.0, 5241343.0 ], [ 576757.5, 5241343.0 ], [ 576757.5, 5241342.5 ], [ 576758.0, 5241342.5 ], [ 576758.0, 5241343.0 ], [ 576758.5, 5241343.0 ], [ 576758.5, 5241343.5 ], [ 576759.0, 5241343.5 ], [ 576759.0, 5241343.0 ], [ 576759.5, 5241343.0 ], [ 576759.5, 5241342.5 ], [ 576760.0, 5241342.5 ], [ 576760.0, 5241342.0 ], [ 576760.5, 5241342.0 ], [ 576760.5, 5241341.5 ], [ 576761.0, 5241341.5 ], [ 576761.0, 5241341.0 ], [ 576761.5, 5241341.0 ], [ 576761.5, 5241340.5 ], [ 576762.0, 5241340.5 ], [ 576762.0, 5241340.0 ], [ 576762.5, 5241340.0 ], [ 576762.5, 5241339.5 ], [ 576763.0, 5241339.5 ], [ 576763.0, 5241339.0 ], [ 576763.5, 5241339.0 ], [ 576763.5, 5241338.5 ], [ 576764.0, 5241338.5 ], [ 576764.0, 5241338.0 ], [ 576764.5, 5241338.0 ], [ 576764.5, 5241337.5 ], [ 576764.0, 5241337.5 ], [ 576764.0, 5241337.0 ], [ 576764.5, 5241337.0 ], [ 576764.5, 5241336.5 ], [ 576765.0, 5241336.5 ], [ 576765.0, 5241336.0 ], [ 576765.5, 5241336.0 ], [ 576765.5, 5241335.5 ], [ 576766.0, 5241335.5 ], [ 576766.0, 5241335.0 ], [ 576766.5, 5241335.0 ], [ 576766.5, 5241334.5 ], [ 576767.0, 5241334.5 ], [ 576767.0, 5241333.5 ], [ 576767.5, 5241333.5 ], [ 576767.5, 5241333.0 ], [ 576768.0, 5241333.0 ], [ 576768.0, 5241332.5 ], [ 576768.5, 5241332.5 ], [ 576768.5, 5241332.0 ], [ 576769.0, 5241332.0 ], [ 576769.0, 5241331.5 ], [ 576768.5, 5241331.5 ], [ 576768.5, 5241331.0 ], [ 576768.0, 5241331.0 ], [ 576768.0, 5241330.5 ], [ 576767.5, 5241330.5 ], [ 576767.5, 5241330.0 ], [ 576767.0, 5241330.0 ], [ 576767.0, 5241329.5 ], [ 576766.5, 5241329.5 ], [ 576766.5, 5241329.0 ], [ 576766.0, 5241329.0 ], [ 576766.0, 5241328.0 ], [ 576765.5, 5241328.0 ], [ 576765.5, 5241326.5 ], [ 576766.0, 5241326.5 ], [ 576766.0, 5241326.0 ], [ 576766.5, 5241326.0 ], [ 576766.5, 5241326.5 ], [ 576767.0, 5241326.5 ], [ 576767.0, 5241326.0 ], [ 576767.5, 5241326.0 ], [ 576767.5, 5241325.5 ], [ 576768.0, 5241325.5 ], [ 576768.0, 5241325.0 ], [ 576768.5, 5241325.0 ], [ 576768.5, 5241324.5 ], [ 576769.0, 5241324.5 ], [ 576769.0, 5241324.0 ], [ 576769.5, 5241324.0 ], [ 576769.5, 5241323.5 ], [ 576770.0, 5241323.5 ], [ 576770.0, 5241323.0 ], [ 576770.5, 5241323.0 ], [ 576770.5, 5241322.5 ], [ 576771.0, 5241322.5 ], [ 576771.0, 5241322.0 ], [ 576771.5, 5241322.0 ], [ 576771.5, 5241321.5 ], [ 576772.0, 5241321.5 ], [ 576772.0, 5241321.0 ], [ 576772.5, 5241321.0 ], [ 576772.5, 5241320.5 ], [ 576773.0, 5241320.5 ], [ 576773.0, 5241320.0 ], [ 576773.5, 5241320.0 ], [ 576773.5, 5241319.5 ], [ 576774.0, 5241319.5 ], [ 576774.0, 5241319.0 ], [ 576774.5, 5241319.0 ], [ 576774.5, 5241318.5 ], [ 576775.0, 5241318.5 ], [ 576775.0, 5241318.0 ], [ 576775.5, 5241318.0 ], [ 576775.5, 5241317.5 ], [ 576776.0, 5241317.5 ], [ 576776.0, 5241317.0 ], [ 576776.5, 5241317.0 ], [ 576776.5, 5241316.5 ], [ 576776.0, 5241316.5 ], [ 576776.0, 5241316.0 ], [ 576775.5, 5241316.0 ], [ 576775.5, 5241315.5 ], [ 576775.0, 5241315.5 ], [ 576775.0, 5241315.0 ], [ 576774.5, 5241315.0 ], [ 576774.5, 5241314.5 ], [ 576774.0, 5241314.5 ], [ 576774.0, 5241314.0 ], [ 576773.5, 5241314.0 ], [ 576773.5, 5241313.5 ], [ 576773.0, 5241313.5 ], [ 576773.0, 5241313.0 ], [ 576772.5, 5241313.0 ], [ 576772.5, 5241312.5 ], [ 576772.0, 5241312.5 ], [ 576772.0, 5241312.0 ], [ 576771.5, 5241312.0 ], [ 576771.5, 5241311.5 ], [ 576770.5, 5241311.5 ], [ 576770.5, 5241311.0 ], [ 576769.5, 5241311.0 ], [ 576769.5, 5241311.5 ], [ 576769.0, 5241311.5 ], [ 576769.0, 5241311.0 ], [ 576768.0, 5241311.0 ], [ 576768.0, 5241310.5 ], [ 576767.5, 5241310.5 ], [ 576767.5, 5241311.0 ], [ 576767.0, 5241311.0 ], [ 576767.0, 5241311.5 ], [ 576766.5, 5241311.5 ], [ 576766.5, 5241312.0 ], [ 576766.0, 5241312.0 ], [ 576766.0, 5241312.5 ], [ 576765.5, 5241312.5 ], [ 576765.5, 5241313.0 ], [ 576765.0, 5241313.0 ], [ 576765.0, 5241312.5 ], [ 576764.5, 5241312.5 ], [ 576764.5, 5241312.0 ], [ 576764.0, 5241312.0 ], [ 576764.0, 5241312.5 ], [ 576763.5, 5241312.5 ], [ 576763.5, 5241313.0 ], [ 576763.0, 5241313.0 ], [ 576763.0, 5241313.5 ], [ 576762.5, 5241313.5 ], [ 576762.5, 5241314.0 ], [ 576762.0, 5241314.0 ], [ 576762.0, 5241314.5 ], [ 576761.5, 5241314.5 ], [ 576761.5, 5241315.0 ], [ 576761.0, 5241315.0 ], [ 576761.0, 5241315.5 ], [ 576760.5, 5241315.5 ], [ 576760.5, 5241316.0 ], [ 576760.0, 5241316.0 ], [ 576760.0, 5241316.5 ], [ 576759.5, 5241316.5 ], [ 576759.5, 5241317.0 ], [ 576759.0, 5241317.0 ], [ 576759.0, 5241316.5 ], [ 576758.5, 5241316.5 ], [ 576758.5, 5241316.0 ], [ 576758.0, 5241316.0 ], [ 576758.0, 5241315.5 ], [ 576757.0, 5241315.5 ], [ 576757.0, 5241315.0 ], [ 576756.5, 5241315.0 ], [ 576756.5, 5241314.5 ], [ 576756.0, 5241314.5 ], [ 576756.0, 5241314.0 ], [ 576755.5, 5241314.0 ], [ 576755.5, 5241313.5 ], [ 576755.0, 5241313.5 ], [ 576755.0, 5241313.0 ], [ 576754.5, 5241313.0 ], [ 576754.5, 5241312.5 ], [ 576754.0, 5241312.5 ], [ 576754.0, 5241312.0 ], [ 576753.5, 5241312.0 ], [ 576753.5, 5241311.5 ], [ 576753.0, 5241311.5 ], [ 576753.0, 5241311.0 ], [ 576752.0, 5241311.0 ], [ 576752.0, 5241311.5 ], [ 576751.5, 5241311.5 ], [ 576751.5, 5241311.0 ], [ 576751.0, 5241311.0 ], [ 576751.0, 5241310.5 ], [ 576750.5, 5241310.5 ], [ 576750.5, 5241311.0 ], [ 576750.0, 5241311.0 ], [ 576750.0, 5241311.5 ], [ 576749.5, 5241311.5 ], [ 576749.5, 5241312.0 ], [ 576749.0, 5241312.0 ], [ 576749.0, 5241312.5 ], [ 576748.5, 5241312.5 ], [ 576748.5, 5241313.0 ], [ 576748.0, 5241313.0 ], [ 576748.0, 5241313.5 ], [ 576747.5, 5241313.5 ], [ 576747.5, 5241314.0 ], [ 576747.0, 5241314.0 ], [ 576747.0, 5241314.5 ], [ 576746.5, 5241314.5 ], [ 576746.5, 5241314.0 ], [ 576745.5, 5241314.0 ], [ 576745.5, 5241313.5 ], [ 576745.0, 5241313.5 ], [ 576745.0, 5241313.0 ], [ 576744.5, 5241313.0 ], [ 576744.5, 5241312.0 ], [ 576744.0, 5241312.0 ], [ 576744.0, 5241311.5 ], [ 576743.5, 5241311.5 ], [ 576743.5, 5241311.0 ], [ 576743.0, 5241311.0 ], [ 576743.0, 5241310.5 ], [ 576742.5, 5241310.5 ], [ 576742.5, 5241310.0 ], [ 576742.0, 5241310.0 ], [ 576742.0, 5241309.5 ], [ 576741.5, 5241309.5 ], [ 576741.5, 5241309.0 ], [ 576741.0, 5241309.0 ], [ 576741.0, 5241308.5 ], [ 576740.5, 5241308.5 ], [ 576740.5, 5241308.0 ], [ 576740.0, 5241308.0 ], [ 576740.0, 5241307.5 ], [ 576739.5, 5241307.5 ], [ 576739.5, 5241307.0 ], [ 576739.0, 5241307.0 ], [ 576739.0, 5241306.5 ], [ 576737.5, 5241306.5 ], [ 576737.5, 5241306.0 ], [ 576736.0, 5241306.0 ], [ 576736.0, 5241305.5 ], [ 576735.5, 5241305.5 ], [ 576735.5, 5241305.0 ], [ 576735.0, 5241305.0 ], [ 576735.0, 5241304.5 ], [ 576734.5, 5241304.5 ], [ 576734.5, 5241304.0 ], [ 576734.0, 5241304.0 ], [ 576734.0, 5241303.5 ], [ 576734.5, 5241303.5 ], [ 576734.5, 5241303.0 ], [ 576735.5, 5241303.0 ], [ 576735.5, 5241303.5 ], [ 576736.5, 5241303.5 ], [ 576736.5, 5241304.0 ], [ 576737.0, 5241304.0 ], [ 576737.0, 5241303.5 ], [ 576738.5, 5241303.5 ], [ 576738.5, 5241304.0 ], [ 576741.0, 5241304.0 ], [ 576741.0, 5241304.5 ], [ 576743.5, 5241304.5 ], [ 576743.5, 5241305.0 ], [ 576744.5, 5241305.0 ], [ 576744.5, 5241305.5 ], [ 576745.0, 5241305.5 ], [ 576745.0, 5241305.0 ], [ 576745.5, 5241305.0 ], [ 576745.5, 5241305.5 ], [ 576747.5, 5241305.5 ], [ 576747.5, 5241306.0 ], [ 576748.0, 5241306.0 ], [ 576748.0, 5241306.5 ], [ 576749.5, 5241306.5 ], [ 576749.5, 5241306.0 ], [ 576751.5, 5241306.0 ], [ 576751.5, 5241306.5 ], [ 576752.5, 5241306.5 ], [ 576752.5, 5241307.0 ], [ 576754.0, 5241307.0 ], [ 576754.0, 5241306.5 ], [ 576754.5, 5241306.5 ], [ 576754.5, 5241307.0 ], [ 576755.5, 5241307.0 ], [ 576755.5, 5241307.5 ], [ 576759.0, 5241307.5 ], [ 576759.0, 5241308.0 ], [ 576761.0, 5241308.0 ], [ 576761.0, 5241308.5 ], [ 576761.5, 5241308.5 ], [ 576761.5, 5241308.0 ], [ 576762.0, 5241308.0 ], [ 576762.0, 5241308.5 ], [ 576762.5, 5241308.5 ], [ 576762.5, 5241309.0 ], [ 576763.0, 5241309.0 ], [ 576763.0, 5241308.5 ], [ 576763.5, 5241308.5 ], [ 576763.5, 5241309.0 ], [ 576764.0, 5241309.0 ], [ 576764.0, 5241308.5 ], [ 576765.0, 5241308.5 ], [ 576765.0, 5241309.0 ], [ 576766.0, 5241309.0 ], [ 576766.0, 5241309.5 ], [ 576766.5, 5241309.5 ], [ 576766.5, 5241309.0 ], [ 576767.0, 5241309.0 ], [ 576767.0, 5241309.5 ], [ 576767.5, 5241309.5 ], [ 576767.5, 5241310.0 ], [ 576768.0, 5241310.0 ], [ 576768.0, 5241309.5 ], [ 576771.5, 5241309.5 ], [ 576771.5, 5241310.0 ], [ 576772.0, 5241310.0 ], [ 576772.0, 5241309.5 ], [ 576773.0, 5241309.5 ], [ 576773.0, 5241310.0 ], [ 576773.5, 5241310.0 ], [ 576773.5, 5241309.5 ], [ 576775.0, 5241309.5 ], [ 576775.0, 5241310.0 ], [ 576777.5, 5241310.0 ], [ 576777.5, 5241309.5 ], [ 576778.0, 5241309.5 ], [ 576778.0, 5241310.0 ], [ 576781.5, 5241310.0 ], [ 576781.5, 5241310.5 ], [ 576782.0, 5241310.5 ], [ 576782.0, 5241311.0 ], [ 576782.5, 5241311.0 ], [ 576782.5, 5241310.5 ], [ 576783.0, 5241310.5 ], [ 576783.0, 5241310.0 ], [ 576784.0, 5241310.0 ], [ 576784.0, 5241310.5 ], [ 576785.0, 5241310.5 ], [ 576785.0, 5241310.0 ], [ 576788.5, 5241310.0 ], [ 576788.5, 5241310.5 ], [ 576789.0, 5241310.5 ], [ 576789.0, 5241311.0 ], [ 576790.0, 5241311.0 ], [ 576790.0, 5241310.5 ], [ 576793.0, 5241310.5 ], [ 576793.0, 5241311.0 ], [ 576793.5, 5241311.0 ], [ 576793.5, 5241310.5 ], [ 576794.0, 5241310.5 ], [ 576794.0, 5241311.0 ], [ 576798.0, 5241311.0 ], [ 576798.0, 5241311.5 ], [ 576798.5, 5241311.5 ], [ 576798.5, 5241311.0 ], [ 576799.0, 5241311.0 ], [ 576799.0, 5241311.5 ], [ 576801.5, 5241311.5 ], [ 576801.5, 5241312.0 ], [ 576802.5, 5241312.0 ], [ 576802.5, 5241312.5 ], [ 576803.0, 5241312.5 ], [ 576803.0, 5241312.0 ], [ 576804.5, 5241312.0 ], [ 576804.5, 5241312.5 ], [ 576806.5, 5241312.5 ], [ 576806.5, 5241313.0 ], [ 576807.0, 5241313.0 ], [ 576807.0, 5241312.5 ], [ 576808.5, 5241312.5 ], [ 576808.5, 5241313.0 ], [ 576815.5, 5241313.0 ], [ 576815.5, 5241313.5 ], [ 576816.0, 5241313.5 ], [ 576816.0, 5241313.0 ], [ 576816.5, 5241313.0 ], [ 576816.5, 5241313.5 ], [ 576818.0, 5241313.5 ], [ 576818.0, 5241314.0 ], [ 576819.0, 5241314.0 ], [ 576819.0, 5241314.5 ], [ 576820.0, 5241314.5 ], [ 576820.0, 5241315.0 ], [ 576820.5, 5241315.0 ], [ 576820.5, 5241315.5 ], [ 576821.0, 5241315.5 ], [ 576821.0, 5241316.5 ], [ 576821.5, 5241316.5 ], [ 576821.5, 5241319.0 ], [ 576822.0, 5241319.0 ], [ 576822.0, 5241319.5 ], [ 576821.5, 5241319.5 ], [ 576821.5, 5241320.0 ], [ 576822.0, 5241320.0 ], [ 576822.0, 5241320.5 ], [ 576821.5, 5241320.5 ], [ 576821.5, 5241321.0 ], [ 576821.0, 5241321.0 ], [ 576821.0, 5241322.0 ], [ 576820.5, 5241322.0 ], [ 576820.5, 5241323.0 ], [ 576820.0, 5241323.0 ], [ 576820.0, 5241323.5 ], [ 576819.0, 5241323.5 ], [ 576819.0, 5241324.0 ], [ 576818.5, 5241324.0 ], [ 576818.5, 5241324.5 ], [ 576817.5, 5241324.5 ], [ 576817.5, 5241325.0 ], [ 576814.0, 5241325.0 ], [ 576814.0, 5241325.5 ], [ 576813.5, 5241325.5 ], [ 576813.5, 5241325.0 ], [ 576812.5, 5241325.0 ], [ 576812.5, 5241325.5 ], [ 576805.5, 5241325.5 ], [ 576805.5, 5241325.0 ], [ 576805.0, 5241325.0 ], [ 576805.0, 5241325.5 ], [ 576804.5, 5241325.5 ], [ 576804.5, 5241325.0 ], [ 576803.5, 5241325.0 ], [ 576803.5, 5241325.5 ], [ 576800.5, 5241325.5 ], [ 576800.5, 5241325.0 ], [ 576799.0, 5241325.0 ], [ 576799.0, 5241324.5 ], [ 576798.5, 5241324.5 ], [ 576798.5, 5241324.0 ], [ 576798.0, 5241324.0 ], [ 576798.0, 5241323.5 ], [ 576797.5, 5241323.5 ], [ 576797.5, 5241323.0 ], [ 576797.0, 5241323.0 ], [ 576797.0, 5241322.5 ], [ 576796.5, 5241322.5 ], [ 576796.5, 5241323.0 ], [ 576796.0, 5241323.0 ], [ 576796.0, 5241322.5 ], [ 576795.5, 5241322.5 ], [ 576795.5, 5241322.0 ], [ 576795.0, 5241322.0 ], [ 576795.0, 5241321.5 ], [ 576794.0, 5241321.5 ], [ 576794.0, 5241322.0 ], [ 576793.0, 5241322.0 ], [ 576793.0, 5241321.5 ], [ 576792.5, 5241321.5 ], [ 576792.5, 5241321.0 ], [ 576792.0, 5241321.0 ], [ 576792.0, 5241320.5 ], [ 576791.5, 5241320.5 ], [ 576791.5, 5241321.0 ], [ 576790.5, 5241321.0 ], [ 576790.5, 5241320.5 ], [ 576789.5, 5241320.5 ], [ 576789.5, 5241321.0 ], [ 576789.0, 5241321.0 ], [ 576789.0, 5241321.5 ], [ 576788.0, 5241321.5 ], [ 576788.0, 5241322.0 ], [ 576787.5, 5241322.0 ], [ 576787.5, 5241322.5 ], [ 576787.0, 5241322.5 ], [ 576787.0, 5241323.0 ], [ 576786.5, 5241323.0 ], [ 576786.5, 5241323.5 ], [ 576786.0, 5241323.5 ], [ 576786.0, 5241324.0 ], [ 576785.5, 5241324.0 ], [ 576785.5, 5241324.5 ], [ 576785.0, 5241324.5 ], [ 576785.0, 5241325.0 ], [ 576784.5, 5241325.0 ], [ 576784.5, 5241325.5 ], [ 576784.0, 5241325.5 ], [ 576784.0, 5241326.0 ], [ 576783.5, 5241326.0 ], [ 576783.5, 5241326.5 ], [ 576783.0, 5241326.5 ], [ 576783.0, 5241327.5 ], [ 576783.5, 5241327.5 ], [ 576783.5, 5241329.0 ], [ 576784.0, 5241329.0 ], [ 576784.0, 5241332.0 ], [ 576783.5, 5241332.0 ], [ 576783.5, 5241333.0 ], [ 576783.0, 5241333.0 ], [ 576783.0, 5241334.0 ], [ 576782.5, 5241334.0 ], [ 576782.5, 5241334.5 ], [ 576782.0, 5241334.5 ], [ 576782.0, 5241335.0 ], [ 576781.5, 5241335.0 ], [ 576781.5, 5241336.0 ], [ 576781.0, 5241336.0 ], [ 576781.0, 5241337.5 ], [ 576781.5, 5241337.5 ], [ 576781.5, 5241339.0 ], [ 576782.0, 5241339.0 ], [ 576782.0, 5241340.0 ], [ 576782.5, 5241340.0 ], [ 576782.5, 5241340.5 ], [ 576783.0, 5241340.5 ], [ 576783.0, 5241341.5 ], [ 576783.5, 5241341.5 ], [ 576783.5, 5241342.0 ], [ 576784.0, 5241342.0 ], [ 576784.0, 5241342.5 ], [ 576784.5, 5241342.5 ], [ 576784.5, 5241343.0 ], [ 576785.0, 5241343.0 ], [ 576785.0, 5241343.5 ], [ 576785.5, 5241343.5 ], [ 576785.5, 5241344.0 ], [ 576786.0, 5241344.0 ], [ 576786.0, 5241344.5 ], [ 576786.5, 5241344.5 ], [ 576786.5, 5241345.5 ], [ 576787.0, 5241345.5 ], [ 576787.0, 5241346.0 ], [ 576787.5, 5241346.0 ], [ 576787.5, 5241346.5 ], [ 576788.0, 5241346.5 ], [ 576788.0, 5241347.0 ], [ 576788.5, 5241347.0 ], [ 576788.5, 5241348.5 ], [ 576789.0, 5241348.5 ], [ 576789.0, 5241350.5 ], [ 576788.5, 5241350.5 ], [ 576788.5, 5241351.0 ], [ 576788.0, 5241351.0 ], [ 576788.0, 5241351.5 ], [ 576787.5, 5241351.5 ], [ 576787.5, 5241352.0 ], [ 576787.0, 5241352.0 ], [ 576787.0, 5241352.5 ], [ 576785.5, 5241352.5 ], [ 576785.5, 5241353.0 ], [ 576784.5, 5241353.0 ], [ 576784.5, 5241352.5 ], [ 576777.5, 5241352.5 ], [ 576777.5, 5241352.0 ], [ 576776.0, 5241352.0 ], [ 576776.0, 5241352.5 ], [ 576775.5, 5241352.5 ], [ 576775.5, 5241352.0 ], [ 576773.5, 5241352.0 ], [ 576773.5, 5241352.5 ], [ 576770.0, 5241352.5 ], [ 576770.0, 5241352.0 ], [ 576767.5, 5241352.0 ], [ 576767.5, 5241351.5 ], [ 576767.0, 5241351.5 ], [ 576767.0, 5241352.0 ], [ 576766.0, 5241352.0 ], [ 576766.0, 5241351.5 ], [ 576765.0, 5241351.5 ], [ 576765.0, 5241351.0 ], [ 576763.5, 5241351.0 ], [ 576763.5, 5241350.5 ], [ 576763.0, 5241350.5 ], [ 576763.0, 5241350.0 ], [ 576761.5, 5241350.0 ], [ 576761.5, 5241349.5 ], [ 576760.5, 5241349.5 ], [ 576760.5, 5241349.0 ], [ 576758.0, 5241349.0 ], [ 576758.0, 5241348.5 ], [ 576757.0, 5241348.5 ], [ 576757.0, 5241348.0 ], [ 576756.5, 5241348.0 ], [ 576756.5, 5241347.5 ], [ 576756.0, 5241347.5 ], [ 576756.0, 5241348.0 ], [ 576755.5, 5241348.0 ], [ 576755.5, 5241348.5 ], [ 576755.0, 5241348.5 ], [ 576755.0, 5241348.0 ], [ 576754.5, 5241348.0 ], [ 576754.5, 5241348.5 ], [ 576752.0, 5241348.5 ], [ 576752.0, 5241348.0 ], [ 576750.5, 5241348.0 ], [ 576750.5, 5241348.5 ], [ 576747.5, 5241348.5 ], [ 576747.5, 5241349.0 ], [ 576746.5, 5241349.0 ], [ 576746.5, 5241349.5 ], [ 576744.0, 5241349.5 ], [ 576744.0, 5241350.0 ], [ 576743.0, 5241350.0 ], [ 576743.0, 5241350.5 ], [ 576742.5, 5241350.5 ], [ 576742.5, 5241351.0 ], [ 576741.5, 5241351.0 ], [ 576741.5, 5241351.5 ], [ 576741.0, 5241351.5 ], [ 576741.0, 5241352.0 ], [ 576740.5, 5241352.0 ], [ 576740.5, 5241352.5 ], [ 576740.0, 5241352.5 ], [ 576740.0, 5241353.0 ], [ 576739.5, 5241353.0 ], [ 576739.5, 5241353.5 ], [ 576739.0, 5241353.5 ], [ 576739.0, 5241354.0 ], [ 576738.5, 5241354.0 ], [ 576738.5, 5241354.5 ], [ 576738.0, 5241354.5 ], [ 576738.0, 5241355.0 ], [ 576737.5, 5241355.0 ], [ 576737.5, 5241355.5 ], [ 576737.0, 5241355.5 ], [ 576737.0, 5241356.0 ], [ 576736.5, 5241356.0 ], [ 576736.5, 5241356.5 ], [ 576736.0, 5241356.5 ], [ 576736.0, 5241357.0 ], [ 576735.5, 5241357.0 ], [ 576735.5, 5241357.5 ], [ 576735.0, 5241357.5 ], [ 576735.0, 5241358.0 ], [ 576734.5, 5241358.0 ], [ 576734.5, 5241358.5 ], [ 576733.5, 5241358.5 ], [ 576733.5, 5241359.0 ], [ 576732.5, 5241359.0 ], [ 576732.5, 5241359.5 ], [ 576730.5, 5241359.5 ], [ 576730.5, 5241360.0 ], [ 576729.0, 5241360.0 ], [ 576729.0, 5241360.5 ], [ 576727.0, 5241360.5 ], [ 576727.0, 5241361.0 ], [ 576725.0, 5241361.0 ], [ 576725.0, 5241361.5 ], [ 576724.5, 5241361.5 ], [ 576724.5, 5241361.0 ], [ 576724.0, 5241361.0 ], [ 576724.0, 5241361.5 ], [ 576722.5, 5241361.5 ], [ 576722.5, 5241362.0 ], [ 576720.5, 5241362.0 ], [ 576720.5, 5241362.5 ], [ 576720.0, 5241362.5 ], [ 576720.0, 5241363.0 ], [ 576715.5, 5241363.0 ], [ 576715.5, 5241363.5 ], [ 576714.5, 5241363.5 ], [ 576714.5, 5241364.0 ], [ 576714.0, 5241364.0 ], [ 576714.0, 5241364.5 ], [ 576713.0, 5241364.5 ], [ 576713.0, 5241365.0 ], [ 576712.0, 5241365.0 ], [ 576712.0, 5241364.5 ], [ 576711.5, 5241364.5 ], [ 576711.5, 5241364.0 ], [ 576710.0, 5241364.0 ], [ 576710.0, 5241364.5 ], [ 576709.5, 5241364.5 ], [ 576709.5, 5241365.0 ], [ 576709.0, 5241365.0 ], [ 576709.0, 5241365.5 ], [ 576707.0, 5241365.5 ], [ 576707.0, 5241365.0 ], [ 576706.5, 5241365.0 ], [ 576706.5, 5241365.5 ], [ 576705.5, 5241365.5 ], [ 576705.5, 5241365.0 ], [ 576705.0, 5241365.0 ], [ 576705.0, 5241365.5 ], [ 576704.5, 5241365.5 ], [ 576704.5, 5241366.0 ], [ 576703.0, 5241366.0 ], [ 576703.0, 5241366.5 ], [ 576702.0, 5241366.5 ], [ 576702.0, 5241367.0 ], [ 576701.5, 5241367.0 ], [ 576701.5, 5241367.5 ], [ 576701.0, 5241367.5 ], [ 576701.0, 5241368.0 ], [ 576700.5, 5241368.0 ], [ 576700.5, 5241368.5 ], [ 576700.0, 5241368.5 ], [ 576700.0, 5241369.0 ], [ 576699.0, 5241369.0 ], [ 576699.0, 5241369.5 ], [ 576696.0, 5241369.5 ], [ 576696.0, 5241370.0 ], [ 576693.5, 5241370.0 ], [ 576693.5, 5241370.5 ], [ 576689.0, 5241370.5 ], [ 576689.0, 5241371.0 ], [ 576687.5, 5241371.0 ], [ 576687.5, 5241371.5 ], [ 576685.5, 5241371.5 ], [ 576685.5, 5241372.0 ], [ 576685.0, 5241372.0 ], [ 576685.0, 5241372.5 ], [ 576684.5, 5241372.5 ], [ 576684.5, 5241373.0 ], [ 576684.0, 5241373.0 ], [ 576684.0, 5241373.5 ], [ 576683.5, 5241373.5 ], [ 576683.5, 5241374.0 ], [ 576683.0, 5241374.0 ], [ 576683.0, 5241374.5 ], [ 576682.5, 5241374.5 ], [ 576682.5, 5241375.0 ], [ 576682.0, 5241375.0 ], [ 576682.0, 5241375.5 ], [ 576681.5, 5241375.5 ], [ 576681.5, 5241376.0 ], [ 576681.0, 5241376.0 ], [ 576681.0, 5241376.5 ], [ 576680.5, 5241376.5 ], [ 576680.5, 5241377.0 ], [ 576680.0, 5241377.0 ], [ 576680.0, 5241377.5 ], [ 576679.5, 5241377.5 ], [ 576679.5, 5241378.0 ], [ 576679.0, 5241378.0 ], [ 576679.0, 5241379.0 ], [ 576678.5, 5241379.0 ], [ 576678.5, 5241380.0 ], [ 576678.0, 5241380.0 ], [ 576678.0, 5241380.5 ], [ 576677.5, 5241380.5 ], [ 576677.5, 5241381.0 ], [ 576677.0, 5241381.0 ], [ 576677.0, 5241381.5 ], [ 576676.5, 5241381.5 ], [ 576676.5, 5241382.5 ], [ 576676.0, 5241382.5 ], [ 576676.0, 5241383.0 ], [ 576675.5, 5241383.0 ], [ 576675.5, 5241384.0 ], [ 576675.0, 5241384.0 ], [ 576675.0, 5241384.5 ], [ 576674.5, 5241384.5 ], [ 576674.5, 5241385.0 ], [ 576674.0, 5241385.0 ], [ 576674.0, 5241386.0 ], [ 576673.5, 5241386.0 ], [ 576673.5, 5241386.5 ], [ 576673.0, 5241386.5 ], [ 576673.0, 5241391.0 ], [ 576673.5, 5241391.0 ], [ 576673.5, 5241392.0 ], [ 576673.0, 5241392.0 ], [ 576673.0, 5241394.0 ], [ 576672.5, 5241394.0 ], [ 576672.5, 5241396.0 ], [ 576672.0, 5241396.0 ], [ 576672.0, 5241397.0 ], [ 576671.5, 5241397.0 ], [ 576671.5, 5241399.0 ], [ 576671.0, 5241399.0 ], [ 576671.0, 5241400.0 ], [ 576670.5, 5241400.0 ], [ 576670.5, 5241400.5 ], [ 576670.0, 5241400.5 ], [ 576670.0, 5241402.0 ], [ 576669.5, 5241402.0 ], [ 576669.5, 5241403.0 ], [ 576669.0, 5241403.0 ], [ 576669.0, 5241404.0 ], [ 576668.5, 5241404.0 ], [ 576668.5, 5241405.5 ], [ 576668.0, 5241405.5 ], [ 576668.0, 5241406.0 ], [ 576667.5, 5241406.0 ], [ 576667.5, 5241406.5 ], [ 576668.0, 5241406.5 ], [ 576668.0, 5241407.0 ], [ 576668.5, 5241407.0 ], [ 576668.5, 5241407.5 ], [ 576668.0, 5241407.5 ], [ 576668.0, 5241408.0 ], [ 576668.5, 5241408.0 ], [ 576668.5, 5241411.5 ], [ 576669.0, 5241411.5 ], [ 576669.0, 5241412.0 ], [ 576668.5, 5241412.0 ], [ 576668.5, 5241413.5 ], [ 576668.0, 5241413.5 ], [ 576668.0, 5241414.0 ], [ 576668.5, 5241414.0 ], [ 576668.5, 5241414.5 ], [ 576668.0, 5241414.5 ], [ 576668.0, 5241415.0 ], [ 576667.5, 5241415.0 ], [ 576667.5, 5241415.5 ], [ 576668.0, 5241415.5 ], [ 576668.0, 5241416.0 ], [ 576667.5, 5241416.0 ], [ 576667.5, 5241417.5 ], [ 576667.0, 5241417.5 ], [ 576667.0, 5241419.5 ], [ 576666.5, 5241419.5 ], [ 576666.5, 5241420.5 ], [ 576666.0, 5241420.5 ], [ 576666.0, 5241421.0 ], [ 576666.5, 5241421.0 ], [ 576666.5, 5241422.0 ], [ 576666.0, 5241422.0 ], [ 576666.0, 5241424.5 ], [ 576665.5, 5241424.5 ], [ 576665.5, 5241426.0 ], [ 576665.0, 5241426.0 ], [ 576665.0, 5241427.5 ], [ 576664.5, 5241427.5 ], [ 576664.5, 5241429.5 ], [ 576664.0, 5241429.5 ], [ 576664.0, 5241431.0 ], [ 576663.5, 5241431.0 ], [ 576663.5, 5241431.5 ], [ 576663.0, 5241431.5 ], [ 576663.0, 5241432.0 ], [ 576663.5, 5241432.0 ], [ 576663.5, 5241432.5 ], [ 576663.0, 5241432.5 ], [ 576663.0, 5241433.5 ], [ 576662.5, 5241433.5 ], [ 576662.5, 5241435.0 ], [ 576663.0, 5241435.0 ], [ 576663.0, 5241435.5 ], [ 576663.5, 5241435.5 ], [ 576663.5, 5241439.0 ], [ 576663.0, 5241439.0 ], [ 576663.0, 5241440.5 ], [ 576662.5, 5241440.5 ], [ 576662.5, 5241441.5 ], [ 576662.0, 5241441.5 ], [ 576662.0, 5241442.0 ], [ 576661.5, 5241442.0 ], [ 576661.5, 5241443.0 ], [ 576661.0, 5241443.0 ], [ 576661.0, 5241443.5 ], [ 576660.5, 5241443.5 ], [ 576660.5, 5241444.5 ], [ 576660.0, 5241444.5 ], [ 576660.0, 5241445.0 ], [ 576659.5, 5241445.0 ], [ 576659.5, 5241445.5 ], [ 576659.0, 5241445.5 ], [ 576659.0, 5241446.5 ], [ 576658.5, 5241446.5 ], [ 576658.5, 5241447.0 ], [ 576658.0, 5241447.0 ], [ 576658.0, 5241447.5 ], [ 576657.5, 5241447.5 ], [ 576657.5, 5241448.0 ], [ 576657.0, 5241448.0 ], [ 576657.0, 5241449.0 ], [ 576656.5, 5241449.0 ], [ 576656.5, 5241450.0 ], [ 576656.0, 5241450.0 ], [ 576656.0, 5241451.5 ], [ 576655.5, 5241451.5 ], [ 576655.5, 5241453.0 ], [ 576655.0, 5241453.0 ], [ 576655.0, 5241456.5 ], [ 576654.5, 5241456.5 ], [ 576654.5, 5241458.5 ], [ 576654.0, 5241458.5 ], [ 576654.0, 5241459.5 ], [ 576653.5, 5241459.5 ], [ 576653.5, 5241460.5 ], [ 576653.0, 5241460.5 ], [ 576653.0, 5241461.5 ], [ 576652.5, 5241461.5 ], [ 576652.5, 5241462.5 ], [ 576652.0, 5241462.5 ], [ 576652.0, 5241463.0 ], [ 576651.5, 5241463.0 ], [ 576651.5, 5241463.5 ], [ 576651.0, 5241463.5 ], [ 576651.0, 5241464.0 ], [ 576650.5, 5241464.0 ], [ 576650.5, 5241464.5 ], [ 576650.0, 5241464.5 ], [ 576650.0, 5241465.0 ], [ 576649.0, 5241465.0 ], [ 576649.0, 5241465.5 ], [ 576648.0, 5241465.5 ], [ 576648.0, 5241466.0 ], [ 576647.0, 5241466.0 ], [ 576647.0, 5241466.5 ], [ 576642.5, 5241466.5 ], [ 576642.5, 5241466.0 ], [ 576642.0, 5241466.0 ], [ 576642.0, 5241465.5 ], [ 576641.5, 5241465.5 ], [ 576641.5, 5241465.0 ], [ 576641.0, 5241465.0 ], [ 576641.0, 5241464.5 ], [ 576640.5, 5241464.5 ], [ 576640.5, 5241464.0 ], [ 576640.0, 5241464.0 ], [ 576640.0, 5241463.5 ], [ 576639.5, 5241463.5 ], [ 576639.5, 5241463.0 ], [ 576639.0, 5241463.0 ], [ 576639.0, 5241462.5 ], [ 576638.5, 5241462.5 ], [ 576638.5, 5241462.0 ], [ 576638.0, 5241462.0 ], [ 576638.0, 5241461.5 ], [ 576637.5, 5241461.5 ], [ 576637.5, 5241461.0 ], [ 576637.0, 5241461.0 ], [ 576637.0, 5241460.5 ], [ 576636.0, 5241460.5 ], [ 576636.0, 5241461.0 ], [ 576635.0, 5241461.0 ], [ 576635.0, 5241461.5 ], [ 576633.5, 5241461.5 ], [ 576633.5, 5241461.0 ], [ 576629.5, 5241461.0 ], [ 576629.5, 5241460.5 ], [ 576628.0, 5241460.5 ], [ 576628.0, 5241460.0 ], [ 576627.0, 5241460.0 ], [ 576627.0, 5241459.5 ], [ 576625.5, 5241459.5 ], [ 576625.5, 5241459.0 ], [ 576625.0, 5241459.0 ], [ 576625.0, 5241458.5 ], [ 576624.0, 5241458.5 ], [ 576624.0, 5241458.0 ], [ 576623.0, 5241458.0 ], [ 576623.0, 5241457.5 ], [ 576622.5, 5241457.5 ], [ 576622.5, 5241457.0 ], [ 576621.5, 5241457.0 ], [ 576621.5, 5241456.5 ], [ 576620.5, 5241456.5 ], [ 576620.5, 5241456.0 ], [ 576619.5, 5241456.0 ], [ 576619.5, 5241455.5 ], [ 576618.0, 5241455.5 ], [ 576618.0, 5241455.0 ], [ 576617.5, 5241455.0 ], [ 576617.5, 5241454.5 ], [ 576616.5, 5241454.5 ], [ 576616.5, 5241454.0 ], [ 576615.5, 5241454.0 ], [ 576615.5, 5241453.5 ], [ 576614.5, 5241453.5 ], [ 576614.5, 5241453.0 ], [ 576613.0, 5241453.0 ], [ 576613.0, 5241452.5 ], [ 576611.5, 5241452.5 ], [ 576611.5, 5241452.0 ], [ 576611.0, 5241452.0 ], [ 576611.0, 5241451.5 ], [ 576610.5, 5241451.5 ], [ 576610.5, 5241452.0 ], [ 576609.5, 5241452.0 ], [ 576609.5, 5241451.5 ], [ 576606.5, 5241451.5 ], [ 576606.5, 5241451.0 ], [ 576594.5, 5241451.0 ], [ 576594.5, 5241451.5 ], [ 576594.0, 5241451.5 ], [ 576594.0, 5241451.0 ], [ 576591.0, 5241451.0 ], [ 576591.0, 5241451.5 ], [ 576585.0, 5241451.5 ], [ 576585.0, 5241452.0 ], [ 576582.5, 5241452.0 ], [ 576582.5, 5241452.5 ], [ 576581.0, 5241452.5 ], [ 576581.0, 5241453.0 ], [ 576578.5, 5241453.0 ], [ 576578.5, 5241453.5 ], [ 576576.0, 5241453.5 ], [ 576576.0, 5241454.0 ], [ 576575.5, 5241454.0 ], [ 576575.5, 5241454.5 ], [ 576575.0, 5241454.5 ], [ 576575.0, 5241454.0 ], [ 576574.5, 5241454.0 ], [ 576574.5, 5241454.5 ], [ 576574.0, 5241454.5 ], [ 576574.0, 5241455.0 ], [ 576572.5, 5241455.0 ], [ 576572.5, 5241455.5 ], [ 576571.5, 5241455.5 ], [ 576571.5, 5241456.0 ], [ 576570.0, 5241456.0 ], [ 576570.0, 5241456.5 ], [ 576569.5, 5241456.5 ], [ 576569.5, 5241457.0 ], [ 576568.0, 5241457.0 ], [ 576568.0, 5241457.5 ], [ 576567.5, 5241457.5 ], [ 576567.5, 5241458.0 ], [ 576567.0, 5241458.0 ], [ 576567.0, 5241458.5 ], [ 576566.5, 5241458.5 ], [ 576566.5, 5241459.0 ], [ 576565.5, 5241459.0 ], [ 576565.5, 5241459.5 ], [ 576564.5, 5241459.5 ], [ 576564.5, 5241460.0 ], [ 576564.0, 5241460.0 ], [ 576564.0, 5241460.5 ], [ 576563.5, 5241460.5 ], [ 576563.5, 5241461.0 ], [ 576562.5, 5241461.0 ], [ 576562.5, 5241461.5 ], [ 576562.0, 5241461.5 ], [ 576562.0, 5241462.0 ], [ 576561.5, 5241462.0 ], [ 576561.5, 5241462.5 ], [ 576561.0, 5241462.5 ], [ 576561.0, 5241463.0 ], [ 576560.0, 5241463.0 ], [ 576560.0, 5241463.5 ], [ 576559.5, 5241463.5 ], [ 576559.5, 5241464.0 ], [ 576558.0, 5241464.0 ], [ 576558.0, 5241464.5 ], [ 576557.5, 5241464.5 ], [ 576557.5, 5241465.0 ], [ 576556.0, 5241465.0 ], [ 576556.0, 5241465.5 ], [ 576554.5, 5241465.5 ], [ 576554.5, 5241466.0 ], [ 576553.5, 5241466.0 ], [ 576553.5, 5241466.5 ], [ 576552.0, 5241466.5 ], [ 576552.0, 5241467.0 ], [ 576550.5, 5241467.0 ], [ 576550.5, 5241467.5 ], [ 576549.5, 5241467.5 ], [ 576549.5, 5241468.0 ], [ 576547.5, 5241468.0 ], [ 576547.5, 5241468.5 ], [ 576546.5, 5241468.5 ], [ 576546.5, 5241469.0 ], [ 576545.5, 5241469.0 ], [ 576545.5, 5241469.5 ], [ 576544.0, 5241469.5 ], [ 576544.0, 5241470.0 ], [ 576542.5, 5241470.0 ], [ 576542.5, 5241470.5 ], [ 576541.0, 5241470.5 ], [ 576541.0, 5241471.0 ], [ 576540.0, 5241471.0 ], [ 576540.0, 5241471.5 ], [ 576538.5, 5241471.5 ], [ 576538.5, 5241472.0 ], [ 576536.5, 5241472.0 ], [ 576536.5, 5241472.5 ], [ 576535.5, 5241472.5 ], [ 576535.5, 5241473.0 ], [ 576533.5, 5241473.0 ] ], [ [ 576500.0, 5241455.0 ], [ 576501.5, 5241455.0 ], [ 576501.5, 5241454.5 ], [ 576502.0, 5241454.5 ], [ 576502.0, 5241454.0 ], [ 576502.5, 5241454.0 ], [ 576502.5, 5241453.5 ], [ 576504.0, 5241453.5 ], [ 576504.0, 5241454.0 ], [ 576504.5, 5241454.0 ], [ 576504.5, 5241453.5 ], [ 576505.0, 5241453.5 ], [ 576505.0, 5241454.0 ], [ 576505.5, 5241454.0 ], [ 576505.5, 5241453.5 ], [ 576506.5, 5241453.5 ], [ 576506.5, 5241453.0 ], [ 576507.0, 5241453.0 ], [ 576507.0, 5241453.5 ], [ 576508.0, 5241453.5 ], [ 576508.0, 5241454.0 ], [ 576508.5, 5241454.0 ], [ 576508.5, 5241454.5 ], [ 576509.0, 5241454.5 ], [ 576509.0, 5241454.0 ], [ 576509.5, 5241454.0 ], [ 576509.5, 5241454.5 ], [ 576510.0, 5241454.5 ], [ 576510.0, 5241454.0 ], [ 576510.5, 5241454.0 ], [ 576510.5, 5241453.5 ], [ 576512.0, 5241453.5 ], [ 576512.0, 5241454.0 ], [ 576512.5, 5241454.0 ], [ 576512.5, 5241454.5 ], [ 576513.0, 5241454.5 ], [ 576513.0, 5241455.0 ], [ 576514.5, 5241455.0 ], [ 576514.5, 5241454.5 ], [ 576515.0, 5241454.5 ], [ 576515.0, 5241454.0 ], [ 576515.5, 5241454.0 ], [ 576515.5, 5241453.5 ], [ 576516.0, 5241453.5 ], [ 576516.0, 5241453.0 ], [ 576516.5, 5241453.0 ], [ 576516.5, 5241452.5 ], [ 576517.0, 5241452.5 ], [ 576517.0, 5241453.0 ], [ 576517.5, 5241453.0 ], [ 576517.5, 5241453.5 ], [ 576518.5, 5241453.5 ], [ 576518.5, 5241454.0 ], [ 576519.0, 5241454.0 ], [ 576519.0, 5241454.5 ], [ 576519.5, 5241454.5 ], [ 576519.5, 5241454.0 ], [ 576520.0, 5241454.0 ], [ 576520.0, 5241453.5 ], [ 576520.5, 5241453.5 ], [ 576520.5, 5241453.0 ], [ 576521.0, 5241453.0 ], [ 576521.0, 5241452.5 ], [ 576521.5, 5241452.5 ], [ 576521.5, 5241452.0 ], [ 576522.0, 5241452.0 ], [ 576522.0, 5241451.5 ], [ 576522.5, 5241451.5 ], [ 576522.5, 5241451.0 ], [ 576523.0, 5241451.0 ], [ 576523.0, 5241450.5 ], [ 576523.5, 5241450.5 ], [ 576523.5, 5241450.0 ], [ 576524.0, 5241450.0 ], [ 576524.0, 5241449.5 ], [ 576524.5, 5241449.5 ], [ 576524.5, 5241449.0 ], [ 576525.0, 5241449.0 ], [ 576525.0, 5241448.5 ], [ 576525.5, 5241448.5 ], [ 576525.5, 5241448.0 ], [ 576526.0, 5241448.0 ], [ 576526.0, 5241447.0 ], [ 576526.5, 5241447.0 ], [ 576526.5, 5241446.5 ], [ 576527.0, 5241446.5 ], [ 576527.0, 5241446.0 ], [ 576528.0, 5241446.0 ], [ 576528.0, 5241445.5 ], [ 576528.5, 5241445.5 ], [ 576528.5, 5241445.0 ], [ 576520.5, 5241445.0 ], [ 576520.5, 5241445.5 ], [ 576508.5, 5241445.5 ], [ 576508.5, 5241446.0 ], [ 576497.0, 5241446.0 ], [ 576497.0, 5241446.5 ], [ 576485.0, 5241446.5 ], [ 576485.0, 5241447.5 ], [ 576485.5, 5241447.5 ], [ 576485.5, 5241448.0 ], [ 576486.0, 5241448.0 ], [ 576486.0, 5241448.5 ], [ 576486.5, 5241448.5 ], [ 576486.5, 5241449.0 ], [ 576488.0, 5241449.0 ], [ 576488.0, 5241449.5 ], [ 576488.5, 5241449.5 ], [ 576488.5, 5241450.0 ], [ 576489.0, 5241450.0 ], [ 576489.0, 5241450.5 ], [ 576489.5, 5241450.5 ], [ 576489.5, 5241451.0 ], [ 576490.0, 5241451.0 ], [ 576490.0, 5241451.5 ], [ 576490.5, 5241451.5 ], [ 576490.5, 5241452.0 ], [ 576491.0, 5241452.0 ], [ 576491.0, 5241451.5 ], [ 576491.5, 5241451.5 ], [ 576491.5, 5241452.0 ], [ 576492.5, 5241452.0 ], [ 576492.5, 5241451.5 ], [ 576493.0, 5241451.5 ], [ 576493.0, 5241452.0 ], [ 576493.5, 5241452.0 ], [ 576493.5, 5241452.5 ], [ 576494.5, 5241452.5 ], [ 576494.5, 5241453.0 ], [ 576495.5, 5241453.0 ], [ 576495.5, 5241453.5 ], [ 576496.0, 5241453.5 ], [ 576496.0, 5241453.0 ], [ 576496.5, 5241453.0 ], [ 576496.5, 5241453.5 ], [ 576497.5, 5241453.5 ], [ 576497.5, 5241454.0 ], [ 576498.0, 5241454.0 ], [ 576498.0, 5241454.5 ], [ 576500.0, 5241454.5 ], [ 576500.0, 5241455.0 ] ], [ [ 576535.5, 5241447.0 ], [ 576536.5, 5241447.0 ], [ 576536.5, 5241446.5 ], [ 576537.0, 5241446.5 ], [ 576537.0, 5241447.0 ], [ 576538.0, 5241447.0 ], [ 576538.0, 5241446.5 ], [ 576538.5, 5241446.5 ], [ 576538.5, 5241447.0 ], [ 576539.0, 5241447.0 ], [ 576539.0, 5241446.5 ], [ 576539.5, 5241446.5 ], [ 576539.5, 5241446.0 ], [ 576540.0, 5241446.0 ], [ 576540.0, 5241445.5 ], [ 576540.5, 5241445.5 ], [ 576540.5, 5241445.0 ], [ 576541.0, 5241445.0 ], [ 576541.0, 5241444.5 ], [ 576541.5, 5241444.5 ], [ 576541.5, 5241444.0 ], [ 576542.0, 5241444.0 ], [ 576542.0, 5241443.5 ], [ 576542.5, 5241443.5 ], [ 576542.5, 5241443.0 ], [ 576543.0, 5241443.0 ], [ 576543.0, 5241442.5 ], [ 576543.5, 5241442.5 ], [ 576543.5, 5241442.0 ], [ 576544.0, 5241442.0 ], [ 576544.0, 5241441.5 ], [ 576543.5, 5241441.5 ], [ 576543.5, 5241441.0 ], [ 576543.0, 5241441.0 ], [ 576543.0, 5241440.5 ], [ 576542.5, 5241440.5 ], [ 576542.5, 5241440.0 ], [ 576543.0, 5241440.0 ], [ 576543.0, 5241439.5 ], [ 576543.5, 5241439.5 ], [ 576543.5, 5241438.0 ], [ 576544.0, 5241438.0 ], [ 576544.0, 5241437.5 ], [ 576543.5, 5241437.5 ], [ 576543.5, 5241437.0 ], [ 576544.0, 5241437.0 ], [ 576544.0, 5241436.5 ], [ 576544.5, 5241436.5 ], [ 576544.5, 5241436.0 ], [ 576544.0, 5241436.0 ], [ 576544.0, 5241435.5 ], [ 576544.5, 5241435.5 ], [ 576544.5, 5241435.0 ], [ 576545.0, 5241435.0 ], [ 576545.0, 5241434.5 ], [ 576545.5, 5241434.5 ], [ 576545.5, 5241434.0 ], [ 576546.0, 5241434.0 ], [ 576546.0, 5241433.5 ], [ 576546.5, 5241433.5 ], [ 576546.5, 5241433.0 ], [ 576547.0, 5241433.0 ], [ 576547.0, 5241432.5 ], [ 576547.5, 5241432.5 ], [ 576547.5, 5241432.0 ], [ 576548.0, 5241432.0 ], [ 576548.0, 5241431.5 ], [ 576548.5, 5241431.5 ], [ 576548.5, 5241430.5 ], [ 576549.0, 5241430.5 ], [ 576549.0, 5241430.0 ], [ 576549.5, 5241430.0 ], [ 576549.5, 5241429.0 ], [ 576550.0, 5241429.0 ], [ 576550.0, 5241428.5 ], [ 576549.5, 5241428.5 ], [ 576549.5, 5241427.5 ], [ 576550.0, 5241427.5 ], [ 576550.0, 5241426.5 ], [ 576549.5, 5241426.5 ], [ 576549.5, 5241426.0 ], [ 576549.0, 5241426.0 ], [ 576549.0, 5241425.5 ], [ 576548.5, 5241425.5 ], [ 576548.5, 5241425.0 ], [ 576548.0, 5241425.0 ], [ 576548.0, 5241424.5 ], [ 576547.5, 5241424.5 ], [ 576547.5, 5241424.0 ], [ 576547.0, 5241424.0 ], [ 576547.0, 5241423.5 ], [ 576546.5, 5241423.5 ], [ 576546.5, 5241423.0 ], [ 576546.0, 5241423.0 ], [ 576546.0, 5241422.5 ], [ 576545.5, 5241422.5 ], [ 576545.5, 5241422.0 ], [ 576545.0, 5241422.0 ], [ 576545.0, 5241421.5 ], [ 576544.5, 5241421.5 ], [ 576544.5, 5241421.0 ], [ 576544.0, 5241421.0 ], [ 576544.0, 5241420.5 ], [ 576543.5, 5241420.5 ], [ 576543.5, 5241421.0 ], [ 576543.0, 5241421.0 ], [ 576543.0, 5241421.5 ], [ 576542.5, 5241421.5 ], [ 576542.5, 5241422.5 ], [ 576542.0, 5241422.5 ], [ 576542.0, 5241423.5 ], [ 576541.5, 5241423.5 ], [ 576541.5, 5241424.5 ], [ 576541.0, 5241424.5 ], [ 576541.0, 5241425.0 ], [ 576540.5, 5241425.0 ], [ 576540.5, 5241426.0 ], [ 576540.0, 5241426.0 ], [ 576540.0, 5241427.0 ], [ 576539.5, 5241427.0 ], [ 576539.5, 5241427.5 ], [ 576539.0, 5241427.5 ], [ 576539.0, 5241428.5 ], [ 576538.5, 5241428.5 ], [ 576538.5, 5241429.5 ], [ 576538.0, 5241429.5 ], [ 576538.0, 5241430.0 ], [ 576537.5, 5241430.0 ], [ 576537.5, 5241431.0 ], [ 576537.0, 5241431.0 ], [ 576537.0, 5241432.0 ], [ 576536.5, 5241432.0 ], [ 576536.5, 5241432.5 ], [ 576536.0, 5241432.5 ], [ 576536.0, 5241433.5 ], [ 576535.5, 5241433.5 ], [ 576535.5, 5241434.5 ], [ 576535.0, 5241434.5 ], [ 576535.0, 5241435.0 ], [ 576534.5, 5241435.0 ], [ 576534.5, 5241436.0 ], [ 576534.0, 5241436.0 ], [ 576534.0, 5241437.0 ], [ 576533.5, 5241437.0 ], [ 576533.5, 5241438.0 ], [ 576533.0, 5241438.0 ], [ 576533.0, 5241438.5 ], [ 576532.5, 5241438.5 ], [ 576532.5, 5241439.5 ], [ 576532.0, 5241439.5 ], [ 576532.0, 5241440.5 ], [ 576531.5, 5241440.5 ], [ 576531.5, 5241441.0 ], [ 576531.0, 5241441.0 ], [ 576531.0, 5241442.0 ], [ 576530.5, 5241442.0 ], [ 576530.5, 5241443.0 ], [ 576530.0, 5241443.0 ], [ 576530.0, 5241443.5 ], [ 576529.5, 5241443.5 ], [ 576529.5, 5241444.5 ], [ 576530.0, 5241444.5 ], [ 576530.0, 5241445.0 ], [ 576531.5, 5241445.0 ], [ 576531.5, 5241444.5 ], [ 576532.0, 5241444.5 ], [ 576532.0, 5241444.0 ], [ 576533.0, 5241444.0 ], [ 576533.0, 5241444.5 ], [ 576533.5, 5241444.5 ], [ 576533.5, 5241445.0 ], [ 576534.0, 5241445.0 ], [ 576534.0, 5241445.5 ], [ 576534.5, 5241445.5 ], [ 576534.5, 5241446.0 ], [ 576535.0, 5241446.0 ], [ 576535.0, 5241446.5 ], [ 576535.5, 5241446.5 ], [ 576535.5, 5241447.0 ] ], [ [ 576481.5, 5241446.5 ], [ 576482.5, 5241446.5 ], [ 576482.5, 5241446.0 ], [ 576481.5, 5241446.0 ], [ 576481.5, 5241446.5 ] ], [ [ 576481.0, 5241446.0 ], [ 576481.5, 5241446.0 ], [ 576481.5, 5241445.5 ], [ 576481.0, 5241445.5 ], [ 576481.0, 5241446.0 ] ], [ [ 576477.5, 5241445.5 ], [ 576478.0, 5241445.5 ], [ 576478.0, 5241445.0 ], [ 576477.5, 5241445.0 ], [ 576477.5, 5241445.5 ] ], [ [ 576478.5, 5241445.5 ], [ 576479.5, 5241445.5 ], [ 576479.5, 5241445.0 ], [ 576478.5, 5241445.0 ], [ 576478.5, 5241445.5 ] ], [ [ 576476.5, 5241445.0 ], [ 576477.0, 5241445.0 ], [ 576477.0, 5241444.5 ], [ 576476.5, 5241444.5 ], [ 576476.5, 5241445.0 ] ], [ [ 576468.0, 5241444.5 ], [ 576468.5, 5241444.5 ], [ 576468.5, 5241444.0 ], [ 576469.0, 5241444.0 ], [ 576469.0, 5241443.5 ], [ 576470.0, 5241443.5 ], [ 576470.0, 5241444.0 ], [ 576471.5, 5241444.0 ], [ 576471.5, 5241444.5 ], [ 576472.0, 5241444.5 ], [ 576472.0, 5241444.0 ], [ 576472.5, 5241444.0 ], [ 576472.5, 5241444.5 ], [ 576473.0, 5241444.5 ], [ 576473.0, 5241444.0 ], [ 576473.5, 5241444.0 ], [ 576473.5, 5241443.5 ], [ 576472.0, 5241443.5 ], [ 576472.0, 5241443.0 ], [ 576470.5, 5241443.0 ], [ 576470.5, 5241442.5 ], [ 576469.0, 5241442.5 ], [ 576469.0, 5241442.0 ], [ 576467.5, 5241442.0 ], [ 576467.5, 5241441.5 ], [ 576466.0, 5241441.5 ], [ 576466.0, 5241441.0 ], [ 576464.5, 5241441.0 ], [ 576464.5, 5241441.5 ], [ 576465.0, 5241441.5 ], [ 576465.0, 5241442.0 ], [ 576465.5, 5241442.0 ], [ 576465.5, 5241442.5 ], [ 576466.0, 5241442.5 ], [ 576466.0, 5241443.0 ], [ 576466.5, 5241443.0 ], [ 576466.5, 5241443.5 ], [ 576467.0, 5241443.5 ], [ 576467.0, 5241444.0 ], [ 576468.0, 5241444.0 ], [ 576468.0, 5241444.5 ] ], [ [ 576473.5, 5241444.5 ], [ 576474.0, 5241444.5 ], [ 576474.0, 5241444.0 ], [ 576473.5, 5241444.0 ], [ 576473.5, 5241444.5 ] ], [ [ 576474.5, 5241444.5 ], [ 576475.5, 5241444.5 ], [ 576475.5, 5241444.0 ], [ 576474.5, 5241444.0 ], [ 576474.5, 5241444.5 ] ], [ [ 576462.0, 5241441.5 ], [ 576463.0, 5241441.5 ], [ 576463.0, 5241441.0 ], [ 576463.5, 5241441.0 ], [ 576463.5, 5241440.5 ], [ 576463.0, 5241440.5 ], [ 576463.0, 5241440.0 ], [ 576461.0, 5241440.0 ], [ 576461.0, 5241439.5 ], [ 576460.0, 5241439.5 ], [ 576460.0, 5241440.0 ], [ 576460.5, 5241440.0 ], [ 576460.5, 5241440.5 ], [ 576461.0, 5241440.5 ], [ 576461.0, 5241441.0 ], [ 576462.0, 5241441.0 ], [ 576462.0, 5241441.5 ] ], [ [ 576464.0, 5241441.0 ], [ 576464.5, 5241441.0 ], [ 576464.5, 5241440.5 ], [ 576464.0, 5241440.5 ], [ 576464.0, 5241441.0 ] ], [ [ 576454.5, 5241439.5 ], [ 576455.5, 5241439.5 ], [ 576455.5, 5241439.0 ], [ 576456.0, 5241439.0 ], [ 576456.0, 5241439.5 ], [ 576456.5, 5241439.5 ], [ 576456.5, 5241439.0 ], [ 576457.0, 5241439.0 ], [ 576457.0, 5241438.0 ], [ 576456.5, 5241438.0 ], [ 576456.5, 5241437.5 ], [ 576455.5, 5241437.5 ], [ 576455.5, 5241437.0 ], [ 576455.0, 5241437.0 ], [ 576455.0, 5241436.5 ], [ 576454.0, 5241436.5 ], [ 576454.0, 5241436.0 ], [ 576453.0, 5241436.0 ], [ 576453.0, 5241435.5 ], [ 576452.5, 5241435.5 ], [ 576452.5, 5241435.0 ], [ 576451.5, 5241435.0 ], [ 576451.5, 5241434.5 ], [ 576451.0, 5241434.5 ], [ 576451.0, 5241434.0 ], [ 576450.0, 5241434.0 ], [ 576450.0, 5241433.5 ], [ 576449.5, 5241433.5 ], [ 576449.5, 5241433.0 ], [ 576448.5, 5241433.0 ], [ 576448.5, 5241432.5 ], [ 576447.5, 5241432.5 ], [ 576447.5, 5241432.0 ], [ 576447.0, 5241432.0 ], [ 576447.0, 5241431.5 ], [ 576446.0, 5241431.5 ], [ 576446.0, 5241431.0 ], [ 576445.5, 5241431.0 ], [ 576445.5, 5241430.5 ], [ 576444.5, 5241430.5 ], [ 576444.5, 5241430.0 ], [ 576444.0, 5241430.0 ], [ 576444.0, 5241429.5 ], [ 576443.0, 5241429.5 ], [ 576443.0, 5241429.0 ], [ 576442.0, 5241429.0 ], [ 576442.0, 5241428.5 ], [ 576441.5, 5241428.5 ], [ 576441.5, 5241428.0 ], [ 576440.5, 5241428.0 ], [ 576440.5, 5241427.5 ], [ 576440.0, 5241427.5 ], [ 576440.0, 5241427.0 ], [ 576439.0, 5241427.0 ], [ 576439.0, 5241426.5 ], [ 576438.5, 5241426.5 ], [ 576438.5, 5241426.0 ], [ 576437.5, 5241426.0 ], [ 576437.5, 5241425.5 ], [ 576437.0, 5241425.5 ], [ 576437.0, 5241425.0 ], [ 576436.0, 5241425.0 ], [ 576436.0, 5241424.5 ], [ 576435.0, 5241424.5 ], [ 576435.0, 5241424.0 ], [ 576434.5, 5241424.0 ], [ 576434.5, 5241423.5 ], [ 576433.5, 5241423.5 ], [ 576433.5, 5241423.0 ], [ 576433.0, 5241423.0 ], [ 576433.0, 5241422.5 ], [ 576432.0, 5241422.5 ], [ 576432.0, 5241422.0 ], [ 576431.5, 5241422.0 ], [ 576431.5, 5241421.5 ], [ 576430.5, 5241421.5 ], [ 576430.5, 5241421.0 ], [ 576429.5, 5241421.0 ], [ 576429.5, 5241420.5 ], [ 576429.0, 5241420.5 ], [ 576429.0, 5241420.0 ], [ 576428.0, 5241420.0 ], [ 576428.0, 5241419.5 ], [ 576427.5, 5241419.5 ], [ 576427.5, 5241419.0 ], [ 576426.5, 5241419.0 ], [ 576426.5, 5241418.5 ], [ 576426.0, 5241418.5 ], [ 576426.0, 5241418.0 ], [ 576425.0, 5241418.0 ], [ 576425.0, 5241417.5 ], [ 576424.5, 5241417.5 ], [ 576424.5, 5241417.0 ], [ 576423.5, 5241417.0 ], [ 576423.5, 5241416.5 ], [ 576423.0, 5241416.5 ], [ 576423.0, 5241416.0 ], [ 576422.0, 5241416.0 ], [ 576422.0, 5241416.5 ], [ 576422.5, 5241416.5 ], [ 576422.5, 5241417.0 ], [ 576423.0, 5241417.0 ], [ 576423.0, 5241417.5 ], [ 576423.5, 5241417.5 ], [ 576423.5, 5241418.0 ], [ 576424.0, 5241418.0 ], [ 576424.0, 5241418.5 ], [ 576425.5, 5241418.5 ], [ 576425.5, 5241419.0 ], [ 576426.0, 5241419.0 ], [ 576426.0, 5241419.5 ], [ 576426.5, 5241419.5 ], [ 576426.5, 5241420.0 ], [ 576426.0, 5241420.0 ], [ 576426.0, 5241420.5 ], [ 576425.5, 5241420.5 ], [ 576425.5, 5241421.0 ], [ 576425.0, 5241421.0 ], [ 576425.0, 5241422.5 ], [ 576424.5, 5241422.5 ], [ 576424.5, 5241423.0 ], [ 576424.0, 5241423.0 ], [ 576424.0, 5241423.5 ], [ 576423.5, 5241423.5 ], [ 576423.5, 5241424.0 ], [ 576423.0, 5241424.0 ], [ 576423.0, 5241424.5 ], [ 576422.5, 5241424.5 ], [ 576422.5, 5241425.0 ], [ 576422.0, 5241425.0 ], [ 576422.0, 5241425.5 ], [ 576421.5, 5241425.5 ], [ 576421.5, 5241426.0 ], [ 576421.0, 5241426.0 ], [ 576421.0, 5241426.5 ], [ 576421.5, 5241426.5 ], [ 576421.5, 5241427.0 ], [ 576422.0, 5241427.0 ], [ 576422.0, 5241427.5 ], [ 576422.5, 5241427.5 ], [ 576422.5, 5241428.0 ], [ 576423.0, 5241428.0 ], [ 576423.0, 5241428.5 ], [ 576423.5, 5241428.5 ], [ 576423.5, 5241429.0 ], [ 576424.0, 5241429.0 ], [ 576424.0, 5241429.5 ], [ 576424.5, 5241429.5 ], [ 576424.5, 5241430.0 ], [ 576425.0, 5241430.0 ], [ 576425.0, 5241430.5 ], [ 576425.5, 5241430.5 ], [ 576425.5, 5241431.0 ], [ 576426.0, 5241431.0 ], [ 576426.0, 5241431.5 ], [ 576426.5, 5241431.5 ], [ 576426.5, 5241431.0 ], [ 576427.5, 5241431.0 ], [ 576427.5, 5241430.5 ], [ 576428.0, 5241430.5 ], [ 576428.0, 5241431.0 ], [ 576428.5, 5241431.0 ], [ 576428.5, 5241431.5 ], [ 576429.0, 5241431.5 ], [ 576429.0, 5241432.0 ], [ 576429.5, 5241432.0 ], [ 576429.5, 5241432.5 ], [ 576430.5, 5241432.5 ], [ 576430.5, 5241433.0 ], [ 576431.5, 5241433.0 ], [ 576431.5, 5241432.5 ], [ 576432.0, 5241432.5 ], [ 576432.0, 5241432.0 ], [ 576432.5, 5241432.0 ], [ 576432.5, 5241432.5 ], [ 576433.0, 5241432.5 ], [ 576433.0, 5241433.0 ], [ 576433.5, 5241433.0 ], [ 576433.5, 5241433.5 ], [ 576434.0, 5241433.5 ], [ 576434.0, 5241434.0 ], [ 576434.5, 5241434.0 ], [ 576434.5, 5241434.5 ], [ 576435.0, 5241434.5 ], [ 576435.0, 5241435.0 ], [ 576435.5, 5241435.0 ], [ 576435.5, 5241434.5 ], [ 576436.5, 5241434.5 ], [ 576436.5, 5241434.0 ], [ 576437.0, 5241434.0 ], [ 576437.0, 5241433.5 ], [ 576437.5, 5241433.5 ], [ 576437.5, 5241434.0 ], [ 576438.5, 5241434.0 ], [ 576438.5, 5241433.5 ], [ 576439.0, 5241433.5 ], [ 576439.0, 5241433.0 ], [ 576439.5, 5241433.0 ], [ 576439.5, 5241433.5 ], [ 576440.0, 5241433.5 ], [ 576440.0, 5241434.0 ], [ 576440.5, 5241434.0 ], [ 576440.5, 5241433.5 ], [ 576441.0, 5241433.5 ], [ 576441.0, 5241434.0 ], [ 576441.5, 5241434.0 ], [ 576441.5, 5241434.5 ], [ 576442.0, 5241434.5 ], [ 576442.0, 5241435.0 ], [ 576442.5, 5241435.0 ], [ 576442.5, 5241435.5 ], [ 576443.0, 5241435.5 ], [ 576443.0, 5241436.0 ], [ 576443.5, 5241436.0 ], [ 576443.5, 5241436.5 ], [ 576444.0, 5241436.5 ], [ 576444.0, 5241437.0 ], [ 576444.5, 5241437.0 ], [ 576444.5, 5241437.5 ], [ 576445.0, 5241437.5 ], [ 576445.0, 5241437.0 ], [ 576446.0, 5241437.0 ], [ 576446.0, 5241436.5 ], [ 576446.5, 5241436.5 ], [ 576446.5, 5241437.0 ], [ 576447.0, 5241437.0 ], [ 576447.0, 5241437.5 ], [ 576447.5, 5241437.5 ], [ 576447.5, 5241438.0 ], [ 576448.0, 5241438.0 ], [ 576448.0, 5241438.5 ], [ 576449.0, 5241438.5 ], [ 576449.0, 5241438.0 ], [ 576449.5, 5241438.0 ], [ 576449.5, 5241437.5 ], [ 576450.0, 5241437.5 ], [ 576450.0, 5241437.0 ], [ 576450.5, 5241437.0 ], [ 576450.5, 5241436.5 ], [ 576452.0, 5241436.5 ], [ 576452.0, 5241437.0 ], [ 576452.5, 5241437.0 ], [ 576452.5, 5241437.5 ], [ 576453.0, 5241437.5 ], [ 576453.0, 5241438.0 ], [ 576453.5, 5241438.0 ], [ 576453.5, 5241438.5 ], [ 576454.0, 5241438.5 ], [ 576454.0, 5241439.0 ], [ 576454.5, 5241439.0 ], [ 576454.5, 5241439.5 ] ], [ [ 576544.0, 5241418.5 ], [ 576544.5, 5241418.5 ], [ 576544.5, 5241418.0 ], [ 576545.0, 5241418.0 ], [ 576545.0, 5241417.5 ], [ 576545.5, 5241417.5 ], [ 576545.5, 5241417.0 ], [ 576546.0, 5241417.0 ], [ 576546.0, 5241416.5 ], [ 576546.5, 5241416.5 ], [ 576546.5, 5241416.0 ], [ 576547.0, 5241416.0 ], [ 576547.0, 5241415.5 ], [ 576547.5, 5241415.5 ], [ 576547.5, 5241415.0 ], [ 576548.0, 5241415.0 ], [ 576548.0, 5241414.5 ], [ 576548.5, 5241414.5 ], [ 576548.5, 5241414.0 ], [ 576548.0, 5241414.0 ], [ 576548.0, 5241413.5 ], [ 576547.5, 5241413.5 ], [ 576547.5, 5241413.0 ], [ 576547.0, 5241413.0 ], [ 576547.0, 5241412.5 ], [ 576547.5, 5241412.5 ], [ 576547.5, 5241412.0 ], [ 576548.0, 5241412.0 ], [ 576548.0, 5241411.5 ], [ 576548.5, 5241411.5 ], [ 576548.5, 5241411.0 ], [ 576549.0, 5241411.0 ], [ 576549.0, 5241410.5 ], [ 576549.5, 5241410.5 ], [ 576549.5, 5241410.0 ], [ 576550.0, 5241410.0 ], [ 576550.0, 5241409.5 ], [ 576549.5, 5241409.5 ], [ 576549.5, 5241409.0 ], [ 576549.0, 5241409.0 ], [ 576549.0, 5241408.0 ], [ 576549.5, 5241408.0 ], [ 576549.5, 5241407.0 ], [ 576550.0, 5241407.0 ], [ 576550.0, 5241406.5 ], [ 576550.5, 5241406.5 ], [ 576550.5, 5241406.0 ], [ 576551.0, 5241406.0 ], [ 576551.0, 5241403.0 ], [ 576551.5, 5241403.0 ], [ 576551.5, 5241402.0 ], [ 576551.0, 5241402.0 ], [ 576551.0, 5241401.5 ], [ 576550.5, 5241401.5 ], [ 576550.5, 5241401.0 ], [ 576550.0, 5241401.0 ], [ 576550.0, 5241400.5 ], [ 576549.5, 5241400.5 ], [ 576549.5, 5241400.0 ], [ 576550.0, 5241400.0 ], [ 576550.0, 5241399.5 ], [ 576549.5, 5241399.5 ], [ 576549.5, 5241399.0 ], [ 576549.0, 5241399.0 ], [ 576549.0, 5241398.5 ], [ 576548.5, 5241398.5 ], [ 576548.5, 5241398.0 ], [ 576548.0, 5241398.0 ], [ 576548.0, 5241397.5 ], [ 576547.5, 5241397.5 ], [ 576547.5, 5241397.0 ], [ 576547.0, 5241397.0 ], [ 576547.0, 5241396.5 ], [ 576546.5, 5241396.5 ], [ 576546.5, 5241396.0 ], [ 576546.0, 5241396.0 ], [ 576546.0, 5241395.5 ], [ 576545.5, 5241395.5 ], [ 576545.5, 5241395.0 ], [ 576545.0, 5241395.0 ], [ 576545.0, 5241397.5 ], [ 576544.5, 5241397.5 ], [ 576544.5, 5241410.0 ], [ 576544.0, 5241410.0 ], [ 576544.0, 5241418.5 ] ], [ [ 576421.5, 5241416.0 ], [ 576422.0, 5241416.0 ], [ 576422.0, 5241415.5 ], [ 576421.5, 5241415.5 ], [ 576421.5, 5241416.0 ] ], [ [ 576417.5, 5241414.0 ], [ 576418.5, 5241414.0 ], [ 576418.5, 5241413.0 ], [ 576417.5, 5241413.0 ], [ 576417.5, 5241412.5 ], [ 576417.0, 5241412.5 ], [ 576417.0, 5241412.0 ], [ 576416.0, 5241412.0 ], [ 576416.0, 5241412.5 ], [ 576416.5, 5241412.5 ], [ 576416.5, 5241413.0 ], [ 576417.0, 5241413.0 ], [ 576417.0, 5241413.5 ], [ 576417.5, 5241413.5 ], [ 576417.5, 5241414.0 ] ], [ [ 576415.5, 5241412.0 ], [ 576416.0, 5241412.0 ], [ 576416.0, 5241411.5 ], [ 576415.5, 5241411.5 ], [ 576415.5, 5241412.0 ] ], [ [ 576415.0, 5241411.5 ], [ 576415.5, 5241411.5 ], [ 576415.5, 5241411.0 ], [ 576415.0, 5241411.0 ], [ 576415.0, 5241411.5 ] ], [ [ 576414.5, 5241411.0 ], [ 576415.0, 5241411.0 ], [ 576415.0, 5241410.5 ], [ 576414.5, 5241410.5 ], [ 576414.5, 5241411.0 ] ], [ [ 576412.0, 5241409.5 ], [ 576412.5, 5241409.5 ], [ 576412.5, 5241409.0 ], [ 576412.0, 5241409.0 ], [ 576412.0, 5241409.5 ] ], [ [ 576410.5, 5241409.0 ], [ 576411.0, 5241409.0 ], [ 576411.0, 5241408.5 ], [ 576411.5, 5241408.5 ], [ 576411.5, 5241408.0 ], [ 576411.0, 5241408.0 ], [ 576411.0, 5241407.5 ], [ 576410.5, 5241407.5 ], [ 576410.5, 5241407.0 ], [ 576410.0, 5241407.0 ], [ 576410.0, 5241406.5 ], [ 576409.5, 5241406.5 ], [ 576409.5, 5241406.0 ], [ 576409.0, 5241406.0 ], [ 576409.0, 5241405.5 ], [ 576408.5, 5241405.5 ], [ 576408.5, 5241405.0 ], [ 576407.5, 5241405.0 ], [ 576407.5, 5241404.5 ], [ 576407.0, 5241404.5 ], [ 576407.0, 5241404.0 ], [ 576406.5, 5241404.0 ], [ 576406.5, 5241403.5 ], [ 576406.0, 5241403.5 ], [ 576406.0, 5241403.0 ], [ 576405.5, 5241403.0 ], [ 576405.5, 5241402.5 ], [ 576405.0, 5241402.5 ], [ 576405.0, 5241402.0 ], [ 576404.5, 5241402.0 ], [ 576404.5, 5241401.5 ], [ 576404.0, 5241401.5 ], [ 576404.0, 5241401.0 ], [ 576403.5, 5241401.0 ], [ 576403.5, 5241401.5 ], [ 576403.0, 5241401.5 ], [ 576403.0, 5241402.0 ], [ 576403.5, 5241402.0 ], [ 576403.5, 5241402.5 ], [ 576404.0, 5241402.5 ], [ 576404.0, 5241403.0 ], [ 576404.5, 5241403.0 ], [ 576404.5, 5241403.5 ], [ 576405.0, 5241403.5 ], [ 576405.0, 5241404.0 ], [ 576405.5, 5241404.0 ], [ 576405.5, 5241404.5 ], [ 576406.0, 5241404.5 ], [ 576406.0, 5241405.0 ], [ 576406.5, 5241405.0 ], [ 576406.5, 5241405.5 ], [ 576407.0, 5241405.5 ], [ 576407.0, 5241406.0 ], [ 576407.5, 5241406.0 ], [ 576407.5, 5241406.5 ], [ 576408.0, 5241406.5 ], [ 576408.0, 5241407.0 ], [ 576409.0, 5241407.0 ], [ 576409.0, 5241407.5 ], [ 576409.5, 5241407.5 ], [ 576409.5, 5241408.0 ], [ 576410.0, 5241408.0 ], [ 576410.0, 5241408.5 ], [ 576410.5, 5241408.5 ], [ 576410.5, 5241409.0 ] ], [ [ 576411.5, 5241409.0 ], [ 576412.0, 5241409.0 ], [ 576412.0, 5241408.5 ], [ 576411.5, 5241408.5 ], [ 576411.5, 5241409.0 ] ], [ [ 576403.0, 5241401.0 ], [ 576403.5, 5241401.0 ], [ 576403.5, 5241400.5 ], [ 576403.0, 5241400.5 ], [ 576403.0, 5241401.0 ] ], [ [ 576402.5, 5241400.5 ], [ 576403.0, 5241400.5 ], [ 576403.0, 5241400.0 ], [ 576402.5, 5241400.0 ], [ 576402.5, 5241400.5 ] ], [ [ 576545.0, 5241393.5 ], [ 576545.5, 5241393.5 ], [ 576545.5, 5241393.0 ], [ 576546.0, 5241393.0 ], [ 576546.0, 5241392.5 ], [ 576546.5, 5241392.5 ], [ 576546.5, 5241392.0 ], [ 576547.0, 5241392.0 ], [ 576547.0, 5241391.5 ], [ 576547.5, 5241391.5 ], [ 576547.5, 5241391.0 ], [ 576548.0, 5241391.0 ], [ 576548.0, 5241390.5 ], [ 576548.5, 5241390.5 ], [ 576548.5, 5241390.0 ], [ 576549.0, 5241390.0 ], [ 576549.0, 5241389.5 ], [ 576549.5, 5241389.5 ], [ 576549.5, 5241389.0 ], [ 576550.0, 5241389.0 ], [ 576550.0, 5241388.5 ], [ 576550.5, 5241388.5 ], [ 576550.5, 5241388.0 ], [ 576551.0, 5241388.0 ], [ 576551.0, 5241387.0 ], [ 576550.5, 5241387.0 ], [ 576550.5, 5241386.5 ], [ 576550.0, 5241386.5 ], [ 576550.0, 5241386.0 ], [ 576549.5, 5241386.0 ], [ 576549.5, 5241385.5 ], [ 576549.0, 5241385.5 ], [ 576549.0, 5241385.0 ], [ 576549.5, 5241385.0 ], [ 576549.5, 5241383.5 ], [ 576550.0, 5241383.5 ], [ 576550.0, 5241382.5 ], [ 576549.5, 5241382.5 ], [ 576549.5, 5241382.0 ], [ 576550.0, 5241382.0 ], [ 576550.0, 5241381.5 ], [ 576550.5, 5241381.5 ], [ 576550.5, 5241380.5 ], [ 576551.0, 5241380.5 ], [ 576551.0, 5241380.0 ], [ 576550.5, 5241380.0 ], [ 576550.5, 5241379.5 ], [ 576550.0, 5241379.5 ], [ 576550.0, 5241379.0 ], [ 576549.5, 5241379.0 ], [ 576549.5, 5241378.5 ], [ 576549.0, 5241378.5 ], [ 576549.0, 5241378.0 ], [ 576548.5, 5241378.0 ], [ 576548.5, 5241377.5 ], [ 576548.0, 5241377.5 ], [ 576548.0, 5241377.0 ], [ 576547.5, 5241377.0 ], [ 576547.5, 5241376.5 ], [ 576546.5, 5241376.5 ], [ 576546.5, 5241381.5 ], [ 576546.0, 5241381.5 ], [ 576546.0, 5241386.0 ], [ 576545.5, 5241386.0 ], [ 576545.5, 5241390.5 ], [ 576545.0, 5241390.5 ], [ 576545.0, 5241393.5 ] ], [ [ 576389.5, 5241389.0 ], [ 576390.0, 5241389.0 ], [ 576390.0, 5241388.5 ], [ 576390.5, 5241388.5 ], [ 576390.5, 5241388.0 ], [ 576390.0, 5241388.0 ], [ 576390.0, 5241387.5 ], [ 576389.5, 5241387.5 ], [ 576389.5, 5241387.0 ], [ 576389.0, 5241387.0 ], [ 576389.0, 5241386.5 ], [ 576388.5, 5241386.5 ], [ 576388.5, 5241386.0 ], [ 576388.0, 5241386.0 ], [ 576388.0, 5241385.5 ], [ 576387.5, 5241385.5 ], [ 576387.5, 5241385.0 ], [ 576387.0, 5241385.0 ], [ 576387.0, 5241384.5 ], [ 576386.5, 5241384.5 ], [ 576386.5, 5241384.0 ], [ 576386.0, 5241384.0 ], [ 576386.0, 5241383.5 ], [ 576385.5, 5241383.5 ], [ 576385.5, 5241383.0 ], [ 576385.0, 5241383.0 ], [ 576385.0, 5241382.5 ], [ 576384.5, 5241382.5 ], [ 576384.5, 5241382.0 ], [ 576384.0, 5241382.0 ], [ 576384.0, 5241381.5 ], [ 576383.5, 5241381.5 ], [ 576383.5, 5241381.0 ], [ 576383.0, 5241381.0 ], [ 576383.0, 5241380.5 ], [ 576382.5, 5241380.5 ], [ 576382.5, 5241380.0 ], [ 576382.0, 5241380.0 ], [ 576382.0, 5241379.5 ], [ 576381.5, 5241379.5 ], [ 576381.5, 5241379.0 ], [ 576381.0, 5241379.0 ], [ 576381.0, 5241378.5 ], [ 576380.5, 5241378.5 ], [ 576380.5, 5241378.0 ], [ 576380.0, 5241378.0 ], [ 576380.0, 5241377.5 ], [ 576379.5, 5241377.5 ], [ 576379.5, 5241377.0 ], [ 576379.0, 5241377.0 ], [ 576379.0, 5241376.5 ], [ 576378.5, 5241376.5 ], [ 576378.5, 5241376.0 ], [ 576378.0, 5241376.0 ], [ 576378.0, 5241375.5 ], [ 576377.5, 5241375.5 ], [ 576377.5, 5241375.0 ], [ 576377.0, 5241375.0 ], [ 576377.0, 5241374.5 ], [ 576376.5, 5241374.5 ], [ 576376.5, 5241375.5 ], [ 576377.0, 5241375.5 ], [ 576377.0, 5241377.5 ], [ 576377.5, 5241377.5 ], [ 576377.5, 5241378.0 ], [ 576378.0, 5241378.0 ], [ 576378.0, 5241378.5 ], [ 576378.5, 5241378.5 ], [ 576378.5, 5241379.0 ], [ 576379.0, 5241379.0 ], [ 576379.0, 5241379.5 ], [ 576379.5, 5241379.5 ], [ 576379.5, 5241380.0 ], [ 576380.0, 5241380.0 ], [ 576380.0, 5241380.5 ], [ 576380.5, 5241380.5 ], [ 576380.5, 5241381.0 ], [ 576381.0, 5241381.0 ], [ 576381.0, 5241381.5 ], [ 576381.5, 5241381.5 ], [ 576381.5, 5241382.0 ], [ 576382.0, 5241382.0 ], [ 576382.0, 5241382.5 ], [ 576382.5, 5241382.5 ], [ 576382.5, 5241383.0 ], [ 576383.0, 5241383.0 ], [ 576383.0, 5241383.5 ], [ 576383.5, 5241383.5 ], [ 576383.5, 5241384.0 ], [ 576384.0, 5241384.0 ], [ 576384.0, 5241384.5 ], [ 576384.5, 5241384.5 ], [ 576384.5, 5241384.0 ], [ 576385.0, 5241384.0 ], [ 576385.0, 5241384.5 ], [ 576385.5, 5241384.5 ], [ 576385.5, 5241385.0 ], [ 576386.0, 5241385.0 ], [ 576386.0, 5241385.5 ], [ 576386.5, 5241385.5 ], [ 576386.5, 5241386.0 ], [ 576387.0, 5241386.0 ], [ 576387.0, 5241386.5 ], [ 576387.5, 5241386.5 ], [ 576387.5, 5241387.0 ], [ 576388.0, 5241387.0 ], [ 576388.0, 5241387.5 ], [ 576388.5, 5241387.5 ], [ 576388.5, 5241388.0 ], [ 576389.0, 5241388.0 ], [ 576389.0, 5241388.5 ], [ 576389.5, 5241388.5 ], [ 576389.5, 5241389.0 ] ], [ [ 576390.5, 5241389.0 ], [ 576391.0, 5241389.0 ], [ 576391.0, 5241388.5 ], [ 576390.5, 5241388.5 ], [ 576390.5, 5241389.0 ] ], [ [ 576376.0, 5241374.5 ], [ 576376.5, 5241374.5 ], [ 576376.5, 5241374.0 ], [ 576376.0, 5241374.0 ], [ 576376.0, 5241374.5 ] ], [ [ 576375.5, 5241374.0 ], [ 576376.0, 5241374.0 ], [ 576376.0, 5241373.5 ], [ 576375.5, 5241373.5 ], [ 576375.5, 5241374.0 ] ], [ [ 576375.0, 5241373.5 ], [ 576375.5, 5241373.5 ], [ 576375.5, 5241373.0 ], [ 576375.0, 5241373.0 ], [ 576375.0, 5241373.5 ] ], [ [ 576374.5, 5241373.0 ], [ 576375.0, 5241373.0 ], [ 576375.0, 5241372.5 ], [ 576374.5, 5241372.5 ], [ 576374.5, 5241373.0 ] ], [ [ 576547.0, 5241373.0 ], [ 576547.5, 5241373.0 ], [ 576547.5, 5241372.0 ], [ 576548.0, 5241372.0 ], [ 576548.0, 5241371.5 ], [ 576547.5, 5241371.5 ], [ 576547.5, 5241370.5 ], [ 576547.0, 5241370.5 ], [ 576547.0, 5241373.0 ] ], [ [ 576374.0, 5241372.5 ], [ 576374.5, 5241372.5 ], [ 576374.5, 5241372.0 ], [ 576374.0, 5241372.0 ], [ 576374.0, 5241372.5 ] ], [ [ 576373.5, 5241372.0 ], [ 576374.0, 5241372.0 ], [ 576374.0, 5241371.5 ], [ 576373.5, 5241371.5 ], [ 576373.5, 5241372.0 ] ], [ [ 576547.5, 5241370.0 ], [ 576548.0, 5241370.0 ], [ 576548.0, 5241369.5 ], [ 576548.5, 5241369.5 ], [ 576548.5, 5241368.5 ], [ 576549.0, 5241368.5 ], [ 576549.0, 5241368.0 ], [ 576548.5, 5241368.0 ], [ 576548.5, 5241367.5 ], [ 576549.0, 5241367.5 ], [ 576549.0, 5241366.5 ], [ 576549.5, 5241366.5 ], [ 576549.5, 5241365.5 ], [ 576550.0, 5241365.5 ], [ 576550.0, 5241365.0 ], [ 576549.5, 5241365.0 ], [ 576549.5, 5241364.5 ], [ 576550.0, 5241364.5 ], [ 576550.0, 5241364.0 ], [ 576550.5, 5241364.0 ], [ 576550.5, 5241363.5 ], [ 576550.0, 5241363.5 ], [ 576550.0, 5241362.5 ], [ 576549.5, 5241362.5 ], [ 576549.5, 5241362.0 ], [ 576549.0, 5241362.0 ], [ 576549.0, 5241361.0 ], [ 576548.0, 5241361.0 ], [ 576548.0, 5241366.0 ], [ 576547.5, 5241366.0 ], [ 576547.5, 5241370.0 ] ], [ [ 576548.5, 5241360.5 ], [ 576549.0, 5241360.5 ], [ 576549.0, 5241360.0 ], [ 576549.5, 5241360.0 ], [ 576549.5, 5241358.5 ], [ 576549.0, 5241358.5 ], [ 576549.0, 5241357.5 ], [ 576549.5, 5241357.5 ], [ 576549.5, 5241354.5 ], [ 576549.0, 5241354.5 ], [ 576549.0, 5241356.0 ], [ 576548.5, 5241356.0 ], [ 576548.5, 5241360.5 ] ], [ [ 576354.0, 5241355.0 ], [ 576354.5, 5241355.0 ], [ 576354.5, 5241354.5 ], [ 576354.0, 5241354.5 ], [ 576354.0, 5241355.0 ] ], [ [ 576353.5, 5241354.5 ], [ 576354.0, 5241354.5 ], [ 576354.0, 5241354.0 ], [ 576353.5, 5241354.0 ], [ 576353.5, 5241354.5 ] ], [ [ 576351.5, 5241354.0 ], [ 576353.5, 5241354.0 ], [ 576353.5, 5241353.5 ], [ 576353.0, 5241353.5 ], [ 576353.0, 5241353.0 ], [ 576352.5, 5241353.0 ], [ 576352.5, 5241352.5 ], [ 576352.0, 5241352.5 ], [ 576352.0, 5241352.0 ], [ 576351.5, 5241352.0 ], [ 576351.5, 5241351.5 ], [ 576351.0, 5241351.5 ], [ 576351.0, 5241351.0 ], [ 576350.5, 5241351.0 ], [ 576350.5, 5241350.5 ], [ 576350.0, 5241350.5 ], [ 576350.0, 5241350.0 ], [ 576349.5, 5241350.0 ], [ 576349.5, 5241349.0 ], [ 576349.0, 5241349.0 ], [ 576349.0, 5241348.5 ], [ 576348.5, 5241348.5 ], [ 576348.5, 5241348.0 ], [ 576348.0, 5241348.0 ], [ 576348.0, 5241347.5 ], [ 576347.5, 5241347.5 ], [ 576347.5, 5241347.0 ], [ 576347.0, 5241347.0 ], [ 576347.0, 5241346.5 ], [ 576346.5, 5241346.5 ], [ 576346.5, 5241346.0 ], [ 576346.0, 5241346.0 ], [ 576346.0, 5241345.5 ], [ 576345.5, 5241345.5 ], [ 576345.5, 5241345.0 ], [ 576345.0, 5241345.0 ], [ 576345.0, 5241344.5 ], [ 576344.5, 5241344.5 ], [ 576344.5, 5241344.0 ], [ 576344.0, 5241344.0 ], [ 576344.0, 5241343.5 ], [ 576343.5, 5241343.5 ], [ 576343.5, 5241343.0 ], [ 576343.0, 5241343.0 ], [ 576343.0, 5241342.5 ], [ 576342.5, 5241342.5 ], [ 576342.5, 5241342.0 ], [ 576342.0, 5241342.0 ], [ 576342.0, 5241341.5 ], [ 576341.5, 5241341.5 ], [ 576341.5, 5241341.0 ], [ 576341.0, 5241341.0 ], [ 576341.0, 5241340.5 ], [ 576340.5, 5241340.5 ], [ 576340.5, 5241340.0 ], [ 576340.0, 5241340.0 ], [ 576340.0, 5241339.5 ], [ 576339.5, 5241339.5 ], [ 576339.5, 5241339.0 ], [ 576339.0, 5241339.0 ], [ 576339.0, 5241338.5 ], [ 576338.5, 5241338.5 ], [ 576338.5, 5241338.0 ], [ 576338.0, 5241338.0 ], [ 576338.0, 5241337.5 ], [ 576337.5, 5241337.5 ], [ 576337.5, 5241337.0 ], [ 576337.0, 5241337.0 ], [ 576337.0, 5241336.5 ], [ 576336.5, 5241336.5 ], [ 576336.5, 5241336.0 ], [ 576336.0, 5241336.0 ], [ 576336.0, 5241335.5 ], [ 576335.5, 5241335.5 ], [ 576335.5, 5241335.0 ], [ 576335.0, 5241335.0 ], [ 576335.0, 5241335.5 ], [ 576334.5, 5241335.5 ], [ 576334.5, 5241336.5 ], [ 576335.0, 5241336.5 ], [ 576335.0, 5241337.0 ], [ 576335.5, 5241337.0 ], [ 576335.5, 5241337.5 ], [ 576336.0, 5241337.5 ], [ 576336.0, 5241338.0 ], [ 576336.5, 5241338.0 ], [ 576336.5, 5241338.5 ], [ 576337.0, 5241338.5 ], [ 576337.0, 5241339.0 ], [ 576337.5, 5241339.0 ], [ 576337.5, 5241339.5 ], [ 576338.0, 5241339.5 ], [ 576338.0, 5241340.0 ], [ 576338.5, 5241340.0 ], [ 576338.5, 5241340.5 ], [ 576339.0, 5241340.5 ], [ 576339.0, 5241341.0 ], [ 576339.5, 5241341.0 ], [ 576339.5, 5241341.5 ], [ 576340.0, 5241341.5 ], [ 576340.0, 5241342.0 ], [ 576340.5, 5241342.0 ], [ 576340.5, 5241342.5 ], [ 576341.0, 5241342.5 ], [ 576341.0, 5241343.0 ], [ 576341.5, 5241343.0 ], [ 576341.5, 5241343.5 ], [ 576342.0, 5241343.5 ], [ 576342.0, 5241344.0 ], [ 576342.5, 5241344.0 ], [ 576342.5, 5241344.5 ], [ 576342.0, 5241344.5 ], [ 576342.0, 5241345.0 ], [ 576342.5, 5241345.0 ], [ 576342.5, 5241345.5 ], [ 576343.0, 5241345.5 ], [ 576343.0, 5241346.0 ], [ 576343.5, 5241346.0 ], [ 576343.5, 5241346.5 ], [ 576344.0, 5241346.5 ], [ 576344.0, 5241347.0 ], [ 576344.5, 5241347.0 ], [ 576344.5, 5241347.5 ], [ 576345.0, 5241347.5 ], [ 576345.0, 5241348.0 ], [ 576345.5, 5241348.0 ], [ 576345.5, 5241348.5 ], [ 576346.0, 5241348.5 ], [ 576346.0, 5241349.0 ], [ 576346.5, 5241349.0 ], [ 576346.5, 5241349.5 ], [ 576347.0, 5241349.5 ], [ 576347.0, 5241350.0 ], [ 576347.5, 5241350.0 ], [ 576347.5, 5241350.5 ], [ 576348.0, 5241350.5 ], [ 576348.0, 5241351.0 ], [ 576349.0, 5241351.0 ], [ 576349.0, 5241351.5 ], [ 576349.5, 5241351.5 ], [ 576349.5, 5241352.0 ], [ 576350.0, 5241352.0 ], [ 576350.0, 5241352.5 ], [ 576350.5, 5241352.5 ], [ 576350.5, 5241353.0 ], [ 576351.0, 5241353.0 ], [ 576351.0, 5241353.5 ], [ 576351.5, 5241353.5 ], [ 576351.5, 5241354.0 ] ], [ [ 576549.0, 5241353.0 ], [ 576549.5, 5241353.0 ], [ 576549.5, 5241352.5 ], [ 576550.0, 5241352.5 ], [ 576550.0, 5241352.0 ], [ 576550.5, 5241352.0 ], [ 576550.5, 5241351.0 ], [ 576550.0, 5241351.0 ], [ 576550.0, 5241350.5 ], [ 576549.5, 5241350.5 ], [ 576549.5, 5241350.0 ], [ 576550.0, 5241350.0 ], [ 576550.0, 5241349.0 ], [ 576549.5, 5241349.0 ], [ 576549.5, 5241347.5 ], [ 576549.0, 5241347.5 ], [ 576549.0, 5241353.0 ] ], [ [ 576549.0, 5241347.0 ], [ 576549.5, 5241347.0 ], [ 576549.5, 5241345.5 ], [ 576550.0, 5241345.5 ], [ 576550.0, 5241345.0 ], [ 576549.5, 5241345.0 ], [ 576549.5, 5241343.5 ], [ 576550.0, 5241343.5 ], [ 576550.0, 5241341.0 ], [ 576550.5, 5241341.0 ], [ 576550.5, 5241340.5 ], [ 576550.0, 5241340.5 ], [ 576550.0, 5241340.0 ], [ 576550.5, 5241340.0 ], [ 576550.5, 5241339.5 ], [ 576551.0, 5241339.5 ], [ 576551.0, 5241338.5 ], [ 576550.5, 5241338.5 ], [ 576550.5, 5241338.0 ], [ 576551.0, 5241338.0 ], [ 576551.0, 5241337.0 ], [ 576550.5, 5241337.0 ], [ 576550.5, 5241336.5 ], [ 576550.0, 5241336.5 ], [ 576550.0, 5241336.0 ], [ 576549.5, 5241336.0 ], [ 576549.5, 5241342.5 ], [ 576549.0, 5241342.5 ], [ 576549.0, 5241347.0 ] ], [ [ 576622.0, 5241346.5 ], [ 576622.5, 5241346.5 ], [ 576622.5, 5241346.0 ], [ 576623.0, 5241346.0 ], [ 576623.0, 5241345.5 ], [ 576623.5, 5241345.5 ], [ 576623.5, 5241345.0 ], [ 576624.0, 5241345.0 ], [ 576624.0, 5241344.5 ], [ 576624.5, 5241344.5 ], [ 576624.5, 5241344.0 ], [ 576625.0, 5241344.0 ], [ 576625.0, 5241343.5 ], [ 576625.5, 5241343.5 ], [ 576625.5, 5241343.0 ], [ 576626.0, 5241343.0 ], [ 576626.0, 5241342.5 ], [ 576626.5, 5241342.5 ], [ 576626.5, 5241342.0 ], [ 576627.0, 5241342.0 ], [ 576627.0, 5241341.5 ], [ 576627.5, 5241341.5 ], [ 576627.5, 5241341.0 ], [ 576627.0, 5241341.0 ], [ 576627.0, 5241340.5 ], [ 576626.5, 5241340.5 ], [ 576626.5, 5241339.0 ], [ 576627.0, 5241339.0 ], [ 576627.0, 5241338.5 ], [ 576626.5, 5241338.5 ], [ 576626.5, 5241337.5 ], [ 576627.0, 5241337.5 ], [ 576627.0, 5241337.0 ], [ 576626.5, 5241337.0 ], [ 576626.5, 5241336.5 ], [ 576627.0, 5241336.5 ], [ 576627.0, 5241336.0 ], [ 576626.5, 5241336.0 ], [ 576626.5, 5241335.5 ], [ 576626.0, 5241335.5 ], [ 576626.0, 5241335.0 ], [ 576625.5, 5241335.0 ], [ 576625.5, 5241334.5 ], [ 576625.0, 5241334.5 ], [ 576625.0, 5241334.0 ], [ 576624.5, 5241334.0 ], [ 576624.5, 5241332.5 ], [ 576624.0, 5241332.5 ], [ 576624.0, 5241331.5 ], [ 576623.5, 5241331.5 ], [ 576623.5, 5241331.0 ], [ 576624.0, 5241331.0 ], [ 576624.0, 5241330.5 ], [ 576624.5, 5241330.5 ], [ 576624.5, 5241329.5 ], [ 576625.0, 5241329.5 ], [ 576625.0, 5241329.0 ], [ 576624.5, 5241329.0 ], [ 576624.5, 5241328.0 ], [ 576625.0, 5241328.0 ], [ 576625.0, 5241327.5 ], [ 576626.0, 5241327.5 ], [ 576626.0, 5241328.0 ], [ 576627.0, 5241328.0 ], [ 576627.0, 5241327.5 ], [ 576627.5, 5241327.5 ], [ 576627.5, 5241327.0 ], [ 576628.0, 5241327.0 ], [ 576628.0, 5241326.0 ], [ 576627.0, 5241326.0 ], [ 576627.0, 5241325.5 ], [ 576626.0, 5241325.5 ], [ 576626.0, 5241325.0 ], [ 576625.0, 5241325.0 ], [ 576625.0, 5241324.5 ], [ 576624.0, 5241324.5 ], [ 576624.0, 5241324.0 ], [ 576623.5, 5241324.0 ], [ 576623.5, 5241323.5 ], [ 576622.5, 5241323.5 ], [ 576622.5, 5241323.0 ], [ 576621.5, 5241323.0 ], [ 576621.5, 5241322.5 ], [ 576620.5, 5241322.5 ], [ 576620.5, 5241322.0 ], [ 576619.5, 5241322.0 ], [ 576619.5, 5241321.5 ], [ 576619.0, 5241321.5 ], [ 576619.0, 5241321.0 ], [ 576618.0, 5241321.0 ], [ 576618.0, 5241320.5 ], [ 576617.0, 5241320.5 ], [ 576617.0, 5241320.0 ], [ 576616.0, 5241320.0 ], [ 576616.0, 5241319.5 ], [ 576615.0, 5241319.5 ], [ 576615.0, 5241319.0 ], [ 576614.0, 5241319.0 ], [ 576614.0, 5241318.5 ], [ 576613.5, 5241318.5 ], [ 576613.5, 5241318.0 ], [ 576612.5, 5241318.0 ], [ 576612.5, 5241317.5 ], [ 576611.5, 5241317.5 ], [ 576611.5, 5241317.0 ], [ 576610.5, 5241317.0 ], [ 576610.5, 5241316.5 ], [ 576609.5, 5241316.5 ], [ 576609.5, 5241316.0 ], [ 576609.0, 5241316.0 ], [ 576609.0, 5241315.5 ], [ 576608.0, 5241315.5 ], [ 576608.0, 5241315.0 ], [ 576607.0, 5241315.0 ], [ 576607.0, 5241314.5 ], [ 576606.0, 5241314.5 ], [ 576606.0, 5241314.0 ], [ 576605.0, 5241314.0 ], [ 576605.0, 5241313.5 ], [ 576604.5, 5241313.5 ], [ 576604.5, 5241313.0 ], [ 576603.5, 5241313.0 ], [ 576603.5, 5241312.5 ], [ 576603.0, 5241312.5 ], [ 576603.0, 5241313.0 ], [ 576602.5, 5241313.0 ], [ 576602.5, 5241313.5 ], [ 576602.0, 5241313.5 ], [ 576602.0, 5241314.0 ], [ 576601.5, 5241314.0 ], [ 576601.5, 5241314.5 ], [ 576601.0, 5241314.5 ], [ 576601.0, 5241315.0 ], [ 576600.5, 5241315.0 ], [ 576600.5, 5241315.5 ], [ 576600.0, 5241315.5 ], [ 576600.0, 5241316.0 ], [ 576599.5, 5241316.0 ], [ 576599.5, 5241316.5 ], [ 576600.0, 5241316.5 ], [ 576600.0, 5241317.0 ], [ 576600.5, 5241317.0 ], [ 576600.5, 5241317.5 ], [ 576601.0, 5241317.5 ], [ 576601.0, 5241318.0 ], [ 576601.5, 5241318.0 ], [ 576601.5, 5241318.5 ], [ 576602.0, 5241318.5 ], [ 576602.0, 5241319.0 ], [ 576602.5, 5241319.0 ], [ 576602.5, 5241319.5 ], [ 576603.0, 5241319.5 ], [ 576603.0, 5241320.0 ], [ 576603.5, 5241320.0 ], [ 576603.5, 5241320.5 ], [ 576604.0, 5241320.5 ], [ 576604.0, 5241321.0 ], [ 576604.5, 5241321.0 ], [ 576604.5, 5241321.5 ], [ 576605.0, 5241321.5 ], [ 576605.0, 5241322.0 ], [ 576605.5, 5241322.0 ], [ 576605.5, 5241323.0 ], [ 576606.0, 5241323.0 ], [ 576606.0, 5241324.0 ], [ 576605.5, 5241324.0 ], [ 576605.5, 5241324.5 ], [ 576605.0, 5241324.5 ], [ 576605.0, 5241325.0 ], [ 576604.5, 5241325.0 ], [ 576604.5, 5241325.5 ], [ 576604.0, 5241325.5 ], [ 576604.0, 5241326.0 ], [ 576603.5, 5241326.0 ], [ 576603.5, 5241327.0 ], [ 576604.0, 5241327.0 ], [ 576604.0, 5241327.5 ], [ 576604.5, 5241327.5 ], [ 576604.5, 5241328.0 ], [ 576605.0, 5241328.0 ], [ 576605.0, 5241328.5 ], [ 576605.5, 5241328.5 ], [ 576605.5, 5241329.0 ], [ 576606.0, 5241329.0 ], [ 576606.0, 5241329.5 ], [ 576606.5, 5241329.5 ], [ 576606.5, 5241330.0 ], [ 576607.0, 5241330.0 ], [ 576607.0, 5241330.5 ], [ 576607.5, 5241330.5 ], [ 576607.5, 5241331.0 ], [ 576608.0, 5241331.0 ], [ 576608.0, 5241331.5 ], [ 576608.5, 5241331.5 ], [ 576608.5, 5241332.0 ], [ 576609.0, 5241332.0 ], [ 576609.0, 5241332.5 ], [ 576609.5, 5241332.5 ], [ 576609.5, 5241333.0 ], [ 576610.0, 5241333.0 ], [ 576610.0, 5241332.5 ], [ 576610.5, 5241332.5 ], [ 576610.5, 5241332.0 ], [ 576611.0, 5241332.0 ], [ 576611.0, 5241331.5 ], [ 576612.0, 5241331.5 ], [ 576612.0, 5241332.0 ], [ 576612.5, 5241332.0 ], [ 576612.5, 5241332.5 ], [ 576613.0, 5241332.5 ], [ 576613.0, 5241333.0 ], [ 576613.5, 5241333.0 ], [ 576613.5, 5241334.5 ], [ 576613.0, 5241334.5 ], [ 576613.0, 5241335.0 ], [ 576612.5, 5241335.0 ], [ 576612.5, 5241335.5 ], [ 576612.0, 5241335.5 ], [ 576612.0, 5241336.5 ], [ 576611.5, 5241336.5 ], [ 576611.5, 5241337.0 ], [ 576611.0, 5241337.0 ], [ 576611.0, 5241337.5 ], [ 576610.5, 5241337.5 ], [ 576610.5, 5241338.5 ], [ 576611.0, 5241338.5 ], [ 576611.0, 5241339.0 ], [ 576611.5, 5241339.0 ], [ 576611.5, 5241339.5 ], [ 576612.0, 5241339.5 ], [ 576612.0, 5241340.0 ], [ 576612.5, 5241340.0 ], [ 576612.5, 5241340.5 ], [ 576613.0, 5241340.5 ], [ 576613.0, 5241341.0 ], [ 576613.5, 5241341.0 ], [ 576613.5, 5241341.5 ], [ 576614.0, 5241341.5 ], [ 576614.0, 5241342.0 ], [ 576614.5, 5241342.0 ], [ 576614.5, 5241342.5 ], [ 576615.0, 5241342.5 ], [ 576615.0, 5241343.0 ], [ 576615.5, 5241343.0 ], [ 576615.5, 5241343.5 ], [ 576616.5, 5241343.5 ], [ 576616.5, 5241343.0 ], [ 576617.0, 5241343.0 ], [ 576617.0, 5241342.5 ], [ 576617.5, 5241342.5 ], [ 576617.5, 5241342.0 ], [ 576618.0, 5241342.0 ], [ 576618.0, 5241342.5 ], [ 576618.5, 5241342.5 ], [ 576618.5, 5241343.0 ], [ 576619.0, 5241343.0 ], [ 576619.0, 5241343.5 ], [ 576619.5, 5241343.5 ], [ 576619.5, 5241344.0 ], [ 576620.0, 5241344.0 ], [ 576620.0, 5241344.5 ], [ 576620.5, 5241344.5 ], [ 576620.5, 5241345.0 ], [ 576621.0, 5241345.0 ], [ 576621.0, 5241345.5 ], [ 576621.5, 5241345.5 ], [ 576621.5, 5241346.0 ], [ 576622.0, 5241346.0 ], [ 576622.0, 5241346.5 ] ], [ [ 576549.5, 5241335.5 ], [ 576550.0, 5241335.5 ], [ 576550.0, 5241335.0 ], [ 576549.5, 5241335.0 ], [ 576549.5, 5241335.5 ] ], [ [ 576334.5, 5241335.0 ], [ 576335.0, 5241335.0 ], [ 576335.0, 5241334.5 ], [ 576334.5, 5241334.5 ], [ 576334.5, 5241335.0 ] ], [ [ 576334.0, 5241334.5 ], [ 576334.5, 5241334.5 ], [ 576334.5, 5241334.0 ], [ 576334.0, 5241334.0 ], [ 576334.0, 5241334.5 ] ], [ [ 576550.0, 5241334.0 ], [ 576550.5, 5241334.0 ], [ 576550.5, 5241333.5 ], [ 576551.0, 5241333.5 ], [ 576551.0, 5241333.0 ], [ 576551.5, 5241333.0 ], [ 576551.5, 5241332.5 ], [ 576552.0, 5241332.5 ], [ 576552.0, 5241331.5 ], [ 576551.5, 5241331.5 ], [ 576551.5, 5241331.0 ], [ 576552.0, 5241331.0 ], [ 576552.0, 5241330.5 ], [ 576552.5, 5241330.5 ], [ 576552.5, 5241330.0 ], [ 576553.0, 5241330.0 ], [ 576553.0, 5241329.0 ], [ 576553.5, 5241329.0 ], [ 576553.5, 5241328.5 ], [ 576553.0, 5241328.5 ], [ 576553.0, 5241328.0 ], [ 576552.5, 5241328.0 ], [ 576552.5, 5241327.5 ], [ 576552.0, 5241327.5 ], [ 576552.0, 5241327.0 ], [ 576551.5, 5241327.0 ], [ 576551.5, 5241326.5 ], [ 576552.0, 5241326.5 ], [ 576552.0, 5241326.0 ], [ 576551.5, 5241326.0 ], [ 576551.5, 5241325.5 ], [ 576551.0, 5241325.5 ], [ 576551.0, 5241326.5 ], [ 576550.5, 5241326.5 ], [ 576550.5, 5241330.5 ], [ 576550.0, 5241330.5 ], [ 576550.0, 5241334.0 ] ], [ [ 576333.0, 5241333.0 ], [ 576333.5, 5241333.0 ], [ 576333.5, 5241332.5 ], [ 576333.0, 5241332.5 ], [ 576333.0, 5241333.0 ] ], [ [ 576332.5, 5241332.5 ], [ 576333.0, 5241332.5 ], [ 576333.0, 5241331.5 ], [ 576332.5, 5241331.5 ], [ 576332.5, 5241330.0 ], [ 576332.0, 5241330.0 ], [ 576332.0, 5241329.0 ], [ 576331.5, 5241329.0 ], [ 576331.5, 5241328.0 ], [ 576331.0, 5241328.0 ], [ 576331.0, 5241327.0 ], [ 576330.5, 5241327.0 ], [ 576330.5, 5241326.0 ], [ 576330.0, 5241326.0 ], [ 576330.0, 5241324.5 ], [ 576329.5, 5241324.5 ], [ 576329.5, 5241323.5 ], [ 576329.0, 5241323.5 ], [ 576329.0, 5241322.5 ], [ 576328.5, 5241322.5 ], [ 576328.5, 5241321.5 ], [ 576328.0, 5241321.5 ], [ 576328.0, 5241320.5 ], [ 576327.5, 5241320.5 ], [ 576327.5, 5241319.0 ], [ 576327.0, 5241319.0 ], [ 576327.0, 5241318.0 ], [ 576326.5, 5241318.0 ], [ 576326.5, 5241317.0 ], [ 576326.0, 5241317.0 ], [ 576326.0, 5241316.0 ], [ 576325.5, 5241316.0 ], [ 576325.5, 5241315.0 ], [ 576324.5, 5241315.0 ], [ 576324.5, 5241316.0 ], [ 576325.0, 5241316.0 ], [ 576325.0, 5241317.0 ], [ 576325.5, 5241317.0 ], [ 576325.5, 5241317.5 ], [ 576326.0, 5241317.5 ], [ 576326.0, 5241318.0 ], [ 576325.5, 5241318.0 ], [ 576325.5, 5241318.5 ], [ 576326.0, 5241318.5 ], [ 576326.0, 5241319.0 ], [ 576325.5, 5241319.0 ], [ 576325.5, 5241319.5 ], [ 576326.0, 5241319.5 ], [ 576326.0, 5241320.0 ], [ 576326.5, 5241320.0 ], [ 576326.5, 5241320.5 ], [ 576327.0, 5241320.5 ], [ 576327.0, 5241321.0 ], [ 576327.5, 5241321.0 ], [ 576327.5, 5241322.0 ], [ 576328.0, 5241322.0 ], [ 576328.0, 5241322.5 ], [ 576327.5, 5241322.5 ], [ 576327.5, 5241323.5 ], [ 576328.0, 5241323.5 ], [ 576328.0, 5241324.0 ], [ 576328.5, 5241324.0 ], [ 576328.5, 5241325.0 ], [ 576328.0, 5241325.0 ], [ 576328.0, 5241325.5 ], [ 576328.5, 5241325.5 ], [ 576328.5, 5241326.0 ], [ 576329.0, 5241326.0 ], [ 576329.0, 5241326.5 ], [ 576328.5, 5241326.5 ], [ 576328.5, 5241327.0 ], [ 576329.0, 5241327.0 ], [ 576329.0, 5241328.0 ], [ 576329.5, 5241328.0 ], [ 576329.5, 5241328.5 ], [ 576330.0, 5241328.5 ], [ 576330.0, 5241329.5 ], [ 576330.5, 5241329.5 ], [ 576330.5, 5241330.0 ], [ 576331.0, 5241330.0 ], [ 576331.0, 5241330.5 ], [ 576331.5, 5241330.5 ], [ 576331.5, 5241331.0 ], [ 576332.0, 5241331.0 ], [ 576332.0, 5241332.0 ], [ 576332.5, 5241332.0 ], [ 576332.5, 5241332.5 ] ], [ [ 576630.5, 5241328.5 ], [ 576631.0, 5241328.5 ], [ 576631.0, 5241328.0 ], [ 576631.5, 5241328.0 ], [ 576631.5, 5241327.5 ], [ 576632.5, 5241327.5 ], [ 576632.5, 5241327.0 ], [ 576633.0, 5241327.0 ], [ 576633.0, 5241326.5 ], [ 576628.5, 5241326.5 ], [ 576628.5, 5241327.0 ], [ 576629.5, 5241327.0 ], [ 576629.5, 5241327.5 ], [ 576630.0, 5241327.5 ], [ 576630.0, 5241328.0 ], [ 576630.5, 5241328.0 ], [ 576630.5, 5241328.5 ] ], [ [ 576640.5, 5241328.5 ], [ 576642.5, 5241328.5 ], [ 576642.5, 5241328.0 ], [ 576643.5, 5241328.0 ], [ 576643.5, 5241327.5 ], [ 576644.5, 5241327.5 ], [ 576644.5, 5241327.0 ], [ 576645.0, 5241327.0 ], [ 576645.0, 5241327.5 ], [ 576646.0, 5241327.5 ], [ 576646.0, 5241327.0 ], [ 576646.5, 5241327.0 ], [ 576646.5, 5241326.5 ], [ 576648.0, 5241326.5 ], [ 576648.0, 5241326.0 ], [ 576648.5, 5241326.0 ], [ 576648.5, 5241326.5 ], [ 576649.0, 5241326.5 ], [ 576649.0, 5241327.0 ], [ 576649.5, 5241327.0 ], [ 576649.5, 5241326.5 ], [ 576650.5, 5241326.5 ], [ 576650.5, 5241326.0 ], [ 576651.0, 5241326.0 ], [ 576651.0, 5241325.5 ], [ 576651.5, 5241325.5 ], [ 576651.5, 5241325.0 ], [ 576652.0, 5241325.0 ], [ 576652.0, 5241324.5 ], [ 576652.5, 5241324.5 ], [ 576652.5, 5241324.0 ], [ 576650.0, 5241324.0 ], [ 576650.0, 5241324.5 ], [ 576646.5, 5241324.5 ], [ 576646.5, 5241325.0 ], [ 576643.0, 5241325.0 ], [ 576643.0, 5241325.5 ], [ 576639.5, 5241325.5 ], [ 576639.5, 5241326.0 ], [ 576636.5, 5241326.0 ], [ 576636.5, 5241326.5 ], [ 576637.0, 5241326.5 ], [ 576637.0, 5241327.0 ], [ 576637.5, 5241327.0 ], [ 576637.5, 5241326.5 ], [ 576638.0, 5241326.5 ], [ 576638.0, 5241327.0 ], [ 576639.0, 5241327.0 ], [ 576639.0, 5241327.5 ], [ 576640.0, 5241327.5 ], [ 576640.0, 5241328.0 ], [ 576640.5, 5241328.0 ], [ 576640.5, 5241328.5 ] ], [ [ 576634.5, 5241326.5 ], [ 576635.0, 5241326.5 ], [ 576635.0, 5241326.0 ], [ 576634.5, 5241326.0 ], [ 576634.5, 5241326.5 ] ], [ [ 576635.5, 5241326.5 ], [ 576636.0, 5241326.5 ], [ 576636.0, 5241326.0 ], [ 576635.5, 5241326.0 ], [ 576635.5, 5241326.5 ] ], [ [ 576551.0, 5241325.0 ], [ 576551.5, 5241325.0 ], [ 576551.5, 5241323.5 ], [ 576551.0, 5241323.5 ], [ 576551.0, 5241325.0 ] ], [ [ 576551.0, 5241322.5 ], [ 576551.5, 5241322.5 ], [ 576551.5, 5241321.5 ], [ 576552.0, 5241321.5 ], [ 576552.0, 5241321.0 ], [ 576552.5, 5241321.0 ], [ 576552.5, 5241320.5 ], [ 576553.0, 5241320.5 ], [ 576553.0, 5241320.0 ], [ 576552.5, 5241320.0 ], [ 576552.5, 5241319.0 ], [ 576553.0, 5241319.0 ], [ 576553.0, 5241317.5 ], [ 576553.5, 5241317.5 ], [ 576553.5, 5241317.0 ], [ 576553.0, 5241317.0 ], [ 576553.0, 5241316.5 ], [ 576553.5, 5241316.5 ], [ 576553.5, 5241316.0 ], [ 576553.0, 5241316.0 ], [ 576553.0, 5241314.5 ], [ 576553.5, 5241314.5 ], [ 576553.5, 5241314.0 ], [ 576553.0, 5241314.0 ], [ 576553.0, 5241313.5 ], [ 576552.5, 5241313.5 ], [ 576552.5, 5241313.0 ], [ 576553.0, 5241313.0 ], [ 576553.0, 5241312.0 ], [ 576552.5, 5241312.0 ], [ 576552.5, 5241311.5 ], [ 576553.0, 5241311.5 ], [ 576553.0, 5241311.0 ], [ 576553.5, 5241311.0 ], [ 576553.5, 5241310.5 ], [ 576553.0, 5241310.5 ], [ 576553.0, 5241310.0 ], [ 576553.5, 5241310.0 ], [ 576553.5, 5241308.5 ], [ 576554.0, 5241308.5 ], [ 576554.0, 5241308.0 ], [ 576553.5, 5241308.0 ], [ 576553.5, 5241307.5 ], [ 576554.0, 5241307.5 ], [ 576554.0, 5241307.0 ], [ 576554.5, 5241307.0 ], [ 576554.5, 5241306.0 ], [ 576555.0, 5241306.0 ], [ 576555.0, 5241304.0 ], [ 576554.5, 5241304.0 ], [ 576554.5, 5241303.5 ], [ 576555.0, 5241303.5 ], [ 576555.0, 5241303.0 ], [ 576554.5, 5241303.0 ], [ 576554.5, 5241302.5 ], [ 576554.0, 5241302.5 ], [ 576554.0, 5241302.0 ], [ 576553.5, 5241302.0 ], [ 576553.5, 5241301.5 ], [ 576553.0, 5241301.5 ], [ 576553.0, 5241301.0 ], [ 576552.0, 5241301.0 ], [ 576552.0, 5241311.0 ], [ 576551.5, 5241311.0 ], [ 576551.5, 5241321.0 ], [ 576551.0, 5241321.0 ], [ 576551.0, 5241322.5 ] ], [ [ 576324.0, 5241313.0 ], [ 576324.5, 5241313.0 ], [ 576324.5, 5241311.5 ], [ 576324.0, 5241311.5 ], [ 576324.0, 5241310.0 ], [ 576323.0, 5241310.0 ], [ 576323.0, 5241310.5 ], [ 576322.5, 5241310.5 ], [ 576322.5, 5241311.0 ], [ 576323.0, 5241311.0 ], [ 576323.0, 5241312.0 ], [ 576323.5, 5241312.0 ], [ 576323.5, 5241312.5 ], [ 576324.0, 5241312.5 ], [ 576324.0, 5241313.0 ] ], [ [ 576599.5, 5241312.0 ], [ 576600.5, 5241312.0 ], [ 576600.5, 5241311.5 ], [ 576602.0, 5241311.5 ], [ 576602.0, 5241310.0 ], [ 576601.5, 5241310.0 ], [ 576601.5, 5241308.0 ], [ 576601.0, 5241308.0 ], [ 576601.0, 5241306.0 ], [ 576600.5, 5241306.0 ], [ 576600.5, 5241304.0 ], [ 576600.0, 5241304.0 ], [ 576600.0, 5241302.0 ], [ 576599.5, 5241302.0 ], [ 576599.5, 5241300.0 ], [ 576599.0, 5241300.0 ], [ 576599.0, 5241298.0 ], [ 576598.5, 5241298.0 ], [ 576598.5, 5241296.0 ], [ 576598.0, 5241296.0 ], [ 576598.0, 5241294.5 ], [ 576597.5, 5241294.5 ], [ 576597.5, 5241292.5 ], [ 576597.0, 5241292.5 ], [ 576597.0, 5241290.5 ], [ 576596.5, 5241290.5 ], [ 576596.5, 5241291.0 ], [ 576596.0, 5241291.0 ], [ 576596.0, 5241291.5 ], [ 576595.5, 5241291.5 ], [ 576595.5, 5241292.0 ], [ 576595.0, 5241292.0 ], [ 576595.0, 5241292.5 ], [ 576594.5, 5241292.5 ], [ 576594.5, 5241293.0 ], [ 576594.0, 5241293.0 ], [ 576594.0, 5241293.5 ], [ 576593.5, 5241293.5 ], [ 576593.5, 5241294.5 ], [ 576593.0, 5241294.5 ], [ 576593.0, 5241295.5 ], [ 576593.5, 5241295.5 ], [ 576593.5, 5241296.0 ], [ 576593.0, 5241296.0 ], [ 576593.0, 5241296.5 ], [ 576592.5, 5241296.5 ], [ 576592.5, 5241297.5 ], [ 576593.0, 5241297.5 ], [ 576593.0, 5241298.0 ], [ 576593.5, 5241298.0 ], [ 576593.5, 5241298.5 ], [ 576594.0, 5241298.5 ], [ 576594.0, 5241299.0 ], [ 576594.5, 5241299.0 ], [ 576594.5, 5241299.5 ], [ 576595.0, 5241299.5 ], [ 576595.0, 5241300.0 ], [ 576595.5, 5241300.0 ], [ 576595.5, 5241300.5 ], [ 576596.0, 5241300.5 ], [ 576596.0, 5241302.0 ], [ 576595.5, 5241302.0 ], [ 576595.5, 5241302.5 ], [ 576595.0, 5241302.5 ], [ 576595.0, 5241303.0 ], [ 576594.5, 5241303.0 ], [ 576594.5, 5241303.5 ], [ 576595.0, 5241303.5 ], [ 576595.0, 5241304.0 ], [ 576595.5, 5241304.0 ], [ 576595.5, 5241305.5 ], [ 576595.0, 5241305.5 ], [ 576595.0, 5241306.0 ], [ 576594.5, 5241306.0 ], [ 576594.5, 5241307.0 ], [ 576595.0, 5241307.0 ], [ 576595.0, 5241307.5 ], [ 576595.5, 5241307.5 ], [ 576595.5, 5241308.0 ], [ 576596.0, 5241308.0 ], [ 576596.0, 5241308.5 ], [ 576596.5, 5241308.5 ], [ 576596.5, 5241309.0 ], [ 576597.0, 5241309.0 ], [ 576597.0, 5241309.5 ], [ 576597.5, 5241309.5 ], [ 576597.5, 5241310.0 ], [ 576598.0, 5241310.0 ], [ 576598.0, 5241310.5 ], [ 576598.5, 5241310.5 ], [ 576598.5, 5241311.0 ], [ 576599.0, 5241311.0 ], [ 576599.0, 5241311.5 ], [ 576599.5, 5241311.5 ], [ 576599.5, 5241312.0 ] ], [ [ 576323.0, 5241309.5 ], [ 576323.5, 5241309.5 ], [ 576323.5, 5241308.0 ], [ 576323.0, 5241308.0 ], [ 576323.0, 5241306.0 ], [ 576322.5, 5241306.0 ], [ 576322.5, 5241304.5 ], [ 576322.0, 5241304.5 ], [ 576322.0, 5241302.5 ], [ 576321.0, 5241302.5 ], [ 576321.0, 5241303.5 ], [ 576320.5, 5241303.5 ], [ 576320.5, 5241304.0 ], [ 576321.0, 5241304.0 ], [ 576321.0, 5241305.0 ], [ 576320.5, 5241305.0 ], [ 576320.5, 5241305.5 ], [ 576320.0, 5241305.5 ], [ 576320.0, 5241306.5 ], [ 576320.5, 5241306.5 ], [ 576320.5, 5241307.0 ], [ 576321.0, 5241307.0 ], [ 576321.0, 5241307.5 ], [ 576321.5, 5241307.5 ], [ 576321.5, 5241308.0 ], [ 576322.0, 5241308.0 ], [ 576322.0, 5241308.5 ], [ 576322.5, 5241308.5 ], [ 576322.5, 5241309.0 ], [ 576323.0, 5241309.0 ], [ 576323.0, 5241309.5 ] ], [ [ 576320.5, 5241300.0 ], [ 576321.0, 5241300.0 ], [ 576321.0, 5241299.5 ], [ 576320.5, 5241299.5 ], [ 576320.5, 5241300.0 ] ], [ [ 576320.0, 5241299.5 ], [ 576320.5, 5241299.5 ], [ 576320.5, 5241298.0 ], [ 576320.0, 5241298.0 ], [ 576320.0, 5241296.5 ], [ 576319.5, 5241296.5 ], [ 576319.5, 5241295.0 ], [ 576319.0, 5241295.0 ], [ 576319.0, 5241293.5 ], [ 576318.5, 5241293.5 ], [ 576318.5, 5241292.0 ], [ 576318.0, 5241292.0 ], [ 576318.0, 5241290.5 ], [ 576317.5, 5241290.5 ], [ 576317.5, 5241289.0 ], [ 576317.0, 5241289.0 ], [ 576317.0, 5241287.5 ], [ 576316.5, 5241287.5 ], [ 576316.5, 5241286.0 ], [ 576316.0, 5241286.0 ], [ 576316.0, 5241284.5 ], [ 576315.5, 5241284.5 ], [ 576315.5, 5241283.0 ], [ 576315.0, 5241283.0 ], [ 576315.0, 5241281.5 ], [ 576314.5, 5241281.5 ], [ 576314.5, 5241280.0 ], [ 576314.0, 5241280.0 ], [ 576314.0, 5241278.5 ], [ 576313.5, 5241278.5 ], [ 576313.5, 5241277.0 ], [ 576313.0, 5241277.0 ], [ 576313.0, 5241275.5 ], [ 576312.5, 5241275.5 ], [ 576312.5, 5241275.0 ], [ 576312.0, 5241275.0 ], [ 576312.0, 5241275.5 ], [ 576311.5, 5241275.5 ], [ 576311.5, 5241276.0 ], [ 576312.0, 5241276.0 ], [ 576312.0, 5241276.5 ], [ 576311.5, 5241276.5 ], [ 576311.5, 5241278.0 ], [ 576312.0, 5241278.0 ], [ 576312.0, 5241278.5 ], [ 576312.5, 5241278.5 ], [ 576312.5, 5241279.5 ], [ 576313.0, 5241279.5 ], [ 576313.0, 5241280.5 ], [ 576313.5, 5241280.5 ], [ 576313.5, 5241281.5 ], [ 576313.0, 5241281.5 ], [ 576313.0, 5241282.5 ], [ 576312.5, 5241282.5 ], [ 576312.5, 5241283.0 ], [ 576312.0, 5241283.0 ], [ 576312.0, 5241283.5 ], [ 576312.5, 5241283.5 ], [ 576312.5, 5241284.0 ], [ 576313.0, 5241284.0 ], [ 576313.0, 5241284.5 ], [ 576312.5, 5241284.5 ], [ 576312.5, 5241285.5 ], [ 576312.0, 5241285.5 ], [ 576312.0, 5241286.0 ], [ 576312.5, 5241286.0 ], [ 576312.5, 5241287.0 ], [ 576313.0, 5241287.0 ], [ 576313.0, 5241287.5 ], [ 576313.5, 5241287.5 ], [ 576313.5, 5241288.0 ], [ 576314.0, 5241288.0 ], [ 576314.0, 5241288.5 ], [ 576313.5, 5241288.5 ], [ 576313.5, 5241289.5 ], [ 576314.0, 5241289.5 ], [ 576314.0, 5241290.0 ], [ 576314.5, 5241290.0 ], [ 576314.5, 5241290.5 ], [ 576315.0, 5241290.5 ], [ 576315.0, 5241291.0 ], [ 576315.5, 5241291.0 ], [ 576315.5, 5241291.5 ], [ 576316.0, 5241291.5 ], [ 576316.0, 5241292.0 ], [ 576316.5, 5241292.0 ], [ 576316.5, 5241292.5 ], [ 576317.0, 5241292.5 ], [ 576317.0, 5241293.0 ], [ 576317.5, 5241293.0 ], [ 576317.5, 5241293.5 ], [ 576318.0, 5241293.5 ], [ 576318.0, 5241294.0 ], [ 576318.5, 5241294.0 ], [ 576318.5, 5241294.5 ], [ 576318.0, 5241294.5 ], [ 576318.0, 5241296.5 ], [ 576317.5, 5241296.5 ], [ 576317.5, 5241297.0 ], [ 576318.0, 5241297.0 ], [ 576318.0, 5241297.5 ], [ 576318.5, 5241297.5 ], [ 576318.5, 5241298.0 ], [ 576319.0, 5241298.0 ], [ 576319.0, 5241298.5 ], [ 576319.5, 5241298.5 ], [ 576319.5, 5241299.0 ], [ 576320.0, 5241299.0 ], [ 576320.0, 5241299.5 ] ], [ [ 576552.0, 5241299.0 ], [ 576552.5, 5241299.0 ], [ 576552.5, 5241298.5 ], [ 576553.0, 5241298.5 ], [ 576553.0, 5241297.5 ], [ 576553.5, 5241297.5 ], [ 576553.5, 5241297.0 ], [ 576554.0, 5241297.0 ], [ 576554.0, 5241296.5 ], [ 576554.5, 5241296.5 ], [ 576554.5, 5241296.0 ], [ 576555.0, 5241296.0 ], [ 576555.0, 5241295.5 ], [ 576555.5, 5241295.5 ], [ 576555.5, 5241295.0 ], [ 576556.0, 5241295.0 ], [ 576556.0, 5241294.5 ], [ 576555.5, 5241294.5 ], [ 576555.5, 5241294.0 ], [ 576555.0, 5241294.0 ], [ 576555.0, 5241293.5 ], [ 576554.5, 5241293.5 ], [ 576554.5, 5241293.0 ], [ 576554.0, 5241293.0 ], [ 576554.0, 5241292.5 ], [ 576553.5, 5241292.5 ], [ 576553.5, 5241292.0 ], [ 576553.0, 5241292.0 ], [ 576553.0, 5241291.0 ], [ 576553.5, 5241291.0 ], [ 576553.5, 5241290.5 ], [ 576554.0, 5241290.5 ], [ 576554.0, 5241290.0 ], [ 576554.5, 5241290.0 ], [ 576554.5, 5241289.0 ], [ 576554.0, 5241289.0 ], [ 576554.0, 5241288.5 ], [ 576554.5, 5241288.5 ], [ 576554.5, 5241288.0 ], [ 576555.0, 5241288.0 ], [ 576555.0, 5241286.5 ], [ 576555.5, 5241286.5 ], [ 576555.5, 5241284.5 ], [ 576555.0, 5241284.5 ], [ 576555.0, 5241283.5 ], [ 576554.5, 5241283.5 ], [ 576554.5, 5241283.0 ], [ 576554.0, 5241283.0 ], [ 576554.0, 5241282.0 ], [ 576553.5, 5241282.0 ], [ 576553.5, 5241280.0 ], [ 576554.0, 5241280.0 ], [ 576554.0, 5241279.5 ], [ 576554.5, 5241279.5 ], [ 576554.5, 5241279.0 ], [ 576554.0, 5241279.0 ], [ 576554.0, 5241278.5 ], [ 576554.5, 5241278.5 ], [ 576554.5, 5241278.0 ], [ 576554.0, 5241278.0 ], [ 576554.0, 5241277.5 ], [ 576553.5, 5241277.5 ], [ 576553.5, 5241277.0 ], [ 576554.0, 5241277.0 ], [ 576554.0, 5241276.5 ], [ 576554.5, 5241276.5 ], [ 576554.5, 5241276.0 ], [ 576555.0, 5241276.0 ], [ 576555.0, 5241275.5 ], [ 576555.5, 5241275.5 ], [ 576555.5, 5241274.5 ], [ 576556.0, 5241274.5 ], [ 576556.0, 5241274.0 ], [ 576555.5, 5241274.0 ], [ 576555.5, 5241272.5 ], [ 576556.0, 5241272.5 ], [ 576556.0, 5241271.5 ], [ 576555.5, 5241271.5 ], [ 576555.5, 5241270.0 ], [ 576556.0, 5241270.0 ], [ 576556.0, 5241269.5 ], [ 576555.5, 5241269.5 ], [ 576555.5, 5241269.0 ], [ 576555.0, 5241269.0 ], [ 576555.0, 5241268.5 ], [ 576554.5, 5241268.5 ], [ 576554.5, 5241268.0 ], [ 576554.0, 5241268.0 ], [ 576554.0, 5241267.5 ], [ 576553.5, 5241267.5 ], [ 576553.5, 5241267.0 ], [ 576553.0, 5241267.0 ], [ 576553.0, 5241266.5 ], [ 576552.5, 5241266.5 ], [ 576552.5, 5241266.0 ], [ 576552.0, 5241266.0 ], [ 576552.0, 5241265.5 ], [ 576551.5, 5241265.5 ], [ 576551.5, 5241265.0 ], [ 576552.0, 5241265.0 ], [ 576552.0, 5241264.5 ], [ 576552.5, 5241264.5 ], [ 576552.5, 5241264.0 ], [ 576552.0, 5241264.0 ], [ 576552.0, 5241263.5 ], [ 576551.5, 5241263.5 ], [ 576551.5, 5241263.0 ], [ 576551.0, 5241263.0 ], [ 576551.0, 5241262.5 ], [ 576550.5, 5241262.5 ], [ 576550.5, 5241262.0 ], [ 576550.0, 5241262.0 ], [ 576550.0, 5241261.5 ], [ 576549.5, 5241261.5 ], [ 576549.5, 5241261.0 ], [ 576549.0, 5241261.0 ], [ 576549.0, 5241260.5 ], [ 576548.5, 5241260.5 ], [ 576548.5, 5241260.0 ], [ 576548.0, 5241260.0 ], [ 576548.0, 5241259.5 ], [ 576547.5, 5241259.5 ], [ 576547.5, 5241259.0 ], [ 576547.0, 5241259.0 ], [ 576547.0, 5241260.5 ], [ 576547.5, 5241260.5 ], [ 576547.5, 5241264.5 ], [ 576548.0, 5241264.5 ], [ 576548.0, 5241268.5 ], [ 576548.5, 5241268.5 ], [ 576548.5, 5241272.5 ], [ 576549.0, 5241272.5 ], [ 576549.0, 5241276.0 ], [ 576549.5, 5241276.0 ], [ 576549.5, 5241280.0 ], [ 576550.0, 5241280.0 ], [ 576550.0, 5241284.0 ], [ 576550.5, 5241284.0 ], [ 576550.5, 5241288.0 ], [ 576551.0, 5241288.0 ], [ 576551.0, 5241292.0 ], [ 576551.5, 5241292.0 ], [ 576551.5, 5241296.0 ], [ 576552.0, 5241296.0 ], [ 576552.0, 5241299.0 ] ], [ [ 576595.5, 5241287.5 ], [ 576596.0, 5241287.5 ], [ 576596.0, 5241287.0 ], [ 576595.5, 5241287.0 ], [ 576595.5, 5241287.5 ] ], [ [ 576595.0, 5241287.0 ], [ 576595.5, 5241287.0 ], [ 576595.5, 5241286.0 ], [ 576595.0, 5241286.0 ], [ 576595.0, 5241285.0 ], [ 576594.5, 5241285.0 ], [ 576594.5, 5241284.0 ], [ 576594.0, 5241284.0 ], [ 576594.0, 5241284.5 ], [ 576593.5, 5241284.5 ], [ 576593.5, 5241285.5 ], [ 576594.0, 5241285.5 ], [ 576594.0, 5241286.0 ], [ 576594.5, 5241286.0 ], [ 576594.5, 5241286.5 ], [ 576595.0, 5241286.5 ], [ 576595.0, 5241287.0 ] ], [ [ 576593.5, 5241283.5 ], [ 576594.0, 5241283.5 ], [ 576594.0, 5241283.0 ], [ 576593.5, 5241283.0 ], [ 576593.5, 5241283.5 ] ], [ [ 576592.5, 5241281.0 ], [ 576593.0, 5241281.0 ], [ 576593.0, 5241269.0 ], [ 576592.5, 5241269.0 ], [ 576592.5, 5241256.5 ], [ 576592.0, 5241256.5 ], [ 576592.0, 5241249.0 ], [ 576592.5, 5241249.0 ], [ 576592.5, 5241246.0 ], [ 576593.0, 5241246.0 ], [ 576593.0, 5241243.0 ], [ 576593.5, 5241243.0 ], [ 576593.5, 5241240.0 ], [ 576594.0, 5241240.0 ], [ 576594.0, 5241237.0 ], [ 576594.5, 5241237.0 ], [ 576594.5, 5241234.0 ], [ 576595.0, 5241234.0 ], [ 576595.0, 5241231.0 ], [ 576595.5, 5241231.0 ], [ 576595.5, 5241228.0 ], [ 576596.0, 5241228.0 ], [ 576596.0, 5241225.0 ], [ 576596.5, 5241225.0 ], [ 576596.5, 5241221.5 ], [ 576597.0, 5241221.5 ], [ 576597.0, 5241218.5 ], [ 576597.5, 5241218.5 ], [ 576597.5, 5241215.5 ], [ 576598.0, 5241215.5 ], [ 576598.0, 5241214.0 ], [ 576599.5, 5241214.0 ], [ 576599.5, 5241213.5 ], [ 576608.5, 5241213.5 ], [ 576608.5, 5241213.0 ], [ 576617.5, 5241213.0 ], [ 576617.5, 5241212.5 ], [ 576626.5, 5241212.5 ], [ 576626.5, 5241212.0 ], [ 576635.5, 5241212.0 ], [ 576635.5, 5241211.5 ], [ 576638.0, 5241211.5 ], [ 576638.0, 5241211.0 ], [ 576637.5, 5241211.0 ], [ 576637.5, 5241210.0 ], [ 576638.0, 5241210.0 ], [ 576638.0, 5241209.5 ], [ 576638.5, 5241209.5 ], [ 576638.5, 5241209.0 ], [ 576639.0, 5241209.0 ], [ 576639.0, 5241207.5 ], [ 576639.5, 5241207.5 ], [ 576639.5, 5241207.0 ], [ 576639.0, 5241207.0 ], [ 576639.0, 5241206.0 ], [ 576639.5, 5241206.0 ], [ 576639.5, 5241205.5 ], [ 576640.0, 5241205.5 ], [ 576640.0, 5241205.0 ], [ 576639.5, 5241205.0 ], [ 576639.5, 5241204.5 ], [ 576639.0, 5241204.5 ], [ 576639.0, 5241204.0 ], [ 576638.5, 5241204.0 ], [ 576638.5, 5241203.5 ], [ 576638.0, 5241203.5 ], [ 576638.0, 5241203.0 ], [ 576637.5, 5241203.0 ], [ 576637.5, 5241202.5 ], [ 576637.0, 5241202.5 ], [ 576637.0, 5241202.0 ], [ 576636.5, 5241202.0 ], [ 576636.5, 5241201.5 ], [ 576636.0, 5241201.5 ], [ 576636.0, 5241201.0 ], [ 576635.5, 5241201.0 ], [ 576635.5, 5241200.5 ], [ 576635.0, 5241200.5 ], [ 576635.0, 5241200.0 ], [ 576634.5, 5241200.0 ], [ 576634.5, 5241199.5 ], [ 576634.0, 5241199.5 ], [ 576634.0, 5241199.0 ], [ 576633.5, 5241199.0 ], [ 576633.5, 5241198.5 ], [ 576633.0, 5241198.5 ], [ 576633.0, 5241198.0 ], [ 576631.0, 5241198.0 ], [ 576631.0, 5241197.5 ], [ 576630.5, 5241197.5 ], [ 576630.5, 5241197.0 ], [ 576630.0, 5241197.0 ], [ 576630.0, 5241196.5 ], [ 576629.5, 5241196.5 ], [ 576629.5, 5241196.0 ], [ 576629.0, 5241196.0 ], [ 576629.0, 5241196.5 ], [ 576628.5, 5241196.5 ], [ 576628.5, 5241197.0 ], [ 576628.0, 5241197.0 ], [ 576628.0, 5241197.5 ], [ 576627.5, 5241197.5 ], [ 576627.5, 5241197.0 ], [ 576627.0, 5241197.0 ], [ 576627.0, 5241195.5 ], [ 576627.5, 5241195.5 ], [ 576627.5, 5241195.0 ], [ 576628.0, 5241195.0 ], [ 576628.0, 5241194.5 ], [ 576628.5, 5241194.5 ], [ 576628.5, 5241194.0 ], [ 576629.0, 5241194.0 ], [ 576629.0, 5241193.5 ], [ 576629.5, 5241193.5 ], [ 576629.5, 5241193.0 ], [ 576630.0, 5241193.0 ], [ 576630.0, 5241192.5 ], [ 576630.5, 5241192.5 ], [ 576630.5, 5241192.0 ], [ 576631.0, 5241192.0 ], [ 576631.0, 5241191.5 ], [ 576631.5, 5241191.5 ], [ 576631.5, 5241191.0 ], [ 576631.0, 5241191.0 ], [ 576631.0, 5241190.5 ], [ 576630.5, 5241190.5 ], [ 576630.5, 5241190.0 ], [ 576630.0, 5241190.0 ], [ 576630.0, 5241189.5 ], [ 576630.5, 5241189.5 ], [ 576630.5, 5241188.5 ], [ 576631.0, 5241188.5 ], [ 576631.0, 5241187.5 ], [ 576630.5, 5241187.5 ], [ 576630.5, 5241187.0 ], [ 576630.0, 5241187.0 ], [ 576630.0, 5241186.5 ], [ 576629.5, 5241186.5 ], [ 576629.5, 5241186.0 ], [ 576630.0, 5241186.0 ], [ 576630.0, 5241185.5 ], [ 576630.5, 5241185.5 ], [ 576630.5, 5241184.5 ], [ 576631.0, 5241184.5 ], [ 576631.0, 5241184.0 ], [ 576630.5, 5241184.0 ], [ 576630.5, 5241183.5 ], [ 576630.0, 5241183.5 ], [ 576630.0, 5241183.0 ], [ 576630.5, 5241183.0 ], [ 576630.5, 5241182.5 ], [ 576631.0, 5241182.5 ], [ 576631.0, 5241182.0 ], [ 576631.5, 5241182.0 ], [ 576631.5, 5241181.5 ], [ 576631.0, 5241181.5 ], [ 576631.0, 5241181.0 ], [ 576630.5, 5241181.0 ], [ 576630.5, 5241180.5 ], [ 576630.0, 5241180.5 ], [ 576630.0, 5241179.5 ], [ 576630.5, 5241179.5 ], [ 576630.5, 5241179.0 ], [ 576631.0, 5241179.0 ], [ 576631.0, 5241178.5 ], [ 576631.5, 5241178.5 ], [ 576631.5, 5241177.5 ], [ 576631.0, 5241177.5 ], [ 576631.0, 5241177.0 ], [ 576631.5, 5241177.0 ], [ 576631.5, 5241176.5 ], [ 576632.0, 5241176.5 ], [ 576632.0, 5241176.0 ], [ 576631.5, 5241176.0 ], [ 576631.5, 5241175.5 ], [ 576631.0, 5241175.5 ], [ 576631.0, 5241175.0 ], [ 576630.5, 5241175.0 ], [ 576630.5, 5241174.5 ], [ 576630.0, 5241174.5 ], [ 576630.0, 5241174.0 ], [ 576629.5, 5241174.0 ], [ 576629.5, 5241173.5 ], [ 576629.0, 5241173.5 ], [ 576629.0, 5241173.0 ], [ 576628.5, 5241173.0 ], [ 576628.5, 5241172.5 ], [ 576628.0, 5241172.5 ], [ 576628.0, 5241172.0 ], [ 576628.5, 5241172.0 ], [ 576628.5, 5241171.5 ], [ 576629.0, 5241171.5 ], [ 576629.0, 5241171.0 ], [ 576629.5, 5241171.0 ], [ 576629.5, 5241170.5 ], [ 576629.0, 5241170.5 ], [ 576629.0, 5241170.0 ], [ 576629.5, 5241170.0 ], [ 576629.5, 5241169.5 ], [ 576629.0, 5241169.5 ], [ 576629.0, 5241169.0 ], [ 576629.5, 5241169.0 ], [ 576629.5, 5241168.0 ], [ 576630.0, 5241168.0 ], [ 576630.0, 5241167.5 ], [ 576630.5, 5241167.5 ], [ 576630.5, 5241167.0 ], [ 576631.0, 5241167.0 ], [ 576631.0, 5241166.5 ], [ 576631.5, 5241166.5 ], [ 576631.5, 5241166.0 ], [ 576632.0, 5241166.0 ], [ 576632.0, 5241165.5 ], [ 576632.5, 5241165.5 ], [ 576632.5, 5241165.0 ], [ 576633.0, 5241165.0 ], [ 576633.0, 5241164.5 ], [ 576633.5, 5241164.5 ], [ 576633.5, 5241164.0 ], [ 576634.0, 5241164.0 ], [ 576634.0, 5241163.5 ], [ 576633.5, 5241163.5 ], [ 576633.5, 5241163.0 ], [ 576633.0, 5241163.0 ], [ 576633.0, 5241162.5 ], [ 576632.5, 5241162.5 ], [ 576632.5, 5241162.0 ], [ 576632.0, 5241162.0 ], [ 576632.0, 5241161.5 ], [ 576631.5, 5241161.5 ], [ 576631.5, 5241161.0 ], [ 576631.0, 5241161.0 ], [ 576631.0, 5241160.5 ], [ 576630.5, 5241160.5 ], [ 576630.5, 5241160.0 ], [ 576630.0, 5241160.0 ], [ 576630.0, 5241159.5 ], [ 576629.5, 5241159.5 ], [ 576629.5, 5241159.0 ], [ 576629.0, 5241159.0 ], [ 576629.0, 5241158.5 ], [ 576628.5, 5241158.5 ], [ 576628.5, 5241159.0 ], [ 576628.0, 5241159.0 ], [ 576628.0, 5241159.5 ], [ 576627.5, 5241159.5 ], [ 576627.5, 5241160.0 ], [ 576627.0, 5241160.0 ], [ 576627.0, 5241160.5 ], [ 576626.5, 5241160.5 ], [ 576626.5, 5241161.0 ], [ 576626.0, 5241161.0 ], [ 576626.0, 5241160.5 ], [ 576625.5, 5241160.5 ], [ 576625.5, 5241160.0 ], [ 576625.0, 5241160.0 ], [ 576625.0, 5241159.5 ], [ 576624.5, 5241159.5 ], [ 576624.5, 5241159.0 ], [ 576624.0, 5241159.0 ], [ 576624.0, 5241158.5 ], [ 576623.5, 5241158.5 ], [ 576623.5, 5241158.0 ], [ 576623.0, 5241158.0 ], [ 576623.0, 5241157.5 ], [ 576622.5, 5241157.5 ], [ 576622.5, 5241158.0 ], [ 576622.0, 5241158.0 ], [ 576622.0, 5241158.5 ], [ 576621.5, 5241158.5 ], [ 576621.5, 5241159.0 ], [ 576621.0, 5241159.0 ], [ 576621.0, 5241159.5 ], [ 576620.5, 5241159.5 ], [ 576620.5, 5241160.0 ], [ 576620.0, 5241160.0 ], [ 576620.0, 5241160.5 ], [ 576619.5, 5241160.5 ], [ 576619.5, 5241161.0 ], [ 576619.0, 5241161.0 ], [ 576619.0, 5241161.5 ], [ 576618.5, 5241161.5 ], [ 576618.5, 5241161.0 ], [ 576618.0, 5241161.0 ], [ 576618.0, 5241160.5 ], [ 576617.5, 5241160.5 ], [ 576617.5, 5241160.0 ], [ 576617.0, 5241160.0 ], [ 576617.0, 5241159.5 ], [ 576616.5, 5241159.5 ], [ 576616.5, 5241159.0 ], [ 576616.0, 5241159.0 ], [ 576616.0, 5241158.5 ], [ 576615.0, 5241158.5 ], [ 576615.0, 5241159.0 ], [ 576614.0, 5241159.0 ], [ 576614.0, 5241159.5 ], [ 576613.5, 5241159.5 ], [ 576613.5, 5241160.0 ], [ 576613.0, 5241160.0 ], [ 576613.0, 5241160.5 ], [ 576612.5, 5241160.5 ], [ 576612.5, 5241161.0 ], [ 576612.0, 5241161.0 ], [ 576612.0, 5241161.5 ], [ 576611.5, 5241161.5 ], [ 576611.5, 5241162.0 ], [ 576611.0, 5241162.0 ], [ 576611.0, 5241162.5 ], [ 576610.5, 5241162.5 ], [ 576610.5, 5241163.0 ], [ 576610.0, 5241163.0 ], [ 576610.0, 5241163.5 ], [ 576609.5, 5241163.5 ], [ 576609.5, 5241164.0 ], [ 576609.0, 5241164.0 ], [ 576609.0, 5241165.0 ], [ 576608.5, 5241165.0 ], [ 576608.5, 5241165.5 ], [ 576608.0, 5241165.5 ], [ 576608.0, 5241165.0 ], [ 576607.5, 5241165.0 ], [ 576607.5, 5241164.5 ], [ 576607.0, 5241164.5 ], [ 576607.0, 5241164.0 ], [ 576606.5, 5241164.0 ], [ 576606.5, 5241163.5 ], [ 576605.5, 5241163.5 ], [ 576605.5, 5241164.0 ], [ 576605.0, 5241164.0 ], [ 576605.0, 5241163.5 ], [ 576604.5, 5241163.5 ], [ 576604.5, 5241163.0 ], [ 576603.5, 5241163.0 ], [ 576603.5, 5241163.5 ], [ 576603.0, 5241163.5 ], [ 576603.0, 5241164.0 ], [ 576602.5, 5241164.0 ], [ 576602.5, 5241164.5 ], [ 576602.0, 5241164.5 ], [ 576602.0, 5241165.0 ], [ 576601.5, 5241165.0 ], [ 576601.5, 5241165.5 ], [ 576601.0, 5241165.5 ], [ 576601.0, 5241166.0 ], [ 576600.5, 5241166.0 ], [ 576600.5, 5241166.5 ], [ 576600.0, 5241166.5 ], [ 576600.0, 5241167.0 ], [ 576599.5, 5241167.0 ], [ 576599.5, 5241167.5 ], [ 576599.0, 5241167.5 ], [ 576599.0, 5241168.0 ], [ 576598.5, 5241168.0 ], [ 576598.5, 5241168.5 ], [ 576598.0, 5241168.5 ], [ 576598.0, 5241169.0 ], [ 576597.5, 5241169.0 ], [ 576597.5, 5241169.5 ], [ 576597.0, 5241169.5 ], [ 576597.0, 5241170.0 ], [ 576596.5, 5241170.0 ], [ 576596.5, 5241170.5 ], [ 576597.0, 5241170.5 ], [ 576597.0, 5241171.0 ], [ 576597.5, 5241171.0 ], [ 576597.5, 5241171.5 ], [ 576598.0, 5241171.5 ], [ 576598.0, 5241172.0 ], [ 576597.5, 5241172.0 ], [ 576597.5, 5241174.0 ], [ 576597.0, 5241174.0 ], [ 576597.0, 5241174.5 ], [ 576596.5, 5241174.5 ], [ 576596.5, 5241175.0 ], [ 576596.0, 5241175.0 ], [ 576596.0, 5241175.5 ], [ 576595.5, 5241175.5 ], [ 576595.5, 5241176.5 ], [ 576596.0, 5241176.5 ], [ 576596.0, 5241177.0 ], [ 576596.5, 5241177.0 ], [ 576596.5, 5241177.5 ], [ 576596.0, 5241177.5 ], [ 576596.0, 5241178.5 ], [ 576595.5, 5241178.5 ], [ 576595.5, 5241179.0 ], [ 576595.0, 5241179.0 ], [ 576595.0, 5241179.5 ], [ 576594.5, 5241179.5 ], [ 576594.5, 5241180.0 ], [ 576594.0, 5241180.0 ], [ 576594.0, 5241181.0 ], [ 576594.5, 5241181.0 ], [ 576594.5, 5241181.5 ], [ 576595.0, 5241181.5 ], [ 576595.0, 5241182.0 ], [ 576595.5, 5241182.0 ], [ 576595.5, 5241182.5 ], [ 576596.0, 5241182.5 ], [ 576596.0, 5241183.0 ], [ 576596.5, 5241183.0 ], [ 576596.5, 5241183.5 ], [ 576597.0, 5241183.5 ], [ 576597.0, 5241184.0 ], [ 576596.5, 5241184.0 ], [ 576596.5, 5241185.0 ], [ 576597.0, 5241185.0 ], [ 576597.0, 5241185.5 ], [ 576597.5, 5241185.5 ], [ 576597.5, 5241186.5 ], [ 576598.0, 5241186.5 ], [ 576598.0, 5241187.0 ], [ 576597.5, 5241187.0 ], [ 576597.5, 5241187.5 ], [ 576598.0, 5241187.5 ], [ 576598.0, 5241188.0 ], [ 576597.5, 5241188.0 ], [ 576597.5, 5241188.5 ], [ 576598.0, 5241188.5 ], [ 576598.0, 5241189.5 ], [ 576597.5, 5241189.5 ], [ 576597.5, 5241190.0 ], [ 576597.0, 5241190.0 ], [ 576597.0, 5241190.5 ], [ 576596.5, 5241190.5 ], [ 576596.5, 5241191.0 ], [ 576596.0, 5241191.0 ], [ 576596.0, 5241191.5 ], [ 576595.5, 5241191.5 ], [ 576595.5, 5241192.0 ], [ 576595.0, 5241192.0 ], [ 576595.0, 5241193.0 ], [ 576595.5, 5241193.0 ], [ 576595.5, 5241193.5 ], [ 576595.0, 5241193.5 ], [ 576595.0, 5241194.0 ], [ 576595.5, 5241194.0 ], [ 576595.5, 5241194.5 ], [ 576596.0, 5241194.5 ], [ 576596.0, 5241195.0 ], [ 576596.5, 5241195.0 ], [ 576596.5, 5241195.5 ], [ 576596.0, 5241195.5 ], [ 576596.0, 5241196.0 ], [ 576596.5, 5241196.0 ], [ 576596.5, 5241197.0 ], [ 576597.0, 5241197.0 ], [ 576597.0, 5241197.5 ], [ 576597.5, 5241197.5 ], [ 576597.5, 5241198.0 ], [ 576598.0, 5241198.0 ], [ 576598.0, 5241198.5 ], [ 576598.5, 5241198.5 ], [ 576598.5, 5241199.0 ], [ 576599.0, 5241199.0 ], [ 576599.0, 5241199.5 ], [ 576599.5, 5241199.5 ], [ 576599.5, 5241200.0 ], [ 576600.0, 5241200.0 ], [ 576600.0, 5241200.5 ], [ 576600.5, 5241200.5 ], [ 576600.5, 5241201.0 ], [ 576601.0, 5241201.0 ], [ 576601.0, 5241202.0 ], [ 576600.5, 5241202.0 ], [ 576600.5, 5241202.5 ], [ 576600.0, 5241202.5 ], [ 576600.0, 5241203.0 ], [ 576599.5, 5241203.0 ], [ 576599.5, 5241203.5 ], [ 576599.0, 5241203.5 ], [ 576599.0, 5241204.0 ], [ 576598.5, 5241204.0 ], [ 576598.5, 5241204.5 ], [ 576598.0, 5241204.5 ], [ 576598.0, 5241205.0 ], [ 576597.5, 5241205.0 ], [ 576597.5, 5241206.0 ], [ 576597.0, 5241206.0 ], [ 576597.0, 5241206.5 ], [ 576597.5, 5241206.5 ], [ 576597.5, 5241207.0 ], [ 576597.0, 5241207.0 ], [ 576597.0, 5241207.5 ], [ 576597.5, 5241207.5 ], [ 576597.5, 5241208.0 ], [ 576598.0, 5241208.0 ], [ 576598.0, 5241208.5 ], [ 576598.5, 5241208.5 ], [ 576598.5, 5241209.5 ], [ 576599.0, 5241209.5 ], [ 576599.0, 5241211.0 ], [ 576598.5, 5241211.0 ], [ 576598.5, 5241211.5 ], [ 576599.0, 5241211.5 ], [ 576599.0, 5241212.0 ], [ 576598.5, 5241212.0 ], [ 576598.5, 5241213.0 ], [ 576598.0, 5241213.0 ], [ 576598.0, 5241213.5 ], [ 576597.5, 5241213.5 ], [ 576597.5, 5241213.0 ], [ 576597.0, 5241213.0 ], [ 576597.0, 5241213.5 ], [ 576596.5, 5241213.5 ], [ 576596.5, 5241214.0 ], [ 576596.0, 5241214.0 ], [ 576596.0, 5241214.5 ], [ 576595.5, 5241214.5 ], [ 576595.5, 5241215.0 ], [ 576595.0, 5241215.0 ], [ 576595.0, 5241215.5 ], [ 576594.5, 5241215.5 ], [ 576594.5, 5241216.0 ], [ 576594.0, 5241216.0 ], [ 576594.0, 5241216.5 ], [ 576593.5, 5241216.5 ], [ 576593.5, 5241217.0 ], [ 576593.0, 5241217.0 ], [ 576593.0, 5241217.5 ], [ 576592.5, 5241217.5 ], [ 576592.5, 5241218.0 ], [ 576592.0, 5241218.0 ], [ 576592.0, 5241219.0 ], [ 576592.5, 5241219.0 ], [ 576592.5, 5241219.5 ], [ 576592.0, 5241219.5 ], [ 576592.0, 5241220.0 ], [ 576591.0, 5241220.0 ], [ 576591.0, 5241220.5 ], [ 576590.5, 5241220.5 ], [ 576590.5, 5241221.0 ], [ 576590.0, 5241221.0 ], [ 576590.0, 5241221.5 ], [ 576589.5, 5241221.5 ], [ 576589.5, 5241222.0 ], [ 576589.0, 5241222.0 ], [ 576589.0, 5241222.5 ], [ 576588.5, 5241222.5 ], [ 576588.5, 5241223.0 ], [ 576588.0, 5241223.0 ], [ 576588.0, 5241223.5 ], [ 576587.5, 5241223.5 ], [ 576587.5, 5241224.0 ], [ 576587.0, 5241224.0 ], [ 576587.0, 5241224.5 ], [ 576586.5, 5241224.5 ], [ 576586.5, 5241225.0 ], [ 576586.0, 5241225.0 ], [ 576586.0, 5241225.5 ], [ 576585.5, 5241225.5 ], [ 576585.5, 5241226.0 ], [ 576585.0, 5241226.0 ], [ 576585.0, 5241226.5 ], [ 576585.5, 5241226.5 ], [ 576585.5, 5241227.0 ], [ 576585.0, 5241227.0 ], [ 576585.0, 5241227.5 ], [ 576584.5, 5241227.5 ], [ 576584.5, 5241228.5 ], [ 576585.0, 5241228.5 ], [ 576585.0, 5241229.0 ], [ 576585.5, 5241229.0 ], [ 576585.5, 5241229.5 ], [ 576586.0, 5241229.5 ], [ 576586.0, 5241231.0 ], [ 576586.5, 5241231.0 ], [ 576586.5, 5241231.5 ], [ 576587.0, 5241231.5 ], [ 576587.0, 5241232.0 ], [ 576586.5, 5241232.0 ], [ 576586.5, 5241232.5 ], [ 576586.0, 5241232.5 ], [ 576586.0, 5241233.0 ], [ 576585.5, 5241233.0 ], [ 576585.5, 5241233.5 ], [ 576585.0, 5241233.5 ], [ 576585.0, 5241234.0 ], [ 576584.5, 5241234.0 ], [ 576584.5, 5241234.5 ], [ 576584.0, 5241234.5 ], [ 576584.0, 5241235.0 ], [ 576583.5, 5241235.0 ], [ 576583.5, 5241235.5 ], [ 576583.0, 5241235.5 ], [ 576583.0, 5241236.0 ], [ 576582.5, 5241236.0 ], [ 576582.5, 5241236.5 ], [ 576582.0, 5241236.5 ], [ 576582.0, 5241237.0 ], [ 576581.5, 5241237.0 ], [ 576581.5, 5241238.0 ], [ 576582.0, 5241238.0 ], [ 576582.0, 5241238.5 ], [ 576582.5, 5241238.5 ], [ 576582.5, 5241239.0 ], [ 576583.0, 5241239.0 ], [ 576583.0, 5241239.5 ], [ 576582.5, 5241239.5 ], [ 576582.5, 5241240.0 ], [ 576582.0, 5241240.0 ], [ 576582.0, 5241240.5 ], [ 576581.5, 5241240.5 ], [ 576581.5, 5241241.0 ], [ 576581.0, 5241241.0 ], [ 576581.0, 5241241.5 ], [ 576580.5, 5241241.5 ], [ 576580.5, 5241242.0 ], [ 576581.0, 5241242.0 ], [ 576581.0, 5241242.5 ], [ 576581.5, 5241242.5 ], [ 576581.5, 5241243.0 ], [ 576582.0, 5241243.0 ], [ 576582.0, 5241243.5 ], [ 576582.5, 5241243.5 ], [ 576582.5, 5241244.0 ], [ 576583.0, 5241244.0 ], [ 576583.0, 5241244.5 ], [ 576583.5, 5241244.5 ], [ 576583.5, 5241245.0 ], [ 576584.0, 5241245.0 ], [ 576584.0, 5241245.5 ], [ 576584.5, 5241245.5 ], [ 576584.5, 5241246.0 ], [ 576585.0, 5241246.0 ], [ 576585.0, 5241247.0 ], [ 576584.5, 5241247.0 ], [ 576584.5, 5241247.5 ], [ 576584.0, 5241247.5 ], [ 576584.0, 5241248.0 ], [ 576583.5, 5241248.0 ], [ 576583.5, 5241248.5 ], [ 576583.0, 5241248.5 ], [ 576583.0, 5241249.0 ], [ 576582.5, 5241249.0 ], [ 576582.5, 5241249.5 ], [ 576582.0, 5241249.5 ], [ 576582.0, 5241250.0 ], [ 576581.5, 5241250.0 ], [ 576581.5, 5241250.5 ], [ 576581.0, 5241250.5 ], [ 576581.0, 5241251.0 ], [ 576580.5, 5241251.0 ], [ 576580.5, 5241251.5 ], [ 576581.0, 5241251.5 ], [ 576581.0, 5241252.0 ], [ 576581.5, 5241252.0 ], [ 576581.5, 5241253.5 ], [ 576582.0, 5241253.5 ], [ 576582.0, 5241256.0 ], [ 576582.5, 5241256.0 ], [ 576582.5, 5241257.0 ], [ 576583.0, 5241257.0 ], [ 576583.0, 5241257.5 ], [ 576583.5, 5241257.5 ], [ 576583.5, 5241258.0 ], [ 576584.0, 5241258.0 ], [ 576584.0, 5241258.5 ], [ 576584.5, 5241258.5 ], [ 576584.5, 5241259.0 ], [ 576585.0, 5241259.0 ], [ 576585.0, 5241259.5 ], [ 576585.5, 5241259.5 ], [ 576585.5, 5241260.0 ], [ 576586.0, 5241260.0 ], [ 576586.0, 5241260.5 ], [ 576585.5, 5241260.5 ], [ 576585.5, 5241261.0 ], [ 576586.0, 5241261.0 ], [ 576586.0, 5241261.5 ], [ 576585.5, 5241261.5 ], [ 576585.5, 5241262.5 ], [ 576586.0, 5241262.5 ], [ 576586.0, 5241263.5 ], [ 576586.5, 5241263.5 ], [ 576586.5, 5241264.5 ], [ 576586.0, 5241264.5 ], [ 576586.0, 5241265.0 ], [ 576585.5, 5241265.0 ], [ 576585.5, 5241266.0 ], [ 576585.0, 5241266.0 ], [ 576585.0, 5241267.0 ], [ 576584.5, 5241267.0 ], [ 576584.5, 5241268.0 ], [ 576585.0, 5241268.0 ], [ 576585.0, 5241268.5 ], [ 576585.5, 5241268.5 ], [ 576585.5, 5241269.0 ], [ 576586.0, 5241269.0 ], [ 576586.0, 5241269.5 ], [ 576586.5, 5241269.5 ], [ 576586.5, 5241270.0 ], [ 576587.0, 5241270.0 ], [ 576587.0, 5241270.5 ], [ 576587.5, 5241270.5 ], [ 576587.5, 5241271.0 ], [ 576588.0, 5241271.0 ], [ 576588.0, 5241271.5 ], [ 576588.5, 5241271.5 ], [ 576588.5, 5241272.0 ], [ 576589.0, 5241272.0 ], [ 576589.0, 5241272.5 ], [ 576589.5, 5241272.5 ], [ 576589.5, 5241274.0 ], [ 576590.0, 5241274.0 ], [ 576590.0, 5241274.5 ], [ 576589.5, 5241274.5 ], [ 576589.5, 5241275.0 ], [ 576590.0, 5241275.0 ], [ 576590.0, 5241276.0 ], [ 576590.5, 5241276.0 ], [ 576590.5, 5241276.5 ], [ 576590.0, 5241276.5 ], [ 576590.0, 5241277.0 ], [ 576589.5, 5241277.0 ], [ 576589.5, 5241278.0 ], [ 576590.0, 5241278.0 ], [ 576590.0, 5241278.5 ], [ 576590.5, 5241278.5 ], [ 576590.5, 5241279.0 ], [ 576591.0, 5241279.0 ], [ 576591.0, 5241279.5 ], [ 576591.5, 5241279.5 ], [ 576591.5, 5241280.0 ], [ 576592.0, 5241280.0 ], [ 576592.0, 5241280.5 ], [ 576592.5, 5241280.5 ], [ 576592.5, 5241281.0 ] ], [ [ 576311.0, 5241273.0 ], [ 576311.5, 5241273.0 ], [ 576311.5, 5241272.5 ], [ 576311.0, 5241272.5 ], [ 576311.0, 5241273.0 ] ], [ [ 576310.5, 5241272.5 ], [ 576311.0, 5241272.5 ], [ 576311.0, 5241272.0 ], [ 576310.5, 5241272.0 ], [ 576310.5, 5241272.5 ] ], [ [ 576310.0, 5241272.0 ], [ 576310.5, 5241272.0 ], [ 576310.5, 5241271.0 ], [ 576310.0, 5241271.0 ], [ 576310.0, 5241270.5 ], [ 576309.5, 5241270.5 ], [ 576309.5, 5241269.5 ], [ 576309.0, 5241269.5 ], [ 576309.0, 5241269.0 ], [ 576308.5, 5241269.0 ], [ 576308.5, 5241268.0 ], [ 576308.0, 5241268.0 ], [ 576308.0, 5241267.0 ], [ 576307.5, 5241267.0 ], [ 576307.5, 5241266.5 ], [ 576307.0, 5241266.5 ], [ 576307.0, 5241265.5 ], [ 576306.5, 5241265.5 ], [ 576306.5, 5241265.0 ], [ 576306.0, 5241265.0 ], [ 576306.0, 5241264.0 ], [ 576305.5, 5241264.0 ], [ 576305.5, 5241263.5 ], [ 576305.0, 5241263.5 ], [ 576305.0, 5241262.5 ], [ 576304.5, 5241262.5 ], [ 576304.5, 5241262.0 ], [ 576304.0, 5241262.0 ], [ 576304.0, 5241261.0 ], [ 576303.5, 5241261.0 ], [ 576303.5, 5241260.5 ], [ 576303.0, 5241260.5 ], [ 576303.0, 5241260.0 ], [ 576302.5, 5241260.0 ], [ 576302.5, 5241260.5 ], [ 576302.0, 5241260.5 ], [ 576302.0, 5241261.0 ], [ 576302.5, 5241261.0 ], [ 576302.5, 5241261.5 ], [ 576303.0, 5241261.5 ], [ 576303.0, 5241262.0 ], [ 576303.5, 5241262.0 ], [ 576303.5, 5241262.5 ], [ 576304.0, 5241262.5 ], [ 576304.0, 5241263.0 ], [ 576304.5, 5241263.0 ], [ 576304.5, 5241264.5 ], [ 576305.0, 5241264.5 ], [ 576305.0, 5241265.0 ], [ 576305.5, 5241265.0 ], [ 576305.5, 5241265.5 ], [ 576305.0, 5241265.5 ], [ 576305.0, 5241266.0 ], [ 576304.5, 5241266.0 ], [ 576304.5, 5241266.5 ], [ 576305.0, 5241266.5 ], [ 576305.0, 5241267.0 ], [ 576305.5, 5241267.0 ], [ 576305.5, 5241267.5 ], [ 576306.0, 5241267.5 ], [ 576306.0, 5241268.0 ], [ 576306.5, 5241268.0 ], [ 576306.5, 5241268.5 ], [ 576307.0, 5241268.5 ], [ 576307.0, 5241269.0 ], [ 576307.5, 5241269.0 ], [ 576307.5, 5241269.5 ], [ 576308.0, 5241269.5 ], [ 576308.0, 5241270.0 ], [ 576308.5, 5241270.0 ], [ 576308.5, 5241270.5 ], [ 576309.0, 5241270.5 ], [ 576309.0, 5241271.0 ], [ 576309.5, 5241271.0 ], [ 576309.5, 5241271.5 ], [ 576310.0, 5241271.5 ], [ 576310.0, 5241272.0 ] ], [ [ 576551.5, 5241261.5 ], [ 576552.0, 5241261.5 ], [ 576552.0, 5241261.0 ], [ 576552.5, 5241261.0 ], [ 576552.5, 5241260.5 ], [ 576553.0, 5241260.5 ], [ 576553.0, 5241260.0 ], [ 576554.0, 5241260.0 ], [ 576554.0, 5241260.5 ], [ 576554.5, 5241260.5 ], [ 576554.5, 5241260.0 ], [ 576555.0, 5241260.0 ], [ 576555.0, 5241259.5 ], [ 576555.5, 5241259.5 ], [ 576555.5, 5241259.0 ], [ 576556.0, 5241259.0 ], [ 576556.0, 5241258.5 ], [ 576556.5, 5241258.5 ], [ 576556.5, 5241258.0 ], [ 576557.0, 5241258.0 ], [ 576557.0, 5241257.5 ], [ 576557.5, 5241257.5 ], [ 576557.5, 5241257.0 ], [ 576558.0, 5241257.0 ], [ 576558.0, 5241256.5 ], [ 576558.5, 5241256.5 ], [ 576558.5, 5241256.0 ], [ 576559.0, 5241256.0 ], [ 576559.0, 5241255.5 ], [ 576559.5, 5241255.5 ], [ 576559.5, 5241255.0 ], [ 576560.0, 5241255.0 ], [ 576560.0, 5241254.5 ], [ 576560.5, 5241254.5 ], [ 576560.5, 5241254.0 ], [ 576561.0, 5241254.0 ], [ 576561.0, 5241253.5 ], [ 576560.5, 5241253.5 ], [ 576560.5, 5241253.0 ], [ 576560.0, 5241253.0 ], [ 576560.0, 5241252.5 ], [ 576559.5, 5241252.5 ], [ 576559.5, 5241252.0 ], [ 576559.0, 5241252.0 ], [ 576559.0, 5241251.5 ], [ 576558.5, 5241251.5 ], [ 576558.5, 5241251.0 ], [ 576558.0, 5241251.0 ], [ 576558.0, 5241250.5 ], [ 576557.5, 5241250.5 ], [ 576557.5, 5241250.0 ], [ 576557.0, 5241250.0 ], [ 576557.0, 5241248.5 ], [ 576557.5, 5241248.5 ], [ 576557.5, 5241248.0 ], [ 576557.0, 5241248.0 ], [ 576557.0, 5241247.5 ], [ 576556.5, 5241247.5 ], [ 576556.5, 5241247.0 ], [ 576557.0, 5241247.0 ], [ 576557.0, 5241246.5 ], [ 576556.5, 5241246.5 ], [ 576556.5, 5241246.0 ], [ 576557.0, 5241246.0 ], [ 576557.0, 5241245.5 ], [ 576557.5, 5241245.5 ], [ 576557.5, 5241245.0 ], [ 576558.0, 5241245.0 ], [ 576558.0, 5241244.5 ], [ 576558.5, 5241244.5 ], [ 576558.5, 5241244.0 ], [ 576559.0, 5241244.0 ], [ 576559.0, 5241243.5 ], [ 576559.5, 5241243.5 ], [ 576559.5, 5241243.0 ], [ 576560.0, 5241243.0 ], [ 576560.0, 5241242.5 ], [ 576560.5, 5241242.5 ], [ 576560.5, 5241242.0 ], [ 576561.0, 5241242.0 ], [ 576561.0, 5241241.5 ], [ 576561.5, 5241241.5 ], [ 576561.5, 5241240.5 ], [ 576561.0, 5241240.5 ], [ 576561.0, 5241240.0 ], [ 576560.5, 5241240.0 ], [ 576560.5, 5241239.5 ], [ 576560.0, 5241239.5 ], [ 576560.0, 5241239.0 ], [ 576559.5, 5241239.0 ], [ 576559.5, 5241238.5 ], [ 576559.0, 5241238.5 ], [ 576559.0, 5241238.0 ], [ 576558.5, 5241238.0 ], [ 576558.5, 5241237.5 ], [ 576558.0, 5241237.5 ], [ 576558.0, 5241237.0 ], [ 576557.5, 5241237.0 ], [ 576557.5, 5241236.5 ], [ 576557.0, 5241236.5 ], [ 576557.0, 5241236.0 ], [ 576556.5, 5241236.0 ], [ 576556.5, 5241235.5 ], [ 576556.0, 5241235.5 ], [ 576556.0, 5241235.0 ], [ 576555.5, 5241235.0 ], [ 576555.5, 5241234.5 ], [ 576555.0, 5241234.5 ], [ 576555.0, 5241234.0 ], [ 576554.5, 5241234.0 ], [ 576554.5, 5241233.5 ], [ 576553.5, 5241233.5 ], [ 576553.5, 5241234.0 ], [ 576553.0, 5241234.0 ], [ 576553.0, 5241233.5 ], [ 576552.5, 5241233.5 ], [ 576552.5, 5241233.0 ], [ 576552.0, 5241233.0 ], [ 576552.0, 5241232.5 ], [ 576552.5, 5241232.5 ], [ 576552.5, 5241231.0 ], [ 576552.0, 5241231.0 ], [ 576552.0, 5241230.5 ], [ 576551.5, 5241230.5 ], [ 576551.5, 5241230.0 ], [ 576552.0, 5241230.0 ], [ 576552.0, 5241229.5 ], [ 576552.5, 5241229.5 ], [ 576552.5, 5241229.0 ], [ 576552.0, 5241229.0 ], [ 576552.0, 5241228.5 ], [ 576551.5, 5241228.5 ], [ 576551.5, 5241224.5 ], [ 576551.0, 5241224.5 ], [ 576551.0, 5241226.5 ], [ 576550.5, 5241226.5 ], [ 576550.5, 5241231.0 ], [ 576550.0, 5241231.0 ], [ 576550.0, 5241235.0 ], [ 576549.5, 5241235.0 ], [ 576549.5, 5241239.0 ], [ 576549.0, 5241239.0 ], [ 576549.0, 5241243.0 ], [ 576548.5, 5241243.0 ], [ 576548.5, 5241247.0 ], [ 576548.0, 5241247.0 ], [ 576548.0, 5241251.0 ], [ 576547.5, 5241251.0 ], [ 576547.5, 5241255.0 ], [ 576547.0, 5241255.0 ], [ 576547.0, 5241258.5 ], [ 576547.5, 5241258.5 ], [ 576547.5, 5241258.0 ], [ 576548.5, 5241258.0 ], [ 576548.5, 5241258.5 ], [ 576549.0, 5241258.5 ], [ 576549.0, 5241259.0 ], [ 576549.5, 5241259.0 ], [ 576549.5, 5241259.5 ], [ 576550.0, 5241259.5 ], [ 576550.0, 5241260.0 ], [ 576550.5, 5241260.0 ], [ 576550.5, 5241260.5 ], [ 576551.0, 5241260.5 ], [ 576551.0, 5241261.0 ], [ 576551.5, 5241261.0 ], [ 576551.5, 5241261.5 ] ], [ [ 576300.5, 5241256.5 ], [ 576301.0, 5241256.5 ], [ 576301.0, 5241256.0 ], [ 576300.5, 5241256.0 ], [ 576300.5, 5241256.5 ] ], [ [ 576300.0, 5241256.0 ], [ 576300.5, 5241256.0 ], [ 576300.5, 5241255.0 ], [ 576300.0, 5241255.0 ], [ 576300.0, 5241254.0 ], [ 576299.5, 5241254.0 ], [ 576299.5, 5241253.0 ], [ 576299.0, 5241253.0 ], [ 576299.0, 5241252.5 ], [ 576298.5, 5241252.5 ], [ 576298.5, 5241252.0 ], [ 576298.0, 5241252.0 ], [ 576298.0, 5241252.5 ], [ 576297.5, 5241252.5 ], [ 576297.5, 5241253.5 ], [ 576298.0, 5241253.5 ], [ 576298.0, 5241254.0 ], [ 576298.5, 5241254.0 ], [ 576298.5, 5241254.5 ], [ 576299.0, 5241254.5 ], [ 576299.0, 5241255.0 ], [ 576299.5, 5241255.0 ], [ 576299.5, 5241255.5 ], [ 576300.0, 5241255.5 ], [ 576300.0, 5241256.0 ] ], [ [ 576296.5, 5241251.0 ], [ 576297.0, 5241251.0 ], [ 576297.0, 5241250.5 ], [ 576297.5, 5241250.5 ], [ 576297.5, 5241250.0 ], [ 576296.5, 5241250.0 ], [ 576296.5, 5241249.5 ], [ 576296.0, 5241249.5 ], [ 576296.0, 5241249.0 ], [ 576295.5, 5241249.0 ], [ 576295.5, 5241248.5 ], [ 576295.0, 5241248.5 ], [ 576295.0, 5241248.0 ], [ 576294.5, 5241248.0 ], [ 576294.5, 5241247.5 ], [ 576293.5, 5241247.5 ], [ 576293.5, 5241248.0 ], [ 576294.0, 5241248.0 ], [ 576294.0, 5241248.5 ], [ 576294.5, 5241248.5 ], [ 576294.5, 5241249.0 ], [ 576295.0, 5241249.0 ], [ 576295.0, 5241249.5 ], [ 576295.5, 5241249.5 ], [ 576295.5, 5241250.0 ], [ 576296.0, 5241250.0 ], [ 576296.0, 5241250.5 ], [ 576296.5, 5241250.5 ], [ 576296.5, 5241251.0 ] ], [ [ 576287.0, 5241248.0 ], [ 576287.5, 5241248.0 ], [ 576287.5, 5241247.5 ], [ 576288.0, 5241247.5 ], [ 576288.0, 5241247.0 ], [ 576288.5, 5241247.0 ], [ 576288.5, 5241246.5 ], [ 576289.0, 5241246.5 ], [ 576289.0, 5241246.0 ], [ 576289.5, 5241246.0 ], [ 576289.5, 5241245.5 ], [ 576290.0, 5241245.5 ], [ 576290.0, 5241245.0 ], [ 576291.0, 5241245.0 ], [ 576291.0, 5241244.5 ], [ 576290.5, 5241244.5 ], [ 576290.5, 5241243.5 ], [ 576290.0, 5241243.5 ], [ 576290.0, 5241242.0 ], [ 576289.5, 5241242.0 ], [ 576289.5, 5241241.0 ], [ 576289.0, 5241241.0 ], [ 576289.0, 5241240.0 ], [ 576288.5, 5241240.0 ], [ 576288.5, 5241239.0 ], [ 576288.0, 5241239.0 ], [ 576288.0, 5241237.5 ], [ 576287.5, 5241237.5 ], [ 576287.5, 5241236.5 ], [ 576287.0, 5241236.5 ], [ 576287.0, 5241235.5 ], [ 576286.5, 5241235.5 ], [ 576286.5, 5241234.5 ], [ 576286.0, 5241234.5 ], [ 576286.0, 5241233.0 ], [ 576285.5, 5241233.0 ], [ 576285.5, 5241232.0 ], [ 576285.0, 5241232.0 ], [ 576285.0, 5241231.0 ], [ 576284.5, 5241231.0 ], [ 576284.5, 5241230.0 ], [ 576284.0, 5241230.0 ], [ 576284.0, 5241228.5 ], [ 576283.5, 5241228.5 ], [ 576283.5, 5241227.5 ], [ 576283.0, 5241227.5 ], [ 576283.0, 5241226.5 ], [ 576282.5, 5241226.5 ], [ 576282.5, 5241225.5 ], [ 576282.0, 5241225.5 ], [ 576282.0, 5241224.0 ], [ 576281.5, 5241224.0 ], [ 576281.5, 5241223.0 ], [ 576281.0, 5241223.0 ], [ 576281.0, 5241222.0 ], [ 576280.5, 5241222.0 ], [ 576280.5, 5241221.0 ], [ 576280.0, 5241221.0 ], [ 576280.0, 5241219.5 ], [ 576279.5, 5241219.5 ], [ 576279.5, 5241218.5 ], [ 576279.0, 5241218.5 ], [ 576279.0, 5241217.5 ], [ 576278.5, 5241217.5 ], [ 576278.5, 5241216.5 ], [ 576278.0, 5241216.5 ], [ 576278.0, 5241215.0 ], [ 576277.5, 5241215.0 ], [ 576277.5, 5241214.0 ], [ 576277.0, 5241214.0 ], [ 576277.0, 5241214.5 ], [ 576276.5, 5241214.5 ], [ 576276.5, 5241215.0 ], [ 576276.0, 5241215.0 ], [ 576276.0, 5241215.5 ], [ 576276.5, 5241215.5 ], [ 576276.5, 5241216.5 ], [ 576276.0, 5241216.5 ], [ 576276.0, 5241217.0 ], [ 576275.5, 5241217.0 ], [ 576275.5, 5241217.5 ], [ 576276.0, 5241217.5 ], [ 576276.0, 5241218.0 ], [ 576275.5, 5241218.0 ], [ 576275.5, 5241218.5 ], [ 576276.0, 5241218.5 ], [ 576276.0, 5241219.0 ], [ 576275.5, 5241219.0 ], [ 576275.5, 5241219.5 ], [ 576276.0, 5241219.5 ], [ 576276.0, 5241220.0 ], [ 576275.5, 5241220.0 ], [ 576275.5, 5241220.5 ], [ 576275.0, 5241220.5 ], [ 576275.0, 5241221.0 ], [ 576274.5, 5241221.0 ], [ 576274.5, 5241221.5 ], [ 576274.0, 5241221.5 ], [ 576274.0, 5241222.0 ], [ 576273.5, 5241222.0 ], [ 576273.5, 5241223.0 ], [ 576274.0, 5241223.0 ], [ 576274.0, 5241223.5 ], [ 576273.5, 5241223.5 ], [ 576273.5, 5241224.5 ], [ 576273.0, 5241224.5 ], [ 576273.0, 5241225.5 ], [ 576272.5, 5241225.5 ], [ 576272.5, 5241226.0 ], [ 576273.0, 5241226.0 ], [ 576273.0, 5241226.5 ], [ 576272.5, 5241226.5 ], [ 576272.5, 5241228.0 ], [ 576272.0, 5241228.0 ], [ 576272.0, 5241228.5 ], [ 576271.5, 5241228.5 ], [ 576271.5, 5241229.0 ], [ 576271.0, 5241229.0 ], [ 576271.0, 5241229.5 ], [ 576270.5, 5241229.5 ], [ 576270.5, 5241230.5 ], [ 576271.0, 5241230.5 ], [ 576271.0, 5241231.0 ], [ 576271.5, 5241231.0 ], [ 576271.5, 5241231.5 ], [ 576272.0, 5241231.5 ], [ 576272.0, 5241232.0 ], [ 576272.5, 5241232.0 ], [ 576272.5, 5241232.5 ], [ 576273.0, 5241232.5 ], [ 576273.0, 5241233.0 ], [ 576273.5, 5241233.0 ], [ 576273.5, 5241233.5 ], [ 576274.0, 5241233.5 ], [ 576274.0, 5241234.0 ], [ 576274.5, 5241234.0 ], [ 576274.5, 5241234.5 ], [ 576275.0, 5241234.5 ], [ 576275.0, 5241235.0 ], [ 576275.5, 5241235.0 ], [ 576275.5, 5241235.5 ], [ 576276.0, 5241235.5 ], [ 576276.0, 5241236.0 ], [ 576276.5, 5241236.0 ], [ 576276.5, 5241236.5 ], [ 576277.0, 5241236.5 ], [ 576277.0, 5241236.0 ], [ 576278.0, 5241236.0 ], [ 576278.0, 5241236.5 ], [ 576278.5, 5241236.5 ], [ 576278.5, 5241237.0 ], [ 576278.0, 5241237.0 ], [ 576278.0, 5241237.5 ], [ 576277.5, 5241237.5 ], [ 576277.5, 5241238.0 ], [ 576277.0, 5241238.0 ], [ 576277.0, 5241238.5 ], [ 576276.5, 5241238.5 ], [ 576276.5, 5241239.0 ], [ 576276.0, 5241239.0 ], [ 576276.0, 5241239.5 ], [ 576275.5, 5241239.5 ], [ 576275.5, 5241240.5 ], [ 576276.0, 5241240.5 ], [ 576276.0, 5241241.0 ], [ 576276.5, 5241241.0 ], [ 576276.5, 5241241.5 ], [ 576277.0, 5241241.5 ], [ 576277.0, 5241242.0 ], [ 576277.5, 5241242.0 ], [ 576277.5, 5241242.5 ], [ 576278.0, 5241242.5 ], [ 576278.0, 5241243.0 ], [ 576278.5, 5241243.0 ], [ 576278.5, 5241243.5 ], [ 576279.0, 5241243.5 ], [ 576279.0, 5241244.0 ], [ 576279.5, 5241244.0 ], [ 576279.5, 5241244.5 ], [ 576280.0, 5241244.5 ], [ 576280.0, 5241245.0 ], [ 576280.5, 5241245.0 ], [ 576280.5, 5241245.5 ], [ 576281.5, 5241245.5 ], [ 576281.5, 5241246.0 ], [ 576282.0, 5241246.0 ], [ 576282.0, 5241246.5 ], [ 576283.0, 5241246.5 ], [ 576283.0, 5241247.0 ], [ 576283.5, 5241247.0 ], [ 576283.5, 5241247.5 ], [ 576285.0, 5241247.5 ], [ 576285.0, 5241247.0 ], [ 576285.5, 5241247.0 ], [ 576285.5, 5241247.5 ], [ 576286.0, 5241247.5 ], [ 576286.0, 5241247.0 ], [ 576286.5, 5241247.0 ], [ 576286.5, 5241247.5 ], [ 576287.0, 5241247.5 ], [ 576287.0, 5241248.0 ] ], [ [ 576293.0, 5241247.5 ], [ 576293.5, 5241247.5 ], [ 576293.5, 5241247.0 ], [ 576293.0, 5241247.0 ], [ 576293.0, 5241247.5 ] ], [ [ 576292.5, 5241247.0 ], [ 576293.0, 5241247.0 ], [ 576293.0, 5241246.5 ], [ 576292.5, 5241246.5 ], [ 576292.5, 5241247.0 ] ], [ [ 576292.0, 5241246.5 ], [ 576292.5, 5241246.5 ], [ 576292.5, 5241246.0 ], [ 576292.0, 5241246.0 ], [ 576292.0, 5241246.5 ] ], [ [ 576291.5, 5241246.0 ], [ 576292.0, 5241246.0 ], [ 576292.0, 5241245.5 ], [ 576291.5, 5241245.5 ], [ 576291.5, 5241246.0 ] ], [ [ 576291.0, 5241245.5 ], [ 576291.5, 5241245.5 ], [ 576291.5, 5241245.0 ], [ 576291.0, 5241245.0 ], [ 576291.0, 5241245.5 ] ], [ [ 576551.0, 5241224.0 ], [ 576551.5, 5241224.0 ], [ 576551.5, 5241223.5 ], [ 576552.0, 5241223.5 ], [ 576552.0, 5241223.0 ], [ 576551.5, 5241223.0 ], [ 576551.5, 5241222.5 ], [ 576552.0, 5241222.5 ], [ 576552.0, 5241222.0 ], [ 576552.5, 5241222.0 ], [ 576552.5, 5241222.5 ], [ 576553.0, 5241222.5 ], [ 576553.0, 5241222.0 ], [ 576553.5, 5241222.0 ], [ 576553.5, 5241221.5 ], [ 576554.0, 5241221.5 ], [ 576554.0, 5241221.0 ], [ 576554.5, 5241221.0 ], [ 576554.5, 5241220.5 ], [ 576555.0, 5241220.5 ], [ 576555.0, 5241220.0 ], [ 576555.5, 5241220.0 ], [ 576555.5, 5241219.5 ], [ 576556.0, 5241219.5 ], [ 576556.0, 5241219.0 ], [ 576556.5, 5241219.0 ], [ 576556.5, 5241218.5 ], [ 576557.0, 5241218.5 ], [ 576557.0, 5241218.0 ], [ 576557.5, 5241218.0 ], [ 576557.5, 5241217.5 ], [ 576558.0, 5241217.5 ], [ 576558.0, 5241217.0 ], [ 576558.5, 5241217.0 ], [ 576558.5, 5241216.5 ], [ 576559.0, 5241216.5 ], [ 576559.0, 5241215.5 ], [ 576558.5, 5241215.5 ], [ 576558.5, 5241215.0 ], [ 576559.0, 5241215.0 ], [ 576559.0, 5241214.5 ], [ 576558.5, 5241214.5 ], [ 576558.5, 5241214.0 ], [ 576558.0, 5241214.0 ], [ 576558.0, 5241213.5 ], [ 576557.5, 5241213.5 ], [ 576557.5, 5241213.0 ], [ 576557.0, 5241213.0 ], [ 576557.0, 5241212.5 ], [ 576556.5, 5241212.5 ], [ 576556.5, 5241212.0 ], [ 576556.0, 5241212.0 ], [ 576556.0, 5241211.5 ], [ 576555.5, 5241211.5 ], [ 576555.5, 5241211.0 ], [ 576555.0, 5241211.0 ], [ 576555.0, 5241210.5 ], [ 576554.5, 5241210.5 ], [ 576554.5, 5241210.0 ], [ 576554.0, 5241210.0 ], [ 576554.0, 5241209.5 ], [ 576553.5, 5241209.5 ], [ 576553.5, 5241209.0 ], [ 576554.0, 5241209.0 ], [ 576554.0, 5241208.5 ], [ 576554.5, 5241208.5 ], [ 576554.5, 5241208.0 ], [ 576555.0, 5241208.0 ], [ 576555.0, 5241207.5 ], [ 576555.5, 5241207.5 ], [ 576555.5, 5241207.0 ], [ 576556.0, 5241207.0 ], [ 576556.0, 5241206.5 ], [ 576555.5, 5241206.5 ], [ 576555.5, 5241206.0 ], [ 576555.0, 5241206.0 ], [ 576555.0, 5241205.5 ], [ 576554.5, 5241205.5 ], [ 576554.5, 5241205.0 ], [ 576554.0, 5241205.0 ], [ 576554.0, 5241204.5 ], [ 576553.5, 5241204.5 ], [ 576553.5, 5241204.0 ], [ 576553.0, 5241204.0 ], [ 576553.0, 5241203.5 ], [ 576552.5, 5241203.5 ], [ 576552.5, 5241203.0 ], [ 576552.0, 5241203.0 ], [ 576552.0, 5241202.5 ], [ 576551.5, 5241202.5 ], [ 576551.5, 5241202.0 ], [ 576551.0, 5241202.0 ], [ 576551.0, 5241201.5 ], [ 576550.5, 5241201.5 ], [ 576550.5, 5241201.0 ], [ 576550.0, 5241201.0 ], [ 576550.0, 5241200.5 ], [ 576549.5, 5241200.5 ], [ 576549.5, 5241200.0 ], [ 576549.0, 5241200.0 ], [ 576549.0, 5241199.5 ], [ 576548.5, 5241199.5 ], [ 576548.5, 5241200.0 ], [ 576548.0, 5241200.0 ], [ 576548.0, 5241199.5 ], [ 576547.0, 5241199.5 ], [ 576547.0, 5241199.0 ], [ 576546.5, 5241199.0 ], [ 576546.5, 5241198.5 ], [ 576546.0, 5241198.5 ], [ 576546.0, 5241198.0 ], [ 576545.5, 5241198.0 ], [ 576545.5, 5241197.5 ], [ 576544.5, 5241197.5 ], [ 576544.5, 5241197.0 ], [ 576544.0, 5241197.0 ], [ 576544.0, 5241196.5 ], [ 576543.5, 5241196.5 ], [ 576543.5, 5241195.5 ], [ 576544.0, 5241195.5 ], [ 576544.0, 5241195.0 ], [ 576543.5, 5241195.0 ], [ 576543.5, 5241194.5 ], [ 576543.0, 5241194.5 ], [ 576543.0, 5241194.0 ], [ 576542.5, 5241194.0 ], [ 576542.5, 5241193.5 ], [ 576542.0, 5241193.5 ], [ 576542.0, 5241193.0 ], [ 576542.5, 5241193.0 ], [ 576542.5, 5241192.5 ], [ 576543.0, 5241192.5 ], [ 576543.0, 5241192.0 ], [ 576543.5, 5241192.0 ], [ 576543.5, 5241191.5 ], [ 576544.0, 5241191.5 ], [ 576544.0, 5241191.0 ], [ 576544.5, 5241191.0 ], [ 576544.5, 5241190.5 ], [ 576545.0, 5241190.5 ], [ 576545.0, 5241190.0 ], [ 576546.5, 5241190.0 ], [ 576546.5, 5241190.5 ], [ 576547.0, 5241190.5 ], [ 576547.0, 5241191.0 ], [ 576548.0, 5241191.0 ], [ 576548.0, 5241191.5 ], [ 576548.5, 5241191.5 ], [ 576548.5, 5241192.0 ], [ 576549.0, 5241192.0 ], [ 576549.0, 5241192.5 ], [ 576549.5, 5241192.5 ], [ 576549.5, 5241193.0 ], [ 576550.0, 5241193.0 ], [ 576550.0, 5241193.5 ], [ 576550.5, 5241193.5 ], [ 576550.5, 5241194.0 ], [ 576551.0, 5241194.0 ], [ 576551.0, 5241194.5 ], [ 576551.5, 5241194.5 ], [ 576551.5, 5241195.0 ], [ 576552.0, 5241195.0 ], [ 576552.0, 5241195.5 ], [ 576552.5, 5241195.5 ], [ 576552.5, 5241196.0 ], [ 576553.5, 5241196.0 ], [ 576553.5, 5241195.5 ], [ 576554.0, 5241195.5 ], [ 576554.0, 5241195.0 ], [ 576554.5, 5241195.0 ], [ 576554.5, 5241194.5 ], [ 576555.0, 5241194.5 ], [ 576555.0, 5241194.0 ], [ 576555.5, 5241194.0 ], [ 576555.5, 5241193.5 ], [ 576556.0, 5241193.5 ], [ 576556.0, 5241193.0 ], [ 576556.5, 5241193.0 ], [ 576556.5, 5241192.5 ], [ 576557.0, 5241192.5 ], [ 576557.0, 5241192.0 ], [ 576557.5, 5241192.0 ], [ 576557.5, 5241191.5 ], [ 576558.0, 5241191.5 ], [ 576558.0, 5241191.0 ], [ 576558.5, 5241191.0 ], [ 576558.5, 5241190.5 ], [ 576559.0, 5241190.5 ], [ 576559.0, 5241190.0 ], [ 576558.5, 5241190.0 ], [ 576558.5, 5241189.5 ], [ 576558.0, 5241189.5 ], [ 576558.0, 5241189.0 ], [ 576557.5, 5241189.0 ], [ 576557.5, 5241188.5 ], [ 576557.0, 5241188.5 ], [ 576557.0, 5241187.5 ], [ 576556.5, 5241187.5 ], [ 576556.5, 5241186.5 ], [ 576557.0, 5241186.5 ], [ 576557.0, 5241186.0 ], [ 576557.5, 5241186.0 ], [ 576557.5, 5241185.5 ], [ 576558.0, 5241185.5 ], [ 576558.0, 5241185.0 ], [ 576557.5, 5241185.0 ], [ 576557.5, 5241184.5 ], [ 576557.0, 5241184.5 ], [ 576557.0, 5241184.0 ], [ 576556.5, 5241184.0 ], [ 576556.5, 5241183.5 ], [ 576556.0, 5241183.5 ], [ 576556.0, 5241183.0 ], [ 576555.5, 5241183.0 ], [ 576555.5, 5241182.5 ], [ 576555.0, 5241182.5 ], [ 576555.0, 5241182.0 ], [ 576554.5, 5241182.0 ], [ 576554.5, 5241181.5 ], [ 576554.0, 5241181.5 ], [ 576554.0, 5241181.0 ], [ 576553.5, 5241181.0 ], [ 576553.5, 5241180.5 ], [ 576553.0, 5241180.5 ], [ 576553.0, 5241180.0 ], [ 576552.0, 5241180.0 ], [ 576552.0, 5241180.5 ], [ 576551.5, 5241180.5 ], [ 576551.5, 5241180.0 ], [ 576551.0, 5241180.0 ], [ 576551.0, 5241179.5 ], [ 576550.5, 5241179.5 ], [ 576550.5, 5241178.0 ], [ 576550.0, 5241178.0 ], [ 576550.0, 5241177.5 ], [ 576549.5, 5241177.5 ], [ 576549.5, 5241176.5 ], [ 576550.0, 5241176.5 ], [ 576550.0, 5241176.0 ], [ 576550.5, 5241176.0 ], [ 576550.5, 5241175.5 ], [ 576551.0, 5241175.5 ], [ 576551.0, 5241175.0 ], [ 576551.5, 5241175.0 ], [ 576551.5, 5241174.5 ], [ 576552.0, 5241174.5 ], [ 576552.0, 5241174.0 ], [ 576552.5, 5241174.0 ], [ 576552.5, 5241173.5 ], [ 576553.0, 5241173.5 ], [ 576553.0, 5241173.0 ], [ 576552.5, 5241173.0 ], [ 576552.5, 5241172.5 ], [ 576552.0, 5241172.5 ], [ 576552.0, 5241172.0 ], [ 576551.5, 5241172.0 ], [ 576551.5, 5241171.0 ], [ 576551.0, 5241171.0 ], [ 576551.0, 5241170.5 ], [ 576550.5, 5241170.5 ], [ 576550.5, 5241170.0 ], [ 576550.0, 5241170.0 ], [ 576550.0, 5241169.5 ], [ 576549.5, 5241169.5 ], [ 576549.5, 5241169.0 ], [ 576549.0, 5241169.0 ], [ 576549.0, 5241168.5 ], [ 576548.5, 5241168.5 ], [ 576548.5, 5241167.5 ], [ 576549.0, 5241167.5 ], [ 576549.0, 5241167.0 ], [ 576549.5, 5241167.0 ], [ 576549.5, 5241166.5 ], [ 576550.0, 5241166.5 ], [ 576550.0, 5241166.0 ], [ 576550.5, 5241166.0 ], [ 576550.5, 5241165.5 ], [ 576551.0, 5241165.5 ], [ 576551.0, 5241165.0 ], [ 576551.5, 5241165.0 ], [ 576551.5, 5241164.5 ], [ 576552.0, 5241164.5 ], [ 576552.0, 5241164.0 ], [ 576552.5, 5241164.0 ], [ 576552.5, 5241163.5 ], [ 576553.0, 5241163.5 ], [ 576553.0, 5241163.0 ], [ 576552.5, 5241163.0 ], [ 576552.5, 5241162.5 ], [ 576552.0, 5241162.5 ], [ 576552.0, 5241161.5 ], [ 576552.5, 5241161.5 ], [ 576552.5, 5241160.0 ], [ 576552.0, 5241160.0 ], [ 576552.0, 5241159.5 ], [ 576551.5, 5241159.5 ], [ 576551.5, 5241159.0 ], [ 576551.0, 5241159.0 ], [ 576551.0, 5241158.5 ], [ 576550.5, 5241158.5 ], [ 576550.5, 5241158.0 ], [ 576550.0, 5241158.0 ], [ 576550.0, 5241157.5 ], [ 576549.5, 5241157.5 ], [ 576549.5, 5241157.0 ], [ 576549.0, 5241157.0 ], [ 576549.0, 5241156.5 ], [ 576548.5, 5241156.5 ], [ 576548.5, 5241156.0 ], [ 576548.0, 5241156.0 ], [ 576548.0, 5241155.5 ], [ 576548.5, 5241155.5 ], [ 576548.5, 5241155.0 ], [ 576549.5, 5241155.0 ], [ 576549.5, 5241155.5 ], [ 576550.0, 5241155.5 ], [ 576550.0, 5241156.0 ], [ 576550.5, 5241156.0 ], [ 576550.5, 5241155.5 ], [ 576551.0, 5241155.5 ], [ 576551.0, 5241155.0 ], [ 576551.5, 5241155.0 ], [ 576551.5, 5241154.5 ], [ 576552.0, 5241154.5 ], [ 576552.0, 5241154.0 ], [ 576552.5, 5241154.0 ], [ 576552.5, 5241153.5 ], [ 576553.0, 5241153.5 ], [ 576553.0, 5241153.0 ], [ 576553.5, 5241153.0 ], [ 576553.5, 5241152.5 ], [ 576554.0, 5241152.5 ], [ 576554.0, 5241152.0 ], [ 576554.5, 5241152.0 ], [ 576554.5, 5241151.5 ], [ 576555.0, 5241151.5 ], [ 576555.0, 5241151.0 ], [ 576555.5, 5241151.0 ], [ 576555.5, 5241150.5 ], [ 576555.0, 5241150.5 ], [ 576555.0, 5241150.0 ], [ 576554.5, 5241150.0 ], [ 576554.5, 5241149.5 ], [ 576555.0, 5241149.5 ], [ 576555.0, 5241148.0 ], [ 576554.5, 5241148.0 ], [ 576554.5, 5241147.5 ], [ 576554.0, 5241147.5 ], [ 576554.0, 5241147.0 ], [ 576553.5, 5241147.0 ], [ 576553.5, 5241146.5 ], [ 576553.0, 5241146.5 ], [ 576553.0, 5241146.0 ], [ 576552.5, 5241146.0 ], [ 576552.5, 5241145.5 ], [ 576552.0, 5241145.5 ], [ 576552.0, 5241145.0 ], [ 576551.5, 5241145.0 ], [ 576551.5, 5241144.5 ], [ 576551.0, 5241144.5 ], [ 576551.0, 5241144.0 ], [ 576550.5, 5241144.0 ], [ 576550.5, 5241143.5 ], [ 576550.0, 5241143.5 ], [ 576550.0, 5241143.0 ], [ 576549.5, 5241143.0 ], [ 576549.5, 5241142.5 ], [ 576549.0, 5241142.5 ], [ 576549.0, 5241142.0 ], [ 576548.5, 5241142.0 ], [ 576548.5, 5241141.5 ], [ 576548.0, 5241141.5 ], [ 576548.0, 5241142.0 ], [ 576547.5, 5241142.0 ], [ 576547.5, 5241142.5 ], [ 576547.0, 5241142.5 ], [ 576547.0, 5241143.0 ], [ 576546.5, 5241143.0 ], [ 576546.5, 5241143.5 ], [ 576546.0, 5241143.5 ], [ 576546.0, 5241144.0 ], [ 576545.5, 5241144.0 ], [ 576545.5, 5241144.5 ], [ 576545.0, 5241144.5 ], [ 576545.0, 5241145.0 ], [ 576544.5, 5241145.0 ], [ 576544.5, 5241145.5 ], [ 576544.0, 5241145.5 ], [ 576544.0, 5241146.0 ], [ 576543.5, 5241146.0 ], [ 576543.5, 5241146.5 ], [ 576543.0, 5241146.5 ], [ 576543.0, 5241147.0 ], [ 576542.5, 5241147.0 ], [ 576542.5, 5241147.5 ], [ 576542.0, 5241147.5 ], [ 576542.0, 5241148.0 ], [ 576541.5, 5241148.0 ], [ 576541.5, 5241148.5 ], [ 576541.0, 5241148.5 ], [ 576541.0, 5241149.0 ], [ 576540.5, 5241149.0 ], [ 576540.5, 5241149.5 ], [ 576540.0, 5241149.5 ], [ 576540.0, 5241150.5 ], [ 576540.5, 5241150.5 ], [ 576540.5, 5241151.0 ], [ 576541.0, 5241151.0 ], [ 576541.0, 5241151.5 ], [ 576541.5, 5241151.5 ], [ 576541.5, 5241152.0 ], [ 576542.0, 5241152.0 ], [ 576542.0, 5241152.5 ], [ 576542.5, 5241152.5 ], [ 576542.5, 5241153.0 ], [ 576543.0, 5241153.0 ], [ 576543.0, 5241153.5 ], [ 576543.5, 5241153.5 ], [ 576543.5, 5241154.0 ], [ 576544.0, 5241154.0 ], [ 576544.0, 5241154.5 ], [ 576544.5, 5241154.5 ], [ 576544.5, 5241155.0 ], [ 576545.0, 5241155.0 ], [ 576545.0, 5241155.5 ], [ 576545.5, 5241155.5 ], [ 576545.5, 5241156.0 ], [ 576546.0, 5241156.0 ], [ 576546.0, 5241156.5 ], [ 576545.5, 5241156.5 ], [ 576545.5, 5241157.0 ], [ 576545.0, 5241157.0 ], [ 576545.0, 5241157.5 ], [ 576544.5, 5241157.5 ], [ 576544.5, 5241158.0 ], [ 576544.0, 5241158.0 ], [ 576544.0, 5241158.5 ], [ 576543.5, 5241158.5 ], [ 576543.5, 5241159.0 ], [ 576543.0, 5241159.0 ], [ 576543.0, 5241159.5 ], [ 576542.5, 5241159.5 ], [ 576542.5, 5241160.0 ], [ 576542.0, 5241160.0 ], [ 576542.0, 5241160.5 ], [ 576541.5, 5241160.5 ], [ 576541.5, 5241161.5 ], [ 576542.0, 5241161.5 ], [ 576542.0, 5241162.0 ], [ 576541.5, 5241162.0 ], [ 576541.5, 5241162.5 ], [ 576541.0, 5241162.5 ], [ 576541.0, 5241163.0 ], [ 576541.5, 5241163.0 ], [ 576541.5, 5241163.5 ], [ 576542.0, 5241163.5 ], [ 576542.0, 5241164.0 ], [ 576541.5, 5241164.0 ], [ 576541.5, 5241164.5 ], [ 576542.0, 5241164.5 ], [ 576542.0, 5241165.0 ], [ 576542.5, 5241165.0 ], [ 576542.5, 5241165.5 ], [ 576543.0, 5241165.5 ], [ 576543.0, 5241166.0 ], [ 576543.5, 5241166.0 ], [ 576543.5, 5241166.5 ], [ 576544.0, 5241166.5 ], [ 576544.0, 5241167.5 ], [ 576543.5, 5241167.5 ], [ 576543.5, 5241168.0 ], [ 576543.0, 5241168.0 ], [ 576543.0, 5241168.5 ], [ 576542.5, 5241168.5 ], [ 576542.5, 5241169.0 ], [ 576542.0, 5241169.0 ], [ 576542.0, 5241169.5 ], [ 576541.5, 5241169.5 ], [ 576541.5, 5241170.0 ], [ 576541.0, 5241170.0 ], [ 576541.0, 5241170.5 ], [ 576540.5, 5241170.5 ], [ 576540.5, 5241171.5 ], [ 576541.0, 5241171.5 ], [ 576541.0, 5241172.0 ], [ 576541.5, 5241172.0 ], [ 576541.5, 5241172.5 ], [ 576542.0, 5241172.5 ], [ 576542.0, 5241173.0 ], [ 576542.5, 5241173.0 ], [ 576542.5, 5241173.5 ], [ 576543.0, 5241173.5 ], [ 576543.0, 5241174.0 ], [ 576543.5, 5241174.0 ], [ 576543.5, 5241174.5 ], [ 576543.0, 5241174.5 ], [ 576543.0, 5241175.0 ], [ 576542.5, 5241175.0 ], [ 576542.5, 5241175.5 ], [ 576542.0, 5241175.5 ], [ 576542.0, 5241176.0 ], [ 576541.5, 5241176.0 ], [ 576541.5, 5241176.5 ], [ 576541.0, 5241176.5 ], [ 576541.0, 5241176.0 ], [ 576540.5, 5241176.0 ], [ 576540.5, 5241176.5 ], [ 576540.0, 5241176.5 ], [ 576540.0, 5241177.0 ], [ 576539.5, 5241177.0 ], [ 576539.5, 5241177.5 ], [ 576539.0, 5241177.5 ], [ 576539.0, 5241178.0 ], [ 576538.5, 5241178.0 ], [ 576538.5, 5241178.5 ], [ 576538.0, 5241178.5 ], [ 576538.0, 5241179.0 ], [ 576537.5, 5241179.0 ], [ 576537.5, 5241179.5 ], [ 576537.0, 5241179.5 ], [ 576537.0, 5241180.0 ], [ 576536.5, 5241180.0 ], [ 576536.5, 5241180.5 ], [ 576536.0, 5241180.5 ], [ 576536.0, 5241181.0 ], [ 576535.5, 5241181.0 ], [ 576535.5, 5241181.5 ], [ 576536.0, 5241181.5 ], [ 576536.0, 5241182.0 ], [ 576535.5, 5241182.0 ], [ 576535.5, 5241182.5 ], [ 576535.0, 5241182.5 ], [ 576535.0, 5241183.0 ], [ 576534.5, 5241183.0 ], [ 576534.5, 5241183.5 ], [ 576534.0, 5241183.5 ], [ 576534.0, 5241184.0 ], [ 576533.5, 5241184.0 ], [ 576533.5, 5241184.5 ], [ 576533.0, 5241184.5 ], [ 576533.0, 5241185.0 ], [ 576533.5, 5241185.0 ], [ 576533.5, 5241186.0 ], [ 576534.0, 5241186.0 ], [ 576534.0, 5241187.0 ], [ 576534.5, 5241187.0 ], [ 576534.5, 5241188.5 ], [ 576535.0, 5241188.5 ], [ 576535.0, 5241189.5 ], [ 576535.5, 5241189.5 ], [ 576535.5, 5241190.5 ], [ 576536.0, 5241190.5 ], [ 576536.0, 5241191.5 ], [ 576536.5, 5241191.5 ], [ 576536.5, 5241192.5 ], [ 576537.0, 5241192.5 ], [ 576537.0, 5241193.5 ], [ 576537.5, 5241193.5 ], [ 576537.5, 5241195.0 ], [ 576538.0, 5241195.0 ], [ 576538.0, 5241196.0 ], [ 576538.5, 5241196.0 ], [ 576538.5, 5241197.0 ], [ 576539.0, 5241197.0 ], [ 576539.0, 5241198.0 ], [ 576539.5, 5241198.0 ], [ 576539.5, 5241199.0 ], [ 576540.0, 5241199.0 ], [ 576540.0, 5241200.5 ], [ 576540.5, 5241200.5 ], [ 576540.5, 5241201.5 ], [ 576541.0, 5241201.5 ], [ 576541.0, 5241202.5 ], [ 576541.5, 5241202.5 ], [ 576541.5, 5241203.5 ], [ 576542.0, 5241203.5 ], [ 576542.0, 5241204.5 ], [ 576542.5, 5241204.5 ], [ 576542.5, 5241206.0 ], [ 576543.0, 5241206.0 ], [ 576543.0, 5241207.0 ], [ 576543.5, 5241207.0 ], [ 576543.5, 5241208.0 ], [ 576544.0, 5241208.0 ], [ 576544.0, 5241209.0 ], [ 576544.5, 5241209.0 ], [ 576544.5, 5241210.0 ], [ 576545.0, 5241210.0 ], [ 576545.0, 5241211.5 ], [ 576545.5, 5241211.5 ], [ 576545.5, 5241212.5 ], [ 576546.0, 5241212.5 ], [ 576546.0, 5241213.5 ], [ 576546.5, 5241213.5 ], [ 576546.5, 5241214.5 ], [ 576547.0, 5241214.5 ], [ 576547.0, 5241215.5 ], [ 576547.5, 5241215.5 ], [ 576547.5, 5241216.5 ], [ 576548.0, 5241216.5 ], [ 576548.0, 5241218.0 ], [ 576548.5, 5241218.0 ], [ 576548.5, 5241219.0 ], [ 576549.0, 5241219.0 ], [ 576549.0, 5241220.0 ], [ 576549.5, 5241220.0 ], [ 576549.5, 5241221.0 ], [ 576550.0, 5241221.0 ], [ 576550.0, 5241222.0 ], [ 576550.5, 5241222.0 ], [ 576550.5, 5241223.5 ], [ 576551.0, 5241223.5 ], [ 576551.0, 5241224.0 ] ], [ [ 576276.5, 5241214.0 ], [ 576277.0, 5241214.0 ], [ 576277.0, 5241213.5 ], [ 576276.5, 5241213.5 ], [ 576276.5, 5241214.0 ] ], [ [ 576532.5, 5241183.5 ], [ 576533.0, 5241183.5 ], [ 576533.0, 5241182.5 ], [ 576533.5, 5241182.5 ], [ 576533.5, 5241182.0 ], [ 576534.0, 5241182.0 ], [ 576534.0, 5241181.5 ], [ 576534.5, 5241181.5 ], [ 576534.5, 5241180.5 ], [ 576535.0, 5241180.5 ], [ 576535.0, 5241180.0 ], [ 576535.5, 5241180.0 ], [ 576535.5, 5241179.5 ], [ 576536.0, 5241179.5 ], [ 576536.0, 5241178.5 ], [ 576535.5, 5241178.5 ], [ 576535.5, 5241178.0 ], [ 576535.0, 5241178.0 ], [ 576535.0, 5241177.5 ], [ 576534.5, 5241177.5 ], [ 576534.5, 5241177.0 ], [ 576535.0, 5241177.0 ], [ 576535.0, 5241176.5 ], [ 576534.5, 5241176.5 ], [ 576534.5, 5241175.0 ], [ 576535.0, 5241175.0 ], [ 576535.0, 5241174.5 ], [ 576534.5, 5241174.5 ], [ 576534.5, 5241174.0 ], [ 576535.0, 5241174.0 ], [ 576535.0, 5241173.5 ], [ 576534.5, 5241173.5 ], [ 576534.5, 5241172.5 ], [ 576534.0, 5241172.5 ], [ 576534.0, 5241172.0 ], [ 576534.5, 5241172.0 ], [ 576534.5, 5241170.0 ], [ 576535.0, 5241170.0 ], [ 576535.0, 5241169.5 ], [ 576534.5, 5241169.5 ], [ 576534.5, 5241168.5 ], [ 576535.0, 5241168.5 ], [ 576535.0, 5241167.5 ], [ 576534.5, 5241167.5 ], [ 576534.5, 5241167.0 ], [ 576535.0, 5241167.0 ], [ 576535.0, 5241166.5 ], [ 576534.5, 5241166.5 ], [ 576534.5, 5241166.0 ], [ 576534.0, 5241166.0 ], [ 576534.0, 5241165.5 ], [ 576534.5, 5241165.5 ], [ 576534.5, 5241164.5 ], [ 576534.0, 5241164.5 ], [ 576534.0, 5241164.0 ], [ 576533.5, 5241164.0 ], [ 576533.5, 5241163.5 ], [ 576533.0, 5241163.5 ], [ 576533.0, 5241163.0 ], [ 576532.5, 5241163.0 ], [ 576532.5, 5241162.5 ], [ 576532.0, 5241162.5 ], [ 576532.0, 5241162.0 ], [ 576531.5, 5241162.0 ], [ 576531.5, 5241161.5 ], [ 576531.0, 5241161.5 ], [ 576531.0, 5241161.0 ], [ 576530.5, 5241161.0 ], [ 576530.5, 5241160.5 ], [ 576530.0, 5241160.5 ], [ 576530.0, 5241160.0 ], [ 576529.5, 5241160.0 ], [ 576529.5, 5241159.5 ], [ 576529.0, 5241159.5 ], [ 576529.0, 5241159.0 ], [ 576528.5, 5241159.0 ], [ 576528.5, 5241158.5 ], [ 576528.0, 5241158.5 ], [ 576528.0, 5241161.0 ], [ 576528.5, 5241161.0 ], [ 576528.5, 5241163.5 ], [ 576529.0, 5241163.5 ], [ 576529.0, 5241166.0 ], [ 576529.5, 5241166.0 ], [ 576529.5, 5241168.5 ], [ 576530.0, 5241168.5 ], [ 576530.0, 5241171.0 ], [ 576530.5, 5241171.0 ], [ 576530.5, 5241174.0 ], [ 576531.0, 5241174.0 ], [ 576531.0, 5241176.5 ], [ 576531.5, 5241176.5 ], [ 576531.5, 5241179.0 ], [ 576532.0, 5241179.0 ], [ 576532.0, 5241181.5 ], [ 576532.5, 5241181.5 ], [ 576532.5, 5241183.5 ] ], [ [ 576527.5, 5241158.5 ], [ 576528.0, 5241158.5 ], [ 576528.0, 5241158.0 ], [ 576527.5, 5241158.0 ], [ 576527.5, 5241158.5 ] ], [ [ 576527.5, 5241157.5 ], [ 576528.0, 5241157.5 ], [ 576528.0, 5241157.0 ], [ 576528.5, 5241157.0 ], [ 576528.5, 5241157.5 ], [ 576529.0, 5241157.5 ], [ 576529.0, 5241157.0 ], [ 576529.5, 5241157.0 ], [ 576529.5, 5241156.5 ], [ 576530.0, 5241156.5 ], [ 576530.0, 5241156.0 ], [ 576530.5, 5241156.0 ], [ 576530.5, 5241155.5 ], [ 576531.0, 5241155.5 ], [ 576531.0, 5241155.0 ], [ 576531.5, 5241155.0 ], [ 576531.5, 5241154.5 ], [ 576532.0, 5241154.5 ], [ 576532.0, 5241154.0 ], [ 576532.5, 5241154.0 ], [ 576532.5, 5241153.5 ], [ 576533.0, 5241153.5 ], [ 576533.0, 5241153.0 ], [ 576533.5, 5241153.0 ], [ 576533.5, 5241152.5 ], [ 576534.0, 5241152.5 ], [ 576534.0, 5241151.0 ], [ 576534.5, 5241151.0 ], [ 576534.5, 5241150.5 ], [ 576534.0, 5241150.5 ], [ 576534.0, 5241149.5 ], [ 576534.5, 5241149.5 ], [ 576534.5, 5241149.0 ], [ 576534.0, 5241149.0 ], [ 576534.0, 5241148.0 ], [ 576534.5, 5241148.0 ], [ 576534.5, 5241147.0 ], [ 576535.0, 5241147.0 ], [ 576535.0, 5241146.5 ], [ 576534.5, 5241146.5 ], [ 576534.5, 5241145.0 ], [ 576535.0, 5241145.0 ], [ 576535.0, 5241144.5 ], [ 576535.5, 5241144.5 ], [ 576535.5, 5241144.0 ], [ 576535.0, 5241144.0 ], [ 576535.0, 5241143.5 ], [ 576534.5, 5241143.5 ], [ 576534.5, 5241142.5 ], [ 576534.0, 5241142.5 ], [ 576534.0, 5241142.0 ], [ 576534.5, 5241142.0 ], [ 576534.5, 5241141.0 ], [ 576534.0, 5241141.0 ], [ 576534.0, 5241140.0 ], [ 576534.5, 5241140.0 ], [ 576534.5, 5241139.5 ], [ 576534.0, 5241139.5 ], [ 576534.0, 5241139.0 ], [ 576534.5, 5241139.0 ], [ 576534.5, 5241138.5 ], [ 576535.0, 5241138.5 ], [ 576535.0, 5241137.5 ], [ 576535.5, 5241137.5 ], [ 576535.5, 5241137.0 ], [ 576535.0, 5241137.0 ], [ 576535.0, 5241136.0 ], [ 576535.5, 5241136.0 ], [ 576535.5, 5241135.0 ], [ 576536.0, 5241135.0 ], [ 576536.0, 5241134.5 ], [ 576536.5, 5241134.5 ], [ 576536.5, 5241134.0 ], [ 576536.0, 5241134.0 ], [ 576536.0, 5241133.5 ], [ 576536.5, 5241133.5 ], [ 576536.5, 5241133.0 ], [ 576537.0, 5241133.0 ], [ 576537.0, 5241132.5 ], [ 576536.5, 5241132.5 ], [ 576536.5, 5241132.0 ], [ 576536.0, 5241132.0 ], [ 576536.0, 5241131.5 ], [ 576535.5, 5241131.5 ], [ 576535.5, 5241131.0 ], [ 576535.0, 5241131.0 ], [ 576535.0, 5241130.5 ], [ 576534.5, 5241130.5 ], [ 576534.5, 5241130.0 ], [ 576534.0, 5241130.0 ], [ 576534.0, 5241129.5 ], [ 576534.5, 5241129.5 ], [ 576534.5, 5241129.0 ], [ 576535.0, 5241129.0 ], [ 576535.0, 5241128.0 ], [ 576534.5, 5241128.0 ], [ 576534.5, 5241127.5 ], [ 576534.0, 5241127.5 ], [ 576534.0, 5241127.0 ], [ 576533.5, 5241127.0 ], [ 576533.5, 5241126.5 ], [ 576533.0, 5241126.5 ], [ 576533.0, 5241126.0 ], [ 576532.5, 5241126.0 ], [ 576532.5, 5241125.5 ], [ 576532.0, 5241125.5 ], [ 576532.0, 5241125.0 ], [ 576531.5, 5241125.0 ], [ 576531.5, 5241124.5 ], [ 576532.0, 5241124.5 ], [ 576532.0, 5241124.0 ], [ 576531.5, 5241124.0 ], [ 576531.5, 5241123.5 ], [ 576531.0, 5241123.5 ], [ 576531.0, 5241123.0 ], [ 576530.5, 5241123.0 ], [ 576530.5, 5241122.5 ], [ 576531.0, 5241122.5 ], [ 576531.0, 5241122.0 ], [ 576531.5, 5241122.0 ], [ 576531.5, 5241121.5 ], [ 576532.0, 5241121.5 ], [ 576532.0, 5241121.0 ], [ 576531.5, 5241121.0 ], [ 576531.5, 5241120.5 ], [ 576531.0, 5241120.5 ], [ 576531.0, 5241120.0 ], [ 576530.5, 5241120.0 ], [ 576530.5, 5241119.5 ], [ 576530.0, 5241119.5 ], [ 576530.0, 5241119.0 ], [ 576529.5, 5241119.0 ], [ 576529.5, 5241118.5 ], [ 576529.0, 5241118.5 ], [ 576529.0, 5241118.0 ], [ 576528.5, 5241118.0 ], [ 576528.5, 5241117.5 ], [ 576528.0, 5241117.5 ], [ 576528.0, 5241117.0 ], [ 576527.5, 5241117.0 ], [ 576527.5, 5241116.5 ], [ 576527.0, 5241116.5 ], [ 576527.0, 5241116.0 ], [ 576526.5, 5241116.0 ], [ 576526.5, 5241115.5 ], [ 576526.0, 5241115.5 ], [ 576526.0, 5241115.0 ], [ 576525.5, 5241115.0 ], [ 576525.5, 5241114.5 ], [ 576525.0, 5241114.5 ], [ 576525.0, 5241114.0 ], [ 576524.5, 5241114.0 ], [ 576524.5, 5241113.5 ], [ 576524.0, 5241113.5 ], [ 576524.0, 5241113.0 ], [ 576523.5, 5241113.0 ], [ 576523.5, 5241113.5 ], [ 576523.0, 5241113.5 ], [ 576523.0, 5241113.0 ], [ 576522.5, 5241113.0 ], [ 576522.5, 5241112.5 ], [ 576521.5, 5241112.5 ], [ 576521.5, 5241113.0 ], [ 576521.0, 5241113.0 ], [ 576521.0, 5241113.5 ], [ 576520.5, 5241113.5 ], [ 576520.5, 5241114.0 ], [ 576520.0, 5241114.0 ], [ 576520.0, 5241114.5 ], [ 576519.5, 5241114.5 ], [ 576519.5, 5241115.0 ], [ 576519.0, 5241115.0 ], [ 576519.0, 5241115.5 ], [ 576518.5, 5241115.5 ], [ 576518.5, 5241116.0 ], [ 576518.0, 5241116.0 ], [ 576518.0, 5241116.5 ], [ 576517.5, 5241116.5 ], [ 576517.5, 5241117.0 ], [ 576517.0, 5241117.0 ], [ 576517.0, 5241117.5 ], [ 576516.5, 5241117.5 ], [ 576516.5, 5241118.0 ], [ 576516.0, 5241118.0 ], [ 576516.0, 5241118.5 ], [ 576515.5, 5241118.5 ], [ 576515.5, 5241119.0 ], [ 576515.0, 5241119.0 ], [ 576515.0, 5241118.5 ], [ 576514.5, 5241118.5 ], [ 576514.5, 5241118.0 ], [ 576514.0, 5241118.0 ], [ 576514.0, 5241118.5 ], [ 576513.5, 5241118.5 ], [ 576513.5, 5241119.0 ], [ 576512.5, 5241119.0 ], [ 576512.5, 5241119.5 ], [ 576512.0, 5241119.5 ], [ 576512.0, 5241120.0 ], [ 576511.5, 5241120.0 ], [ 576511.5, 5241120.5 ], [ 576511.0, 5241120.5 ], [ 576511.0, 5241121.0 ], [ 576510.5, 5241121.0 ], [ 576510.5, 5241121.5 ], [ 576510.0, 5241121.5 ], [ 576510.0, 5241122.0 ], [ 576509.5, 5241122.0 ], [ 576509.5, 5241122.5 ], [ 576509.0, 5241122.5 ], [ 576509.0, 5241123.5 ], [ 576509.5, 5241123.5 ], [ 576509.5, 5241124.0 ], [ 576510.0, 5241124.0 ], [ 576510.0, 5241125.0 ], [ 576510.5, 5241125.0 ], [ 576510.5, 5241126.0 ], [ 576511.0, 5241126.0 ], [ 576511.0, 5241127.0 ], [ 576511.5, 5241127.0 ], [ 576511.5, 5241128.0 ], [ 576512.0, 5241128.0 ], [ 576512.0, 5241129.0 ], [ 576512.5, 5241129.0 ], [ 576512.5, 5241130.0 ], [ 576513.0, 5241130.0 ], [ 576513.0, 5241131.0 ], [ 576513.5, 5241131.0 ], [ 576513.5, 5241131.5 ], [ 576514.0, 5241131.5 ], [ 576514.0, 5241132.5 ], [ 576514.5, 5241132.5 ], [ 576514.5, 5241133.5 ], [ 576515.0, 5241133.5 ], [ 576515.0, 5241134.5 ], [ 576515.5, 5241134.5 ], [ 576515.5, 5241135.5 ], [ 576516.0, 5241135.5 ], [ 576516.0, 5241136.5 ], [ 576516.5, 5241136.5 ], [ 576516.5, 5241137.5 ], [ 576517.0, 5241137.5 ], [ 576517.0, 5241138.5 ], [ 576517.5, 5241138.5 ], [ 576517.5, 5241139.5 ], [ 576518.0, 5241139.5 ], [ 576518.0, 5241140.0 ], [ 576518.5, 5241140.0 ], [ 576518.5, 5241141.0 ], [ 576519.0, 5241141.0 ], [ 576519.0, 5241142.0 ], [ 576519.5, 5241142.0 ], [ 576519.5, 5241143.0 ], [ 576520.0, 5241143.0 ], [ 576520.0, 5241144.0 ], [ 576520.5, 5241144.0 ], [ 576520.5, 5241145.0 ], [ 576521.0, 5241145.0 ], [ 576521.0, 5241146.0 ], [ 576521.5, 5241146.0 ], [ 576521.5, 5241147.0 ], [ 576522.0, 5241147.0 ], [ 576522.0, 5241147.5 ], [ 576522.5, 5241147.5 ], [ 576522.5, 5241148.5 ], [ 576523.0, 5241148.5 ], [ 576523.0, 5241149.5 ], [ 576523.5, 5241149.5 ], [ 576523.5, 5241150.5 ], [ 576524.0, 5241150.5 ], [ 576524.0, 5241151.5 ], [ 576524.5, 5241151.5 ], [ 576524.5, 5241152.5 ], [ 576525.0, 5241152.5 ], [ 576525.0, 5241153.5 ], [ 576525.5, 5241153.5 ], [ 576525.5, 5241154.5 ], [ 576526.0, 5241154.5 ], [ 576526.0, 5241155.5 ], [ 576526.5, 5241155.5 ], [ 576526.5, 5241156.0 ], [ 576527.0, 5241156.0 ], [ 576527.0, 5241157.0 ], [ 576527.5, 5241157.0 ], [ 576527.5, 5241157.5 ] ], [ [ 576508.0, 5241122.5 ], [ 576509.0, 5241122.5 ], [ 576509.0, 5241122.0 ], [ 576508.5, 5241122.0 ], [ 576508.5, 5241121.5 ], [ 576508.0, 5241121.5 ], [ 576508.0, 5241121.0 ], [ 576507.5, 5241121.0 ], [ 576507.5, 5241120.0 ], [ 576508.0, 5241120.0 ], [ 576508.0, 5241119.5 ], [ 576507.5, 5241119.5 ], [ 576507.5, 5241119.0 ], [ 576507.0, 5241119.0 ], [ 576507.0, 5241118.5 ], [ 576507.5, 5241118.5 ], [ 576507.5, 5241117.5 ], [ 576508.0, 5241117.5 ], [ 576508.0, 5241117.0 ], [ 576508.5, 5241117.0 ], [ 576508.5, 5241116.5 ], [ 576509.0, 5241116.5 ], [ 576509.0, 5241116.0 ], [ 576509.5, 5241116.0 ], [ 576509.5, 5241114.5 ], [ 576510.0, 5241114.5 ], [ 576510.0, 5241113.5 ], [ 576509.5, 5241113.5 ], [ 576509.5, 5241112.5 ], [ 576509.0, 5241112.5 ], [ 576509.0, 5241112.0 ], [ 576508.5, 5241112.0 ], [ 576508.5, 5241111.5 ], [ 576508.0, 5241111.5 ], [ 576508.0, 5241111.0 ], [ 576507.5, 5241111.0 ], [ 576507.5, 5241110.5 ], [ 576507.0, 5241110.5 ], [ 576507.0, 5241110.0 ], [ 576506.5, 5241110.0 ], [ 576506.5, 5241109.5 ], [ 576506.0, 5241109.5 ], [ 576506.0, 5241109.0 ], [ 576505.5, 5241109.0 ], [ 576505.5, 5241108.5 ], [ 576505.0, 5241108.5 ], [ 576505.0, 5241108.0 ], [ 576504.5, 5241108.0 ], [ 576504.5, 5241107.5 ], [ 576503.5, 5241107.5 ], [ 576503.5, 5241108.0 ], [ 576503.0, 5241108.0 ], [ 576503.0, 5241108.5 ], [ 576502.5, 5241108.5 ], [ 576502.5, 5241109.0 ], [ 576502.0, 5241109.0 ], [ 576502.0, 5241109.5 ], [ 576501.0, 5241109.5 ], [ 576501.0, 5241110.0 ], [ 576500.5, 5241110.0 ], [ 576500.5, 5241109.5 ], [ 576500.0, 5241109.5 ], [ 576500.0, 5241109.0 ], [ 576499.5, 5241109.0 ], [ 576499.5, 5241109.5 ], [ 576498.0, 5241109.5 ], [ 576498.0, 5241109.0 ], [ 576497.5, 5241109.0 ], [ 576497.5, 5241108.5 ], [ 576497.0, 5241108.5 ], [ 576497.0, 5241109.0 ], [ 576496.5, 5241109.0 ], [ 576496.5, 5241109.5 ], [ 576496.0, 5241109.5 ], [ 576496.0, 5241110.0 ], [ 576495.5, 5241110.0 ], [ 576495.5, 5241110.5 ], [ 576495.0, 5241110.5 ], [ 576495.0, 5241111.0 ], [ 576494.5, 5241111.0 ], [ 576494.5, 5241111.5 ], [ 576494.0, 5241111.5 ], [ 576494.0, 5241112.0 ], [ 576493.5, 5241112.0 ], [ 576493.5, 5241112.5 ], [ 576493.0, 5241112.5 ], [ 576493.0, 5241113.0 ], [ 576492.5, 5241113.0 ], [ 576492.5, 5241113.5 ], [ 576492.0, 5241113.5 ], [ 576492.0, 5241114.0 ], [ 576491.5, 5241114.0 ], [ 576491.5, 5241114.5 ], [ 576491.0, 5241114.5 ], [ 576491.0, 5241115.5 ], [ 576491.5, 5241115.5 ], [ 576491.5, 5241116.0 ], [ 576491.0, 5241116.0 ], [ 576491.0, 5241116.5 ], [ 576490.5, 5241116.5 ], [ 576490.5, 5241116.0 ], [ 576490.0, 5241116.0 ], [ 576490.0, 5241115.0 ], [ 576489.5, 5241115.0 ], [ 576489.5, 5241114.5 ], [ 576489.0, 5241114.5 ], [ 576489.0, 5241114.0 ], [ 576488.5, 5241114.0 ], [ 576488.5, 5241113.5 ], [ 576488.0, 5241113.5 ], [ 576488.0, 5241113.0 ], [ 576487.5, 5241113.0 ], [ 576487.5, 5241112.5 ], [ 576487.0, 5241112.5 ], [ 576487.0, 5241112.0 ], [ 576486.5, 5241112.0 ], [ 576486.5, 5241111.5 ], [ 576486.0, 5241111.5 ], [ 576486.0, 5241111.0 ], [ 576485.5, 5241111.0 ], [ 576485.5, 5241110.5 ], [ 576485.0, 5241110.5 ], [ 576485.0, 5241110.0 ], [ 576484.5, 5241110.0 ], [ 576484.5, 5241109.5 ], [ 576483.5, 5241109.5 ], [ 576483.5, 5241110.0 ], [ 576482.5, 5241110.0 ], [ 576482.5, 5241109.5 ], [ 576482.0, 5241109.5 ], [ 576482.0, 5241110.0 ], [ 576481.5, 5241110.0 ], [ 576481.5, 5241110.5 ], [ 576481.0, 5241110.5 ], [ 576481.0, 5241110.0 ], [ 576480.5, 5241110.0 ], [ 576480.5, 5241109.5 ], [ 576480.0, 5241109.5 ], [ 576480.0, 5241109.0 ], [ 576480.5, 5241109.0 ], [ 576480.5, 5241108.0 ], [ 576480.0, 5241108.0 ], [ 576480.0, 5241107.5 ], [ 576479.5, 5241107.5 ], [ 576479.5, 5241107.0 ], [ 576479.0, 5241107.0 ], [ 576479.0, 5241106.5 ], [ 576478.5, 5241106.5 ], [ 576478.5, 5241106.0 ], [ 576478.0, 5241106.0 ], [ 576478.0, 5241105.5 ], [ 576477.5, 5241105.5 ], [ 576477.5, 5241105.0 ], [ 576477.0, 5241105.0 ], [ 576477.0, 5241104.5 ], [ 576476.5, 5241104.5 ], [ 576476.5, 5241104.0 ], [ 576476.0, 5241104.0 ], [ 576476.0, 5241103.5 ], [ 576475.5, 5241103.5 ], [ 576475.5, 5241103.0 ], [ 576475.0, 5241103.0 ], [ 576475.0, 5241102.5 ], [ 576474.5, 5241102.5 ], [ 576474.5, 5241103.0 ], [ 576474.0, 5241103.0 ], [ 576474.0, 5241103.5 ], [ 576473.5, 5241103.5 ], [ 576473.5, 5241104.0 ], [ 576473.0, 5241104.0 ], [ 576473.0, 5241104.5 ], [ 576472.5, 5241104.5 ], [ 576472.5, 5241105.0 ], [ 576472.0, 5241105.0 ], [ 576472.0, 5241105.5 ], [ 576471.5, 5241105.5 ], [ 576471.5, 5241106.0 ], [ 576471.0, 5241106.0 ], [ 576471.0, 5241106.5 ], [ 576470.5, 5241106.5 ], [ 576470.5, 5241107.0 ], [ 576470.0, 5241107.0 ], [ 576470.0, 5241107.5 ], [ 576469.5, 5241107.5 ], [ 576469.5, 5241108.0 ], [ 576469.0, 5241108.0 ], [ 576469.0, 5241108.5 ], [ 576468.5, 5241108.5 ], [ 576468.5, 5241109.0 ], [ 576468.0, 5241109.0 ], [ 576468.0, 5241109.5 ], [ 576467.5, 5241109.5 ], [ 576467.5, 5241110.0 ], [ 576467.0, 5241110.0 ], [ 576467.0, 5241110.5 ], [ 576466.5, 5241110.5 ], [ 576466.5, 5241111.0 ], [ 576466.0, 5241111.0 ], [ 576466.0, 5241111.5 ], [ 576465.5, 5241111.5 ], [ 576465.5, 5241112.0 ], [ 576464.5, 5241112.0 ], [ 576464.5, 5241111.5 ], [ 576464.0, 5241111.5 ], [ 576464.0, 5241111.0 ], [ 576463.5, 5241111.0 ], [ 576463.5, 5241110.5 ], [ 576463.0, 5241110.5 ], [ 576463.0, 5241111.0 ], [ 576462.5, 5241111.0 ], [ 576462.5, 5241111.5 ], [ 576462.0, 5241111.5 ], [ 576462.0, 5241112.0 ], [ 576461.5, 5241112.0 ], [ 576461.5, 5241112.5 ], [ 576461.0, 5241112.5 ], [ 576461.0, 5241113.0 ], [ 576460.5, 5241113.0 ], [ 576460.5, 5241113.5 ], [ 576460.0, 5241113.5 ], [ 576460.0, 5241114.0 ], [ 576459.5, 5241114.0 ], [ 576459.5, 5241114.5 ], [ 576459.0, 5241114.5 ], [ 576459.0, 5241114.0 ], [ 576458.5, 5241114.0 ], [ 576458.5, 5241114.5 ], [ 576458.0, 5241114.5 ], [ 576458.0, 5241115.0 ], [ 576457.5, 5241115.0 ], [ 576457.5, 5241115.5 ], [ 576457.0, 5241115.5 ], [ 576457.0, 5241116.0 ], [ 576456.0, 5241116.0 ], [ 576456.0, 5241115.5 ], [ 576455.5, 5241115.5 ], [ 576455.5, 5241115.0 ], [ 576454.5, 5241115.0 ], [ 576454.5, 5241115.5 ], [ 576454.0, 5241115.5 ], [ 576454.0, 5241116.0 ], [ 576453.5, 5241116.0 ], [ 576453.5, 5241116.5 ], [ 576453.0, 5241116.5 ], [ 576453.0, 5241117.0 ], [ 576452.5, 5241117.0 ], [ 576452.5, 5241117.5 ], [ 576452.0, 5241117.5 ], [ 576452.0, 5241118.0 ], [ 576457.0, 5241118.0 ], [ 576457.0, 5241118.5 ], [ 576465.0, 5241118.5 ], [ 576465.0, 5241119.0 ], [ 576469.5, 5241119.0 ], [ 576469.5, 5241118.5 ], [ 576476.0, 5241118.5 ], [ 576476.0, 5241118.0 ], [ 576482.5, 5241118.0 ], [ 576482.5, 5241117.5 ], [ 576489.5, 5241117.5 ], [ 576489.5, 5241117.0 ], [ 576491.0, 5241117.0 ], [ 576491.0, 5241117.5 ], [ 576492.5, 5241117.5 ], [ 576492.5, 5241118.0 ], [ 576494.5, 5241118.0 ], [ 576494.5, 5241118.5 ], [ 576496.0, 5241118.5 ], [ 576496.0, 5241119.0 ], [ 576498.0, 5241119.0 ], [ 576498.0, 5241119.5 ], [ 576499.5, 5241119.5 ], [ 576499.5, 5241120.0 ], [ 576501.0, 5241120.0 ], [ 576501.0, 5241120.5 ], [ 576503.0, 5241120.5 ], [ 576503.0, 5241121.0 ], [ 576504.5, 5241121.0 ], [ 576504.5, 5241121.5 ], [ 576506.0, 5241121.5 ], [ 576506.0, 5241122.0 ], [ 576508.0, 5241122.0 ], [ 576508.0, 5241122.5 ] ], [ [ 576450.5, 5241117.5 ], [ 576451.0, 5241117.5 ], [ 576451.0, 5241116.5 ], [ 576451.5, 5241116.5 ], [ 576451.5, 5241116.0 ], [ 576452.0, 5241116.0 ], [ 576452.0, 5241115.5 ], [ 576452.5, 5241115.5 ], [ 576452.5, 5241115.0 ], [ 576453.0, 5241115.0 ], [ 576453.0, 5241114.5 ], [ 576453.5, 5241114.5 ], [ 576453.5, 5241114.0 ], [ 576454.0, 5241114.0 ], [ 576454.0, 5241113.5 ], [ 576454.5, 5241113.5 ], [ 576454.5, 5241113.0 ], [ 576455.0, 5241113.0 ], [ 576455.0, 5241112.5 ], [ 576455.5, 5241112.5 ], [ 576455.5, 5241112.0 ], [ 576456.0, 5241112.0 ], [ 576456.0, 5241110.5 ], [ 576455.5, 5241110.5 ], [ 576455.5, 5241110.0 ], [ 576456.0, 5241110.0 ], [ 576456.0, 5241109.5 ], [ 576456.5, 5241109.5 ], [ 576456.5, 5241109.0 ], [ 576456.0, 5241109.0 ], [ 576456.0, 5241108.5 ], [ 576456.5, 5241108.5 ], [ 576456.5, 5241108.0 ], [ 576456.0, 5241108.0 ], [ 576456.0, 5241107.5 ], [ 576455.5, 5241107.5 ], [ 576455.5, 5241107.0 ], [ 576455.0, 5241107.0 ], [ 576455.0, 5241106.5 ], [ 576454.5, 5241106.5 ], [ 576454.5, 5241106.0 ], [ 576454.0, 5241106.0 ], [ 576454.0, 5241105.5 ], [ 576453.5, 5241105.5 ], [ 576453.5, 5241105.0 ], [ 576453.0, 5241105.0 ], [ 576453.0, 5241104.5 ], [ 576452.5, 5241104.5 ], [ 576452.5, 5241104.0 ], [ 576452.0, 5241104.0 ], [ 576452.0, 5241103.5 ], [ 576451.5, 5241103.5 ], [ 576451.5, 5241103.0 ], [ 576451.0, 5241103.0 ], [ 576451.0, 5241102.5 ], [ 576449.5, 5241102.5 ], [ 576449.5, 5241102.0 ], [ 576449.0, 5241102.0 ], [ 576449.0, 5241101.0 ], [ 576448.5, 5241101.0 ], [ 576448.5, 5241100.5 ], [ 576448.0, 5241100.5 ], [ 576448.0, 5241100.0 ], [ 576447.5, 5241100.0 ], [ 576447.5, 5241099.5 ], [ 576447.0, 5241099.5 ], [ 576447.0, 5241099.0 ], [ 576446.5, 5241099.0 ], [ 576446.5, 5241098.5 ], [ 576446.0, 5241098.5 ], [ 576446.0, 5241098.0 ], [ 576445.5, 5241098.0 ], [ 576445.5, 5241097.5 ], [ 576445.0, 5241097.5 ], [ 576445.0, 5241097.0 ], [ 576444.5, 5241097.0 ], [ 576444.5, 5241096.5 ], [ 576444.0, 5241096.5 ], [ 576444.0, 5241096.0 ], [ 576443.5, 5241096.0 ], [ 576443.5, 5241095.5 ], [ 576444.0, 5241095.5 ], [ 576444.0, 5241095.0 ], [ 576444.5, 5241095.0 ], [ 576444.5, 5241094.0 ], [ 576444.0, 5241094.0 ], [ 576444.0, 5241093.5 ], [ 576443.5, 5241093.5 ], [ 576443.5, 5241093.0 ], [ 576443.0, 5241093.0 ], [ 576443.0, 5241092.5 ], [ 576442.5, 5241092.5 ], [ 576442.5, 5241092.0 ], [ 576442.0, 5241092.0 ], [ 576442.0, 5241091.5 ], [ 576441.5, 5241091.5 ], [ 576441.5, 5241091.0 ], [ 576441.0, 5241091.0 ], [ 576441.0, 5241090.5 ], [ 576440.5, 5241090.5 ], [ 576440.5, 5241090.0 ], [ 576440.0, 5241090.0 ], [ 576440.0, 5241089.5 ], [ 576439.5, 5241089.5 ], [ 576439.5, 5241089.0 ], [ 576439.0, 5241089.0 ], [ 576439.0, 5241088.5 ], [ 576438.5, 5241088.5 ], [ 576438.5, 5241088.0 ], [ 576438.0, 5241088.0 ], [ 576438.0, 5241087.5 ], [ 576437.5, 5241087.5 ], [ 576437.5, 5241087.0 ], [ 576436.5, 5241087.0 ], [ 576436.5, 5241087.5 ], [ 576436.0, 5241087.5 ], [ 576436.0, 5241088.0 ], [ 576435.5, 5241088.0 ], [ 576435.5, 5241088.5 ], [ 576435.0, 5241088.5 ], [ 576435.0, 5241089.0 ], [ 576435.5, 5241089.0 ], [ 576435.5, 5241090.0 ], [ 576436.0, 5241090.0 ], [ 576436.0, 5241090.5 ], [ 576436.5, 5241090.5 ], [ 576436.5, 5241091.5 ], [ 576437.0, 5241091.5 ], [ 576437.0, 5241092.5 ], [ 576437.5, 5241092.5 ], [ 576437.5, 5241093.5 ], [ 576438.0, 5241093.5 ], [ 576438.0, 5241094.5 ], [ 576438.5, 5241094.5 ], [ 576438.5, 5241095.5 ], [ 576439.0, 5241095.5 ], [ 576439.0, 5241096.5 ], [ 576439.5, 5241096.5 ], [ 576439.5, 5241097.0 ], [ 576440.0, 5241097.0 ], [ 576440.0, 5241098.0 ], [ 576440.5, 5241098.0 ], [ 576440.5, 5241099.0 ], [ 576441.0, 5241099.0 ], [ 576441.0, 5241100.0 ], [ 576441.5, 5241100.0 ], [ 576441.5, 5241101.0 ], [ 576442.0, 5241101.0 ], [ 576442.0, 5241102.0 ], [ 576442.5, 5241102.0 ], [ 576442.5, 5241103.0 ], [ 576443.0, 5241103.0 ], [ 576443.0, 5241103.5 ], [ 576443.5, 5241103.5 ], [ 576443.5, 5241104.5 ], [ 576444.0, 5241104.5 ], [ 576444.0, 5241105.5 ], [ 576444.5, 5241105.5 ], [ 576444.5, 5241106.5 ], [ 576445.0, 5241106.5 ], [ 576445.0, 5241107.5 ], [ 576445.5, 5241107.5 ], [ 576445.5, 5241108.5 ], [ 576446.0, 5241108.5 ], [ 576446.0, 5241109.5 ], [ 576446.5, 5241109.5 ], [ 576446.5, 5241110.0 ], [ 576447.0, 5241110.0 ], [ 576447.0, 5241111.0 ], [ 576447.5, 5241111.0 ], [ 576447.5, 5241112.0 ], [ 576448.0, 5241112.0 ], [ 576448.0, 5241113.0 ], [ 576448.5, 5241113.0 ], [ 576448.5, 5241114.0 ], [ 576449.0, 5241114.0 ], [ 576449.0, 5241115.0 ], [ 576449.5, 5241115.0 ], [ 576449.5, 5241116.0 ], [ 576450.0, 5241116.0 ], [ 576450.0, 5241116.5 ], [ 576450.5, 5241116.5 ], [ 576450.5, 5241117.5 ] ], [ [ 576434.5, 5241088.5 ], [ 576435.0, 5241088.5 ], [ 576435.0, 5241088.0 ], [ 576434.5, 5241088.0 ], [ 576434.5, 5241088.5 ] ], [ [ 576433.5, 5241088.0 ], [ 576434.5, 5241088.0 ], [ 576434.5, 5241087.5 ], [ 576434.0, 5241087.5 ], [ 576434.0, 5241087.0 ], [ 576433.5, 5241087.0 ], [ 576433.5, 5241086.5 ], [ 576433.0, 5241086.5 ], [ 576433.0, 5241086.0 ], [ 576432.5, 5241086.0 ], [ 576432.5, 5241085.5 ], [ 576433.0, 5241085.5 ], [ 576433.0, 5241085.0 ], [ 576433.5, 5241085.0 ], [ 576433.5, 5241084.5 ], [ 576434.0, 5241084.5 ], [ 576434.0, 5241084.0 ], [ 576434.5, 5241084.0 ], [ 576434.5, 5241083.5 ], [ 576434.0, 5241083.5 ], [ 576434.0, 5241083.0 ], [ 576433.5, 5241083.0 ], [ 576433.5, 5241082.5 ], [ 576433.0, 5241082.5 ], [ 576433.0, 5241082.0 ], [ 576432.5, 5241082.0 ], [ 576432.5, 5241081.5 ], [ 576432.0, 5241081.5 ], [ 576432.0, 5241081.0 ], [ 576432.5, 5241081.0 ], [ 576432.5, 5241080.5 ], [ 576433.0, 5241080.5 ], [ 576433.0, 5241080.0 ], [ 576432.5, 5241080.0 ], [ 576432.5, 5241079.5 ], [ 576432.0, 5241079.5 ], [ 576432.0, 5241079.0 ], [ 576431.5, 5241079.0 ], [ 576431.5, 5241078.5 ], [ 576431.0, 5241078.5 ], [ 576431.0, 5241078.0 ], [ 576430.5, 5241078.0 ], [ 576430.5, 5241077.5 ], [ 576430.0, 5241077.5 ], [ 576430.0, 5241077.0 ], [ 576429.5, 5241077.0 ], [ 576429.5, 5241076.5 ], [ 576429.0, 5241076.5 ], [ 576429.0, 5241076.0 ], [ 576428.5, 5241076.0 ], [ 576428.5, 5241075.5 ], [ 576428.0, 5241075.5 ], [ 576428.0, 5241075.0 ], [ 576427.5, 5241075.0 ], [ 576427.5, 5241074.5 ], [ 576427.0, 5241074.5 ], [ 576427.0, 5241074.0 ], [ 576426.5, 5241074.0 ], [ 576426.5, 5241073.5 ], [ 576426.0, 5241073.5 ], [ 576426.0, 5241073.0 ], [ 576425.5, 5241073.0 ], [ 576425.5, 5241072.5 ], [ 576425.0, 5241072.5 ], [ 576425.0, 5241073.0 ], [ 576424.5, 5241073.0 ], [ 576424.5, 5241072.5 ], [ 576424.0, 5241072.5 ], [ 576424.0, 5241072.0 ], [ 576423.5, 5241072.0 ], [ 576423.5, 5241071.5 ], [ 576423.0, 5241071.5 ], [ 576423.0, 5241071.0 ], [ 576422.5, 5241071.0 ], [ 576422.5, 5241070.5 ], [ 576422.0, 5241070.5 ], [ 576422.0, 5241070.0 ], [ 576421.5, 5241070.0 ], [ 576421.5, 5241069.5 ], [ 576420.5, 5241069.5 ], [ 576420.5, 5241070.0 ], [ 576420.0, 5241070.0 ], [ 576420.0, 5241070.5 ], [ 576419.5, 5241070.5 ], [ 576419.5, 5241071.0 ], [ 576419.0, 5241071.0 ], [ 576419.0, 5241071.5 ], [ 576418.5, 5241071.5 ], [ 576418.5, 5241072.0 ], [ 576418.0, 5241072.0 ], [ 576418.0, 5241072.5 ], [ 576417.5, 5241072.5 ], [ 576417.5, 5241073.0 ], [ 576417.0, 5241073.0 ], [ 576417.0, 5241073.5 ], [ 576416.0, 5241073.5 ], [ 576416.0, 5241073.0 ], [ 576415.5, 5241073.0 ], [ 576415.5, 5241072.5 ], [ 576415.0, 5241072.5 ], [ 576415.0, 5241072.0 ], [ 576414.5, 5241072.0 ], [ 576414.5, 5241071.5 ], [ 576414.0, 5241071.5 ], [ 576414.0, 5241071.0 ], [ 576413.5, 5241071.0 ], [ 576413.5, 5241071.5 ], [ 576413.0, 5241071.5 ], [ 576413.0, 5241072.0 ], [ 576412.5, 5241072.0 ], [ 576412.5, 5241072.5 ], [ 576412.0, 5241072.5 ], [ 576412.0, 5241072.0 ], [ 576411.5, 5241072.0 ], [ 576411.5, 5241072.5 ], [ 576411.0, 5241072.5 ], [ 576411.0, 5241073.0 ], [ 576410.5, 5241073.0 ], [ 576410.5, 5241073.5 ], [ 576410.0, 5241073.5 ], [ 576410.0, 5241074.0 ], [ 576409.5, 5241074.0 ], [ 576409.5, 5241074.5 ], [ 576409.0, 5241074.5 ], [ 576409.0, 5241075.0 ], [ 576408.5, 5241075.0 ], [ 576408.5, 5241075.5 ], [ 576408.0, 5241075.5 ], [ 576408.0, 5241076.0 ], [ 576407.5, 5241076.0 ], [ 576407.5, 5241076.5 ], [ 576405.5, 5241076.5 ], [ 576405.5, 5241076.0 ], [ 576405.0, 5241076.0 ], [ 576405.0, 5241075.5 ], [ 576405.5, 5241075.5 ], [ 576405.5, 5241075.0 ], [ 576406.0, 5241075.0 ], [ 576406.0, 5241074.5 ], [ 576406.5, 5241074.5 ], [ 576406.5, 5241074.0 ], [ 576407.0, 5241074.0 ], [ 576407.0, 5241073.5 ], [ 576407.5, 5241073.5 ], [ 576407.5, 5241073.0 ], [ 576407.0, 5241073.0 ], [ 576407.0, 5241072.5 ], [ 576406.5, 5241072.5 ], [ 576406.5, 5241072.0 ], [ 576406.0, 5241072.0 ], [ 576406.0, 5241071.5 ], [ 576405.5, 5241071.5 ], [ 576405.5, 5241071.0 ], [ 576405.0, 5241071.0 ], [ 576405.0, 5241070.5 ], [ 576404.5, 5241070.5 ], [ 576404.5, 5241070.0 ], [ 576404.0, 5241070.0 ], [ 576404.0, 5241069.5 ], [ 576403.5, 5241069.5 ], [ 576403.5, 5241069.0 ], [ 576403.0, 5241069.0 ], [ 576403.0, 5241068.5 ], [ 576402.5, 5241068.5 ], [ 576402.5, 5241068.0 ], [ 576402.0, 5241068.0 ], [ 576402.0, 5241068.5 ], [ 576401.5, 5241068.5 ], [ 576401.5, 5241069.0 ], [ 576401.0, 5241069.0 ], [ 576401.0, 5241069.5 ], [ 576400.5, 5241069.5 ], [ 576400.5, 5241070.0 ], [ 576400.0, 5241070.0 ], [ 576400.0, 5241070.5 ], [ 576399.5, 5241070.5 ], [ 576399.5, 5241071.0 ], [ 576399.0, 5241071.0 ], [ 576399.0, 5241071.5 ], [ 576398.5, 5241071.5 ], [ 576398.5, 5241072.0 ], [ 576398.0, 5241072.0 ], [ 576398.0, 5241072.5 ], [ 576397.5, 5241072.5 ], [ 576397.5, 5241073.0 ], [ 576397.0, 5241073.0 ], [ 576397.0, 5241073.5 ], [ 576397.5, 5241073.5 ], [ 576397.5, 5241074.5 ], [ 576397.0, 5241074.5 ], [ 576397.0, 5241075.0 ], [ 576396.5, 5241075.0 ], [ 576396.5, 5241075.5 ], [ 576395.5, 5241075.5 ], [ 576395.5, 5241076.0 ], [ 576395.0, 5241076.0 ], [ 576395.0, 5241076.5 ], [ 576394.5, 5241076.5 ], [ 576394.5, 5241077.0 ], [ 576394.0, 5241077.0 ], [ 576394.0, 5241077.5 ], [ 576393.5, 5241077.5 ], [ 576393.5, 5241078.0 ], [ 576395.0, 5241078.0 ], [ 576395.0, 5241078.5 ], [ 576400.5, 5241078.5 ], [ 576400.5, 5241079.0 ], [ 576406.5, 5241079.0 ], [ 576406.5, 5241079.5 ], [ 576412.5, 5241079.5 ], [ 576412.5, 5241080.0 ], [ 576417.5, 5241080.0 ], [ 576417.5, 5241080.5 ], [ 576418.5, 5241080.5 ], [ 576418.5, 5241081.0 ], [ 576419.5, 5241081.0 ], [ 576419.5, 5241081.5 ], [ 576420.5, 5241081.5 ], [ 576420.5, 5241082.0 ], [ 576422.0, 5241082.0 ], [ 576422.0, 5241082.5 ], [ 576423.0, 5241082.5 ], [ 576423.0, 5241083.0 ], [ 576424.0, 5241083.0 ], [ 576424.0, 5241083.5 ], [ 576425.0, 5241083.5 ], [ 576425.0, 5241084.0 ], [ 576426.0, 5241084.0 ], [ 576426.0, 5241084.5 ], [ 576427.0, 5241084.5 ], [ 576427.0, 5241085.0 ], [ 576428.0, 5241085.0 ], [ 576428.0, 5241085.5 ], [ 576429.5, 5241085.5 ], [ 576429.5, 5241086.0 ], [ 576430.5, 5241086.0 ], [ 576430.5, 5241086.5 ], [ 576431.5, 5241086.5 ], [ 576431.5, 5241087.0 ], [ 576432.5, 5241087.0 ], [ 576432.5, 5241087.5 ], [ 576433.5, 5241087.5 ], [ 576433.5, 5241088.0 ] ], [ [ 576389.5, 5241075.0 ], [ 576390.0, 5241075.0 ], [ 576390.0, 5241074.0 ], [ 576390.5, 5241074.0 ], [ 576390.5, 5241073.5 ], [ 576390.0, 5241073.5 ], [ 576390.0, 5241073.0 ], [ 576390.5, 5241073.0 ], [ 576390.5, 5241072.5 ], [ 576390.0, 5241072.5 ], [ 576390.0, 5241072.0 ], [ 576390.5, 5241072.0 ], [ 576390.5, 5241071.0 ], [ 576391.0, 5241071.0 ], [ 576391.0, 5241070.5 ], [ 576390.5, 5241070.5 ], [ 576390.5, 5241070.0 ], [ 576390.0, 5241070.0 ], [ 576390.0, 5241069.5 ], [ 576390.5, 5241069.5 ], [ 576390.5, 5241069.0 ], [ 576391.0, 5241069.0 ], [ 576391.0, 5241068.5 ], [ 576391.5, 5241068.5 ], [ 576391.5, 5241068.0 ], [ 576392.0, 5241068.0 ], [ 576392.0, 5241067.5 ], [ 576392.5, 5241067.5 ], [ 576392.5, 5241067.0 ], [ 576393.0, 5241067.0 ], [ 576393.0, 5241066.0 ], [ 576393.5, 5241066.0 ], [ 576393.5, 5241065.5 ], [ 576394.0, 5241065.5 ], [ 576394.0, 5241065.0 ], [ 576394.5, 5241065.0 ], [ 576394.5, 5241064.5 ], [ 576394.0, 5241064.5 ], [ 576394.0, 5241064.0 ], [ 576393.5, 5241064.0 ], [ 576393.5, 5241063.5 ], [ 576394.0, 5241063.5 ], [ 576394.0, 5241063.0 ], [ 576394.5, 5241063.0 ], [ 576394.5, 5241062.0 ], [ 576394.0, 5241062.0 ], [ 576394.0, 5241061.5 ], [ 576394.5, 5241061.5 ], [ 576394.5, 5241061.0 ], [ 576395.0, 5241061.0 ], [ 576395.0, 5241060.5 ], [ 576395.5, 5241060.5 ], [ 576395.5, 5241060.0 ], [ 576396.0, 5241060.0 ], [ 576396.0, 5241059.5 ], [ 576395.5, 5241059.5 ], [ 576395.5, 5241059.0 ], [ 576395.0, 5241059.0 ], [ 576395.0, 5241058.5 ], [ 576394.5, 5241058.5 ], [ 576394.5, 5241058.0 ], [ 576394.0, 5241058.0 ], [ 576394.0, 5241057.5 ], [ 576393.5, 5241057.5 ], [ 576393.5, 5241057.0 ], [ 576393.0, 5241057.0 ], [ 576393.0, 5241056.5 ], [ 576392.5, 5241056.5 ], [ 576392.5, 5241056.0 ], [ 576392.0, 5241056.0 ], [ 576392.0, 5241055.5 ], [ 576391.5, 5241055.5 ], [ 576391.5, 5241055.0 ], [ 576391.0, 5241055.0 ], [ 576391.0, 5241054.5 ], [ 576390.5, 5241054.5 ], [ 576390.5, 5241054.0 ], [ 576390.0, 5241054.0 ], [ 576390.0, 5241053.5 ], [ 576389.5, 5241053.5 ], [ 576389.5, 5241053.0 ], [ 576389.0, 5241053.0 ], [ 576389.0, 5241052.5 ], [ 576388.0, 5241052.5 ], [ 576388.0, 5241053.0 ], [ 576387.5, 5241053.0 ], [ 576387.5, 5241053.5 ], [ 576387.0, 5241053.5 ], [ 576387.0, 5241054.0 ], [ 576386.5, 5241054.0 ], [ 576386.5, 5241054.5 ], [ 576386.0, 5241054.5 ], [ 576386.0, 5241055.0 ], [ 576385.5, 5241055.0 ], [ 576385.5, 5241055.5 ], [ 576385.0, 5241055.5 ], [ 576385.0, 5241056.0 ], [ 576384.5, 5241056.0 ], [ 576384.5, 5241056.5 ], [ 576384.0, 5241056.5 ], [ 576384.0, 5241057.0 ], [ 576383.5, 5241057.0 ], [ 576383.5, 5241057.5 ], [ 576383.0, 5241057.5 ], [ 576383.0, 5241058.5 ], [ 576383.5, 5241058.5 ], [ 576383.5, 5241059.0 ], [ 576383.0, 5241059.0 ], [ 576383.0, 5241059.5 ], [ 576383.5, 5241059.5 ], [ 576383.5, 5241060.0 ], [ 576383.0, 5241060.0 ], [ 576383.0, 5241060.5 ], [ 576382.5, 5241060.5 ], [ 576382.5, 5241060.0 ], [ 576380.5, 5241060.0 ], [ 576380.5, 5241059.5 ], [ 576380.0, 5241059.5 ], [ 576380.0, 5241060.0 ], [ 576379.5, 5241060.0 ], [ 576379.5, 5241060.5 ], [ 576379.0, 5241060.5 ], [ 576379.0, 5241061.0 ], [ 576379.5, 5241061.0 ], [ 576379.5, 5241061.5 ], [ 576380.0, 5241061.5 ], [ 576380.0, 5241062.5 ], [ 576380.5, 5241062.5 ], [ 576380.5, 5241063.0 ], [ 576381.0, 5241063.0 ], [ 576381.0, 5241063.5 ], [ 576381.5, 5241063.5 ], [ 576381.5, 5241064.5 ], [ 576382.0, 5241064.5 ], [ 576382.0, 5241065.0 ], [ 576382.5, 5241065.0 ], [ 576382.5, 5241065.5 ], [ 576383.0, 5241065.5 ], [ 576383.0, 5241066.5 ], [ 576383.5, 5241066.5 ], [ 576383.5, 5241067.0 ], [ 576384.0, 5241067.0 ], [ 576384.0, 5241067.5 ], [ 576384.5, 5241067.5 ], [ 576384.5, 5241068.5 ], [ 576385.0, 5241068.5 ], [ 576385.0, 5241069.0 ], [ 576385.5, 5241069.0 ], [ 576385.5, 5241069.5 ], [ 576386.0, 5241069.5 ], [ 576386.0, 5241070.5 ], [ 576386.5, 5241070.5 ], [ 576386.5, 5241071.0 ], [ 576387.0, 5241071.0 ], [ 576387.0, 5241071.5 ], [ 576387.5, 5241071.5 ], [ 576387.5, 5241072.5 ], [ 576388.0, 5241072.5 ], [ 576388.0, 5241073.0 ], [ 576388.5, 5241073.0 ], [ 576388.5, 5241073.5 ], [ 576389.0, 5241073.5 ], [ 576389.0, 5241074.5 ], [ 576389.5, 5241074.5 ], [ 576389.5, 5241075.0 ] ], [ [ 576378.5, 5241060.5 ], [ 576379.0, 5241060.5 ], [ 576379.0, 5241060.0 ], [ 576378.5, 5241060.0 ], [ 576378.5, 5241060.5 ] ] ] } }
]
}
