{
"type": "FeatureCollection",
"name": "water_bodies",
"crs": { "type": "name", "properties": { "name": "urn:ogc:def:crs:EPSG::6339" } },
"features": [
{ "type": "Feature", "properties": { "id": 1, "level_m": 204.2, "level_iqr_m": 0.1, "area_m2": 7008, "n_points": 7615 }, "geometry": { "type": "Polygon", "coordinates": [ [ [ 576151.0, 5242423.0 ], [ 576151.0, 5242422.0 ], [ 576149.0, 5242422.0 ], [ 576149.0, 5242421.0 ], [ 576148.0, 5242421.0 ], [ 576148.0, 5242422.0 ], [ 576146.0, 5242422.0 ], [ 576146.0, 5242421.0 ], [ 576145.0, 5242421.0 ], [ 576145.0, 5242420.0 ], [ 576144.0, 5242420.0 ], [ 576144.0, 5242419.0 ], [ 576143.0, 5242419.0 ], [ 576143.0, 5242418.0 ], [ 576142.0, 5242418.0 ], [ 576142.0, 5242414.0 ], [ 576141.0, 5242414.0 ], [ 576141.0, 5242413.0 ], [ 576142.0, 5242413.0 ], [ 576142.0, 5242412.0 ], [ 576143.0, 5242412.0 ], [ 576143.0, 5242410.0 ], [ 576144.0, 5242410.0 ], [ 576144.0, 5242407.0 ], [ 576145.0, 5242407.0 ], [ 576145.0, 5242404.0 ], [ 576144.0, 5242404.0 ], [ 576144.0, 5242402.0 ], [ 576143.0, 5242402.0 ], [ 576143.0, 5242401.0 ], [ 576142.0, 5242401.0 ], [ 576142.0, 5242400.0 ], [ 576141.0, 5242400.0 ], [ 576141.0, 5242399.0 ], [ 576140.0, 5242399.0 ], [ 576140.0, 5242398.0 ], [ 576139.0, 5242398.0 ], [ 576139.0, 5242397.0 ], [ 576137.0, 5242397.0 ], [ 576137.0, 5242396.0 ], [ 576134.0, 5242396.0 ], [ 576134.0, 5242395.0 ], [ 576133.0, 5242395.0 ], [ 576133.0, 5242394.0 ], [ 576132.0, 5242394.0 ], [ 576132.0, 5242393.0 ], [ 576130.0, 5242393.0 ], [ 576130.0, 5242392.0 ], [ 576129.0, 5242392.0 ], [ 576129.0, 5242391.0 ], [ 576126.0, 5242391.0 ], [ 576126.0, 5242390.0 ], [ 576125.0, 5242390.0 ], [ 576125.0, 5242389.0 ], [ 576124.0, 5242389.0 ], [ 576124.0, 5242388.0 ], [ 576123.0, 5242388.0 ], [ 576123.0, 5242386.0 ], [ 576124.0, 5242386.0 ], [ 576124.0, 5242384.0 ], [ 576125.0, 5242384.0 ], [ 576125.0, 5242382.0 ], [ 576124.0, 5242382.0 ], [ 576124.0, 5242381.0 ], [ 576125.0, 5242381.0 ], [ 576125.0, 5242379.0 ], [ 576126.0, 5242379.0 ], [ 576126.0, 5242378.0 ], [ 576127.0, 5242378.0 ], [ 576127.0, 5242376.0 ], [ 576128.0, 5242376.0 ], [ 576128.0, 5242373.0 ], [ 576127.0, 5242373.0 ], [ 576127.0, 5242372.0 ], [ 576126.0, 5242372.0 ], [ 576126.0, 5242371.0 ], [ 576127.0, 5242371.0 ], [ 576127.0, 5242369.0 ], [ 576128.0, 5242369.0 ], [ 576128.0, 5242368.0 ], [ 576129.0, 5242368.0 ], [ 576129.0, 5242367.0 ], [ 576130.0, 5242367.0 ], [ 576130.0, 5242366.0 ], [ 576131.0, 5242366.0 ], [ 576131.0, 5242365.0 ], [ 576132.0, 5242365.0 ], [ 576132.0, 5242363.0 ], [ 576131.0, 5242363.0 ], [ 576131.0, 5242362.0 ], [ 576130.0, 5242362.0 ], [ 576130.0, 5242360.0 ], [ 576131.0, 5242360.0 ], [ 576131.0, 5242358.0 ], [ 576130.0, 5242358.0 ], [ 576130.0, 5242357.0 ], [ 576131.0, 5242357.0 ], [ 576131.0, 5242356.0 ], [ 576130.0, 5242356.0 ], [ 576130.0, 5242355.0 ], [ 576129.0, 5242355.0 ], [ 576129.0, 5242354.0 ], [ 576128.0, 5242354.0 ], [ 576128.0, 5242351.0 ], [ 576129.0, 5242351.0 ], [ 576129.0, 5242350.0 ], [ 576128.0, 5242350.0 ], [ 576128.0, 5242346.0 ], [ 576129.0, 5242346.0 ], [ 576129.0, 5242345.0 ], [ 576130.0, 5242345.0 ], [ 576130.0, 5242344.0 ], [ 576129.0, 5242344.0 ], [ 576129.0, 5242343.0 ], [ 576128.0, 5242343.0 ], [ 576128.0, 5242342.0 ], [ 576127.0, 5242342.0 ], [ 576127.0, 5242341.0 ], [ 576126.0, 5242341.0 ], [ 576126.0, 5242339.0 ], [ 576125.0, 5242339.0 ], [ 576125.0, 5242338.0 ], [ 576126.0, 5242338.0 ], [ 576126.0, 5242337.0 ], [ 576127.0, 5242337.0 ], [ 576127.0, 5242336.0 ], [ 576128.0, 5242336.0 ], [ 576128.0, 5242335.0 ], [ 576127.0, 5242335.0 ], [ 576127.0, 5242332.0 ], [ 576128.0, 5242332.0 ], [ 576128.0, 5242331.0 ], [ 576129.0, 5242331.0 ], [ 576129.0, 5242329.0 ], [ 576130.0, 5242329.0 ], [ 576130.0, 5242327.0 ], [ 576129.0, 5242327.0 ], [ 576129.0, 5242326.0 ], [ 576128.0, 5242326.0 ], [ 576128.0, 5242325.0 ], [ 576127.0, 5242325.0 ], [ 576127.0, 5242324.0 ], [ 576126.0, 5242324.0 ], [ 576126.0, 5242322.0 ], [ 576125.0, 5242322.0 ], [ 576125.0, 5242321.0 ], [ 576124.0, 5242321.0 ], [ 576124.0, 5242320.0 ], [ 576123.0, 5242320.0 ], [ 576123.0, 5242317.0 ], [ 576124.0, 5242317.0 ], [ 576124.0, 5242316.0 ], [ 576125.0, 5242316.0 ], [ 576125.0, 5242313.0 ], [ 576124.0, 5242313.0 ], [ 576124.0, 5242312.0 ], [ 576123.0, 5242312.0 ], [ 576123.0, 5242311.0 ], [ 576122.0, 5242311.0 ], [ 576122.0, 5242310.0 ], [ 576121.0, 5242310.0 ], [ 576121.0, 5242309.0 ], [ 576120.0, 5242309.0 ], [ 576120.0, 5242308.0 ], [ 576119.0, 5242308.0 ], [ 576119.0, 5242307.0 ], [ 576120.0, 5242307.0 ], [ 576120.0, 5242306.0 ], [ 576121.0, 5242306.0 ], [ 576121.0, 5242305.0 ], [ 576122.0, 5242305.0 ], [ 576122.0, 5242304.0 ], [ 576123.0, 5242304.0 ], [ 576123.0, 5242303.0 ], [ 576124.0, 5242303.0 ], [ 576124.0, 5242302.0 ], [ 576125.0, 5242302.0 ], [ 576125.0, 5242301.0 ], [ 576124.0, 5242301.0 ], [ 576124.0, 5242300.0 ], [ 576123.0, 5242300.0 ], [ 576123.0, 5242299.0 ], [ 576122.0, 5242299.0 ], [ 576122.0, 5242298.0 ], [ 576121.0, 5242298.0 ], [ 576121.0, 5242297.0 ], [ 576120.0, 5242297.0 ], [ 576120.0, 5242296.0 ], [ 576119.0, 5242296.0 ], [ 576119.0, 5242295.0 ], [ 576120.0, 5242295.0 ], [ 576120.0, 5242293.0 ], [ 576121.0, 5242293.0 ], [ 576121.0, 5242292.0 ], [ 576122.0, 5242292.0 ], [ 576122.0, 5242291.0 ], [ 576123.0, 5242291.0 ], [ 576123.0, 5242290.0 ], [ 576124.0, 5242290.0 ], [ 576124.0, 5242289.0 ], [ 576123.0, 5242289.0 ], [ 576123.0, 5242288.0 ], [ 576122.0, 5242288.0 ], [ 576122.0, 5242283.0 ], [ 576121.0, 5242283.0 ], [ 576121.0, 5242281.0 ], [ 576120.0, 5242281.0 ], [ 576120.0, 5242280.0 ], [ 576119.0, 5242280.0 ], [ 576119.0, 5242279.0 ], [ 576118.0, 5242279.0 ], [ 576118.0, 5242278.0 ], [ 576117.0, 5242278.0 ], [ 576117.0, 5242277.0 ], [ 576116.0, 5242277.0 ], [ 576116.0, 5242276.0 ], [ 576115.0, 5242276.0 ], [ 576115.0, 5242275.0 ], [ 576116.0, 5242275.0 ], [ 576116.0, 5242274.0 ], [ 576117.0, 5242274.0 ], [ 576117.0, 5242273.0 ], [ 576118.0, 5242273.0 ], [ 576118.0, 5242272.0 ], [ 576119.0, 5242272.0 ], [ 576119.0, 5242271.0 ], [ 576120.0, 5242271.0 ], [ 576120.0, 5242268.0 ], [ 576119.0, 5242268.0 ], [ 576119.0, 5242267.0 ], [ 576118.0, 5242267.0 ], [ 576118.0, 5242266.0 ], [ 576117.0, 5242266.0 ], [ 576117.0, 5242265.0 ], [ 576116.0, 5242265.0 ], [ 576116.0, 5242264.0 ], [ 576115.0, 5242264.0 ], [ 576115.0, 5242263.0 ], [ 576114.0, 5242263.0 ], [ 576114.0, 5242262.0 ], [ 576112.0, 5242262.0 ], [ 576112.0, 5242261.0 ], [ 576110.0, 5242261.0 ], [ 576110.0, 5242260.0 ], [ 576109.0, 5242260.0 ], [ 576109.0, 5242259.0 ], [ 576108.0, 5242259.0 ], [ 576108.0, 5242260.0 ], [ 576107.0, 5242260.0 ], [ 576107.0, 5242259.0 ], [ 576106.0, 5242259.0 ], [ 576106.0, 5242260.0 ], [ 576104.0, 5242260.0 ], [ 576104.0, 5242259.0 ], [ 576103.0, 5242259.0 ], [ 576103.0, 5242258.0 ], [ 576104.0, 5242258.0 ], [ 576104.0, 5242257.0 ], [ 576105.0, 5242257.0 ], [ 576105.0, 5242256.0 ], [ 576106.0, 5242256.0 ], [ 576106.0, 5242255.0 ], [ 576107.0, 5242255.0 ], [ 576107.0, 5242254.0 ], [ 576108.0, 5242254.0 ], [ 576108.0, 5242253.0 ], [ 576109.0, 5242253.0 ], [ 576109.0, 5242251.0 ], [ 576108.0, 5242251.0 ], [ 576108.0, 5242250.0 ], [ 576107.0, 5242250.0 ], [ 576107.0, 5242249.0 ], [ 576108.0, 5242249.0 ], [ 576108.0, 5242248.0 ], [ 576107.0, 5242248.0 ], [ 576107.0, 5242246.0 ], [ 576106.0, 5242246.0 ], [ 576106.0, 5242245.0 ], [ 576105.0, 5242245.0 ], [ 576105.0, 5242244.0 ], [ 576106.0, 5242244.0 ], [ 576106.0, 5242242.0 ], [ 576105.0, 5242242.0 ], [ 576105.0, 5242240.0 ], [ 576106.0, 5242240.0 ], [ 576106.0, 5242239.0 ], [ 576105.0, 5242239.0 ], [ 576105.0, 5242235.0 ], [ 576104.0, 5242235.0 ], [ 576104.0, 5242233.0 ], [ 576103.0, 5242233.0 ], [ 576103.0, 5242231.0 ], [ 576102.0, 5242231.0 ], [ 576102.0, 5242229.0 ], [ 576101.0, 5242229.0 ], [ 576101.0, 5242225.0 ], [ 576100.0, 5242225.0 ], [ 576100.0, 5242224.0 ], [ 576099.0, 5242224.0 ], [ 576099.0, 5242223.0 ], [ 576100.0, 5242223.0 ], [ 576100.0, 5242222.0 ], [ 576099.0, 5242222.0 ], [ 576099.0, 5242219.0 ], [ 576098.0, 5242219.0 ], [ 576098.0, 5242217.0 ], [ 576099.0, 5242217.0 ], [ 576099.0, 5242216.0 ], [ 576098.0, 5242216.0 ], [ 576098.0, 5242213.0 ], [ 576099.0, 5242213.0 ], [ 576099.0, 5242212.0 ], [ 576100.0, 5242212.0 ], [ 576100.0, 5242211.0 ], [ 576101.0, 5242211.0 ], [ 576101.0, 5242210.0 ], [ 576102.0, 5242210.0 ], [ 576102.0, 5242208.0 ], [ 576101.0, 5242208.0 ], [ 576101.0, 5242204.0 ], [ 576102.0, 5242204.0 ], [ 576102.0, 5242203.0 ], [ 576103.0, 5242203.0 ], [ 576103.0, 5242204.0 ], [ 576104.0, 5242204.0 ], [ 576104.0, 5242205.0 ], [ 576106.0, 5242205.0 ], [ 576106.0, 5242204.0 ], [ 576107.0, 5242204.0 ], [ 576107.0, 5242203.0 ], [ 576108.0, 5242203.0 ], [ 576108.0, 5242202.0 ], [ 576109.0, 5242202.0 ], [ 576109.0, 5242201.0 ], [ 576110.0, 5242201.0 ], [ 576110.0, 5242200.0 ], [ 576111.0, 5242200.0 ], [ 576111.0, 5242199.0 ], [ 576112.0, 5242199.0 ], [ 576112.0, 5242198.0 ], [ 576113.0, 5242198.0 ], [ 576113.0, 5242197.0 ], [ 576114.0, 5242197.0 ], [ 576114.0, 5242196.0 ], [ 576115.0, 5242196.0 ], [ 576115.0, 5242197.0 ], [ 576116.0, 5242197.0 ], [ 576116.0, 5242198.0 ], [ 576117.0, 5242198.0 ], [ 576117.0, 5242199.0 ], [ 576118.0, 5242199.0 ], [ 576118.0, 5242200.0 ], [ 576120.0, 5242200.0 ], [ 576120.0, 5242199.0 ], [ 576121.0, 5242199.0 ], [ 576121.0, 5242198.0 ], [ 576122.0, 5242198.0 ], [ 576122.0, 5242197.0 ], [ 576123.0, 5242197.0 ], [ 576123.0, 5242196.0 ], [ 576124.0, 5242196.0 ], [ 576124.0, 5242195.0 ], [ 576125.0, 5242195.0 ], [ 576125.0, 5242192.0 ], [ 576124.0, 5242192.0 ], [ 576124.0, 5242190.0 ], [ 576123.0, 5242190.0 ], [ 576123.0, 5242189.0 ], [ 576122.0, 5242189.0 ], [ 576122.0, 5242187.0 ], [ 576123.0, 5242187.0 ], [ 576123.0, 5242186.0 ], [ 576124.0, 5242186.0 ], [ 576124.0, 5242187.0 ], [ 576125.0, 5242187.0 ], [ 576125.0, 5242189.0 ], [ 576126.0, 5242189.0 ], [ 576126.0, 5242191.0 ], [ 576127.0, 5242191.0 ], [ 576127.0, 5242192.0 ], [ 576128.0, 5242192.0 ], [ 576128.0, 5242193.0 ], [ 576129.0, 5242193.0 ], [ 576129.0, 5242194.0 ], [ 576130.0, 5242194.0 ], [ 576130.0, 5242195.0 ], [ 576131.0, 5242195.0 ], [ 576131.0, 5242196.0 ], [ 576132.0, 5242196.0 ], [ 576132.0, 5242195.0 ], [ 576133.0, 5242195.0 ], [ 576133.0, 5242194.0 ], [ 576134.0, 5242194.0 ], [ 576134.0, 5242193.0 ], [ 576135.0, 5242193.0 ], [ 576135.0, 5242192.0 ], [ 576136.0, 5242192.0 ], [ 576136.0, 5242191.0 ], [ 576137.0, 5242191.0 ], [ 576137.0, 5242190.0 ], [ 576139.0, 5242190.0 ], [ 576139.0, 5242191.0 ], [ 576140.0, 5242191.0 ], [ 576140.0, 5242193.0 ], [ 576141.0, 5242193.0 ], [ 576141.0, 5242194.0 ], [ 576142.0, 5242194.0 ], [ 576142.0, 5242195.0 ], [ 576143.0, 5242195.0 ], [ 576143.0, 5242196.0 ], [ 576142.0, 5242196.0 ], [ 576142.0, 5242197.0 ], [ 576143.0, 5242197.0 ], [ 576143.0, 5242198.0 ], [ 576144.0, 5242198.0 ], [ 576144.0, 5242199.0 ], [ 576145.0, 5242199.0 ], [ 576145.0, 5242200.0 ], [ 576146.0, 5242200.0 ], [ 576146.0, 5242201.0 ], [ 576145.0, 5242201.0 ], [ 576145.0, 5242202.0 ], [ 576146.0, 5242202.0 ], [ 576146.0, 5242203.0 ], [ 576145.0, 5242203.0 ], [ 576145.0, 5242205.0 ], [ 576146.0, 5242205.0 ], [ 576146.0, 5242206.0 ], [ 576147.0, 5242206.0 ], [ 576147.0, 5242209.0 ], [ 576146.0, 5242209.0 ], [ 576146.0, 5242210.0 ], [ 576147.0, 5242210.0 ], [ 576147.0, 5242211.0 ], [ 576146.0, 5242211.0 ], [ 576146.0, 5242212.0 ], [ 576147.0, 5242212.0 ], [ 576147.0, 5242213.0 ], [ 576148.0, 5242213.0 ], [ 576148.0, 5242218.0 ], [ 576149.0, 5242218.0 ], [ 576149.0, 5242219.0 ], [ 576148.0, 5242219.0 ], [ 576148.0, 5242222.0 ], [ 576149.0, 5242222.0 ], [ 576149.0, 5242223.0 ], [ 576150.0, 5242223.0 ], [ 576150.0, 5242224.0 ], [ 576151.0, 5242224.0 ], [ 576151.0, 5242225.0 ], [ 576152.0, 5242225.0 ], [ 576152.0, 5242231.0 ], [ 576153.0, 5242231.0 ], [ 576153.0, 5242233.0 ], [ 576154.0, 5242233.0 ], [ 576154.0, 5242234.0 ], [ 576153.0, 5242234.0 ], [ 576153.0, 5242235.0 ], [ 576154.0, 5242235.0 ], [ 576154.0, 5242236.0 ], [ 576153.0, 5242236.0 ], [ 576153.0, 5242238.0 ], [ 576152.0, 5242238.0 ], [ 576152.0, 5242239.0 ], [ 576151.0, 5242239.0 ], [ 576151.0, 5242240.0 ], [ 576150.0, 5242240.0 ], [ 576150.0, 5242241.0 ], [ 576149.0, 5242241.0 ], [ 576149.0, 5242242.0 ], [ 576148.0, 5242242.0 ], [ 576148.0, 5242243.0 ], [ 576147.0, 5242243.0 ], [ 576147.0, 5242244.0 ], [ 576146.0, 5242244.0 ], [ 576146.0, 5242245.0 ], [ 576147.0, 5242245.0 ], [ 576147.0, 5242246.0 ], [ 576146.0, 5242246.0 ], [ 576146.0, 5242247.0 ], [ 576147.0, 5242247.0 ], [ 576147.0, 5242248.0 ], [ 576146.0, 5242248.0 ], [ 576146.0, 5242249.0 ], [ 576145.0, 5242249.0 ], [ 576145.0, 5242250.0 ], [ 576146.0, 5242250.0 ], [ 576146.0, 5242253.0 ], [ 576145.0, 5242253.0 ], [ 576145.0, 5242254.0 ], [ 576144.0, 5242254.0 ], [ 576144.0, 5242255.0 ], [ 576145.0, 5242255.0 ], [ 576145.0, 5242260.0 ], [ 576144.0, 5242260.0 ], [ 576144.0, 5242262.0 ], [ 576145.0, 5242262.0 ], [ 576145.0, 5242263.0 ], [ 576146.0, 5242263.0 ], [ 576146.0, 5242265.0 ], [ 576147.0, 5242265.0 ], [ 576147.0, 5242266.0 ], [ 576148.0, 5242266.0 ], [ 576148.0, 5242267.0 ], [ 576147.0, 5242267.0 ], [ 576147.0, 5242268.0 ], [ 576148.0, 5242268.0 ], [ 576148.0, 5242269.0 ], [ 576147.0, 5242269.0 ], [ 576147.0, 5242272.0 ], [ 576146.0, 5242272.0 ], [ 576146.0, 5242273.0 ], [ 576147.0, 5242273.0 ], [ 576147.0, 5242274.0 ], [ 576146.0, 5242274.0 ], [ 576146.0, 5242275.0 ], [ 576145.0, 5242275.0 ], [ 576145.0, 5242276.0 ], [ 576146.0, 5242276.0 ], [ 576146.0, 5242278.0 ], [ 576147.0, 5242278.0 ], [ 576147.0, 5242279.0 ], [ 576148.0, 5242279.0 ], [ 576148.0, 5242280.0 ], [ 576149.0, 5242280.0 ], [ 576149.0, 5242281.0 ], [ 576150.0, 5242281.0 ], [ 576150.0, 5242282.0 ], [ 576151.0, 5242282.0 ], [ 576151.0, 5242283.0 ], [ 576154.0, 5242283.0 ], [ 576154.0, 5242284.0 ], [ 576155.0, 5242284.0 ], [ 576155.0, 5242287.0 ], [ 576154.0, 5242287.0 ], [ 576154.0, 5242288.0 ], [ 576153.0, 5242288.0 ], [ 576153.0, 5242289.0 ], [ 576152.0, 5242289.0 ], [ 576152.0, 5242290.0 ], [ 576153.0, 5242290.0 ], [ 576153.0, 5242291.0 ], [ 576154.0, 5242291.0 ], [ 576154.0, 5242292.0 ], [ 576155.0, 5242292.0 ], [ 576155.0, 5242293.0 ], [ 576154.0, 5242293.0 ], [ 576154.0, 5242294.0 ], [ 576153.0, 5242294.0 ], [ 576153.0, 5242295.0 ], [ 576154.0, 5242295.0 ], [ 576154.0, 5242296.0 ], [ 576153.0, 5242296.0 ], [ 576153.0, 5242298.0 ], [ 576152.0, 5242298.0 ], [ 576152.0, 5242300.0 ], [ 576151.0, 5242300.0 ], [ 576151.0, 5242301.0 ], [ 576150.0, 5242301.0 ], [ 576150.0, 5242302.0 ], [ 576149.0, 5242302.0 ], [ 576149.0, 5242303.0 ], [ 576148.0, 5242303.0 ], [ 576148.0, 5242304.0 ], [ 576147.0, 5242304.0 ], [ 576147.0, 5242306.0 ], [ 576146.0, 5242306.0 ], [ 576146.0, 5242307.0 ], [ 576147.0, 5242307.0 ], [ 576147.0, 5242308.0 ], [ 576148.0, 5242308.0 ], [ 576148.0, 5242309.0 ], [ 576149.0, 5242309.0 ], [ 576149.0, 5242310.0 ], [ 576150.0, 5242310.0 ], [ 576150.0, 5242312.0 ], [ 576151.0, 5242312.0 ], [ 576151.0, 5242313.0 ], [ 576152.0, 5242313.0 ], [ 576152.0, 5242314.0 ], [ 576153.0, 5242314.0 ], [ 576153.0, 5242315.0 ], [ 576154.0, 5242315.0 ], [ 576154.0, 5242316.0 ], [ 576155.0, 5242316.0 ], [ 576155.0, 5242317.0 ], [ 576158.0, 5242317.0 ], [ 576158.0, 5242318.0 ], [ 576159.0, 5242318.0 ], [ 576159.0, 5242319.0 ], [ 576158.0, 5242319.0 ], [ 576158.0, 5242321.0 ], [ 576157.0, 5242321.0 ], [ 576157.0, 5242322.0 ], [ 576156.0, 5242322.0 ], [ 576156.0, 5242323.0 ], [ 576155.0, 5242323.0 ], [ 576155.0, 5242324.0 ], [ 576154.0, 5242324.0 ], [ 576154.0, 5242325.0 ], [ 576153.0, 5242325.0 ], [ 576153.0, 5242326.0 ], [ 576154.0, 5242326.0 ], [ 576154.0, 5242328.0 ], [ 576153.0, 5242328.0 ], [ 576153.0, 5242329.0 ], [ 576154.0, 5242329.0 ], [ 576154.0, 5242331.0 ], [ 576155.0, 5242331.0 ], [ 576155.0, 5242332.0 ], [ 576156.0, 5242332.0 ], [ 576156.0, 5242333.0 ], [ 576155.0, 5242333.0 ], [ 576155.0, 5242334.0 ], [ 576153.0, 5242334.0 ], [ 576153.0, 5242335.0 ], [ 576152.0, 5242335.0 ], [ 576152.0, 5242336.0 ], [ 576151.0, 5242336.0 ], [ 576151.0, 5242337.0 ], [ 576150.0, 5242337.0 ], [ 576150.0, 5242338.0 ], [ 576149.0, 5242338.0 ], [ 576149.0, 5242339.0 ], [ 576148.0, 5242339.0 ], [ 576148.0, 5242340.0 ], [ 576149.0, 5242340.0 ], [ 576149.0, 5242342.0 ], [ 576148.0, 5242342.0 ], [ 576148.0, 5242344.0 ], [ 576147.0, 5242344.0 ], [ 576147.0, 5242345.0 ], [ 576146.0, 5242345.0 ], [ 576146.0, 5242346.0 ], [ 576145.0, 5242346.0 ], [ 576145.0, 5242347.0 ], [ 576146.0, 5242347.0 ], [ 576146.0, 5242348.0 ], [ 576147.0, 5242348.0 ], [ 576147.0, 5242349.0 ], [ 576148.0, 5242349.0 ], [ 576148.0, 5242350.0 ], [ 576147.0, 5242350.0 ], [ 576147.0, 5242351.0 ], [ 576148.0, 5242351.0 ], [ 576148.0, 5242352.0 ], [ 576149.0, 5242352.0 ], [ 576149.0, 5242353.0 ], [ 576148.0, 5242353.0 ], [ 576148.0, 5242359.0 ], [ 576147.0, 5242359.0 ], [ 576147.0, 5242360.0 ], [ 576148.0, 5242360.0 ], [ 576148.0, 5242361.0 ], [ 576147.0, 5242361.0 ], [ 576147.0, 5242362.0 ], [ 576148.0, 5242362.0 ], [ 576148.0, 5242363.0 ], [ 576149.0, 5242363.0 ], [ 576149.0, 5242364.0 ], [ 576148.0, 5242364.0 ], [ 576148.0, 5242365.0 ], [ 576146.0, 5242365.0 ], [ 576146.0, 5242364.0 ], [ 576145.0, 5242364.0 ], [ 576145.0, 5242363.0 ], [ 576144.0, 5242363.0 ], [ 576144.0, 5242362.0 ], [ 576142.0, 5242362.0 ], [ 576142.0, 5242363.0 ], [ 576141.0, 5242363.0 ], [ 576141.0, 5242364.0 ], [ 576140.0, 5242364.0 ], [ 576140.0, 5242365.0 ], [ 576139.0, 5242365.0 ], [ 576139.0, 5242366.0 ], [ 576138.0, 5242366.0 ], [ 576138.0, 5242367.0 ], [ 576137.0, 5242367.0 ], [ 576137.0, 5242368.0 ], [ 576138.0, 5242368.0 ], [ 576138.0, 5242369.0 ], [ 576139.0, 5242369.0 ], [ 576139.0, 5242371.0 ], [ 576140.0, 5242371.0 ], [ 576140.0, 5242372.0 ], [ 576141.0, 5242372.0 ], [ 576141.0, 5242373.0 ], [ 576142.0, 5242373.0 ], [ 576142.0, 5242374.0 ], [ 576143.0, 5242374.0 ], [ 576143.0, 5242375.0 ], [ 576144.0, 5242375.0 ], [ 576144.0, 5242376.0 ], [ 576145.0, 5242376.0 ], [ 576145.0, 5242375.0 ], [ 576146.0, 5242375.0 ], [ 576146.0, 5242374.0 ], [ 576147.0, 5242374.0 ], [ 576147.0, 5242373.0 ], [ 576148.0, 5242373.0 ], [ 576148.0, 5242372.0 ], [ 576149.0, 5242372.0 ], [ 576149.0, 5242371.0 ], [ 576151.0, 5242371.0 ], [ 576151.0, 5242372.0 ], [ 576152.0, 5242372.0 ], [ 576152.0, 5242374.0 ], [ 576153.0, 5242374.0 ], [ 576153.0, 5242375.0 ], [ 576154.0, 5242375.0 ], [ 576154.0, 5242376.0 ], [ 576155.0, 5242376.0 ], [ 576155.0, 5242377.0 ], [ 576156.0, 5242377.0 ], [ 576156.0, 5242378.0 ], [ 576157.0, 5242378.0 ], [ 576157.0, 5242379.0 ], [ 576158.0, 5242379.0 ], [ 576158.0, 5242380.0 ], [ 576159.0, 5242380.0 ], [ 576159.0, 5242381.0 ], [ 576160.0, 5242381.0 ], [ 576160.0, 5242380.0 ], [ 576162.0, 5242380.0 ], [ 576162.0, 5242381.0 ], [ 576163.0, 5242381.0 ], [ 576163.0, 5242380.0 ], [ 576164.0, 5242380.0 ], [ 576164.0, 5242381.0 ], [ 576165.0, 5242381.0 ], [ 576165.0, 5242382.0 ], [ 576164.0, 5242382.0 ], [ 576164.0, 5242383.0 ], [ 576163.0, 5242383.0 ], [ 576163.0, 5242386.0 ], [ 576162.0, 5242386.0 ], [ 576162.0, 5242387.0 ], [ 576161.0, 5242387.0 ], [ 576161.0, 5242388.0 ], [ 576160.0, 5242388.0 ], [ 576160.0, 5242389.0 ], [ 576161.0, 5242389.0 ], [ 576161.0, 5242390.0 ], [ 576162.0, 5242390.0 ], [ 576162.0, 5242391.0 ], [ 576163.0, 5242391.0 ], [ 576163.0, 5242392.0 ], [ 576164.0, 5242392.0 ], [ 576164.0, 5242393.0 ], [ 576165.0, 5242393.0 ], [ 576165.0, 5242394.0 ], [ 576167.0, 5242394.0 ], [ 576167.0, 5242395.0 ], [ 576169.0, 5242395.0 ], [ 576169.0, 5242396.0 ], [ 576170.0, 5242396.0 ], [ 576170.0, 5242400.0 ], [ 576169.0, 5242400.0 ], [ 576169.0, 5242401.0 ], [ 576168.0, 5242401.0 ], [ 576168.0, 5242402.0 ], [ 576167.0, 5242402.0 ], [ 576167.0, 5242403.0 ], [ 576166.0, 5242403.0 ], [ 576166.0, 5242404.0 ], [ 576165.0, 5242404.0 ], [ 576165.0, 5242405.0 ], [ 576164.0, 5242405.0 ], [ 576164.0, 5242406.0 ], [ 576163.0, 5242406.0 ], [ 576163.0, 5242407.0 ], [ 576162.0, 5242407.0 ], [ 576162.0, 5242409.0 ], [ 576161.0, 5242409.0 ], [ 576161.0, 5242411.0 ], [ 576160.0, 5242411.0 ], [ 576160.0, 5242412.0 ], [ 576159.0, 5242412.0 ], [ 576159.0, 5242414.0 ], [ 576160.0, 5242414.0 ], [ 576160.0, 5242415.0 ], [ 576159.0, 5242415.0 ], [ 576159.0, 5242416.0 ], [ 576158.0, 5242416.0 ], [ 576158.0, 5242417.0 ], [ 576157.0, 5242417.0 ], [ 576157.0, 5242418.0 ], [ 576156.0, 5242418.0 ], [ 576156.0, 5242419.0 ], [ 576155.0, 5242419.0 ], [ 576155.0, 5242422.0 ], [ 576154.0, 5242422.0 ], [ 576154.0, 5242423.0 ], [ 576153.0, 5242423.0 ], [ 576153.0, 5242422.0 ], [ 576152.0, 5242422.0 ], [ 576152.0, 5242423.0 ], [ 576151.0, 5242423.0 ] ] ] } },
{ "type": "Feature", "properties": { "id": 2, "level_m": 204.2, "level_iqr_m": 0.09, "area_m2": 1869, "n_points": 1577 }, "geometry": { "type": "Polygon", "coordinates": [ [ [ 576136.0, 5242188.0 ], [ 576136.0, 5242187.0 ], [ 576135.0, 5242187.0 ], [ 576135.0, 5242186.0 ], [ 576134.0, 5242186.0 ], [ 576134.0, 5242184.0 ], [ 576135.0, 5242184.0 ], [ 576135.0, 5242182.0 ], [ 576134.0, 5242182.0 ], [ 576134.0, 5242181.0 ], [ 576133.0, 5242181.0 ], [ 576133.0, 5242180.0 ], [ 576132.0, 5242180.0 ], [ 576132.0, 5242179.0 ], [ 576131.0, 5242179.0 ], [ 576131.0, 5242178.0 ], [ 576130.0, 5242178.0 ], [ 576130.0, 5242177.0 ], [ 576129.0, 5242177.0 ], [ 576129.0, 5242176.0 ], [ 576128.0, 5242176.0 ], [ 576128.0, 5242175.0 ], [ 576127.0, 5242175.0 ], [ 576127.0, 5242174.0 ], [ 576125.0, 5242174.0 ], [ 576125.0, 5242175.0 ], [ 576124.0, 5242175.0 ], [ 576124.0, 5242176.0 ], [ 576123.0, 5242176.0 ], [ 576123.0, 5242175.0 ], [ 576122.0, 5242175.0 ], [ 576122.0, 5242174.0 ], [ 576121.0, 5242174.0 ], [ 576121.0, 5242173.0 ], [ 576122.0, 5242173.0 ], [ 576122.0, 5242172.0 ], [ 576123.0, 5242172.0 ], [ 576123.0, 5242171.0 ], [ 576124.0, 5242171.0 ], [ 576124.0, 5242170.0 ], [ 576125.0, 5242170.0 ], [ 576125.0, 5242168.0 ], [ 576126.0, 5242168.0 ], [ 576126.0, 5242167.0 ], [ 576125.0, 5242167.0 ], [ 576125.0, 5242166.0 ], [ 576126.0, 5242166.0 ], [ 576126.0, 5242165.0 ], [ 576127.0, 5242165.0 ], [ 576127.0, 5242166.0 ], [ 576128.0, 5242166.0 ], [ 576128.0, 5242165.0 ], [ 576129.0, 5242165.0 ], [ 576129.0, 5242164.0 ], [ 576130.0, 5242164.0 ], [ 576130.0, 5242163.0 ], [ 576131.0, 5242163.0 ], [ 576131.0, 5242162.0 ], [ 576132.0, 5242162.0 ], [ 576132.0, 5242161.0 ], [ 576133.0, 5242161.0 ], [ 576133.0, 5242160.0 ], [ 576134.0, 5242160.0 ], [ 576134.0, 5242159.0 ], [ 576135.0, 5242159.0 ], [ 576135.0, 5242158.0 ], [ 576136.0, 5242158.0 ], [ 576136.0, 5242157.0 ], [ 576137.0, 5242157.0 ], [ 576137.0, 5242156.0 ], [ 576138.0, 5242156.0 ], [ 576138.0, 5242154.0 ], [ 576139.0, 5242154.0 ], [ 576139.0, 5242153.0 ], [ 576140.0, 5242153.0 ], [ 576140.0, 5242152.0 ], [ 576141.0, 5242152.0 ], [ 576141.0, 5242150.0 ], [ 576142.0, 5242150.0 ], [ 576142.0, 5242149.0 ], [ 576143.0, 5242149.0 ], [ 576143.0, 5242148.0 ], [ 576144.0, 5242148.0 ], [ 576144.0, 5242147.0 ], [ 576145.0, 5242147.0 ], [ 576145.0, 5242142.0 ], [ 576146.0, 5242142.0 ], [ 576146.0, 5242140.0 ], [ 576147.0, 5242140.0 ], [ 576147.0, 5242139.0 ], [ 576148.0, 5242139.0 ], [ 576148.0, 5242138.0 ], [ 576149.0, 5242138.0 ], [ 576149.0, 5242137.0 ], [ 576150.0, 5242137.0 ], [ 576150.0, 5242136.0 ], [ 576151.0, 5242136.0 ], [ 576151.0, 5242135.0 ], [ 576152.0, 5242135.0 ], [ 576152.0, 5242136.0 ], [ 576153.0, 5242136.0 ], [ 576153.0, 5242137.0 ], [ 576152.0, 5242137.0 ], [ 576152.0, 5242139.0 ], [ 576151.0, 5242139.0 ], [ 576151.0, 5242140.0 ], [ 576152.0, 5242140.0 ], [ 576152.0, 5242141.0 ], [ 576151.0, 5242141.0 ], [ 576151.0, 5242143.0 ], [ 576152.0, 5242143.0 ], [ 576152.0, 5242145.0 ], [ 576153.0, 5242145.0 ], [ 576153.0, 5242146.0 ], [ 576154.0, 5242146.0 ], [ 576154.0, 5242147.0 ], [ 576155.0, 5242147.0 ], [ 576155.0, 5242148.0 ], [ 576156.0, 5242148.0 ], [ 576156.0, 5242149.0 ], [ 576157.0, 5242149.0 ], [ 576157.0, 5242150.0 ], [ 576158.0, 5242150.0 ], [ 576158.0, 5242151.0 ], [ 576159.0, 5242151.0 ], [ 576159.0, 5242152.0 ], [ 576160.0, 5242152.0 ], [ 576160.0, 5242151.0 ], [ 576161.0, 5242151.0 ], [ 576161.0, 5242152.0 ], [ 576162.0, 5242152.0 ], [ 576162.0, 5242153.0 ], [ 576163.0, 5242153.0 ], [ 576163.0, 5242154.0 ], [ 576164.0, 5242154.0 ], [ 576164.0, 5242153.0 ], [ 576165.0, 5242153.0 ], [ 576165.0, 5242152.0 ], [ 576166.0, 5242152.0 ], [ 576166.0, 5242151.0 ], [ 576167.0, 5242151.0 ], [ 576167.0, 5242150.0 ], [ 576168.0, 5242150.0 ], [ 576168.0, 5242149.0 ], [ 576169.0, 5242149.0 ], [ 576169.0, 5242148.0 ], [ 576168.0, 5242148.0 ], [ 576168.0, 5242144.0 ], [ 576169.0, 5242144.0 ], [ 576169.0, 5242142.0 ], [ 576170.0, 5242142.0 ], [ 576170.0, 5242141.0 ], [ 576171.0, 5242141.0 ], [ 576171.0, 5242140.0 ], [ 576172.0, 5242140.0 ], [ 576172.0, 5242139.0 ], [ 576173.0, 5242139.0 ], [ 576173.0, 5242138.0 ], [ 576174.0, 5242138.0 ], [ 576174.0, 5242137.0 ], [ 576173.0, 5242137.0 ], [ 576173.0, 5242135.0 ], [ 576174.0, 5242135.0 ], [ 576174.0, 5242134.0 ], [ 576175.0, 5242134.0 ], [ 576175.0, 5242133.0 ], [ 576176.0, 5242133.0 ], [ 576176.0, 5242131.0 ], [ 576175.0, 5242131.0 ], [ 576175.0, 5242130.0 ], [ 576174.0, 5242130.0 ], [ 576174.0, 5242129.0 ], [ 576173.0, 5242129.0 ], [ 576173.0, 5242128.0 ], [ 576172.0, 5242128.0 ], [ 576172.0, 5242127.0 ], [ 576171.0, 5242127.0 ], [ 576171.0, 5242126.0 ], [ 576170.0, 5242126.0 ], [ 576170.0, 5242125.0 ], [ 576168.0, 5242125.0 ], [ 576168.0, 5242124.0 ], [ 576167.0, 5242124.0 ], [ 576167.0, 5242125.0 ], [ 576166.0, 5242125.0 ], [ 576166.0, 5242126.0 ], [ 576165.0, 5242126.0 ], [ 576165.0, 5242127.0 ], [ 576164.0, 5242127.0 ], [ 576164.0, 5242128.0 ], [ 576163.0, 5242128.0 ], [ 576163.0, 5242129.0 ], [ 576160.0, 5242129.0 ], [ 576160.0, 5242130.0 ], [ 576158.0, 5242130.0 ], [ 576158.0, 5242129.0 ], [ 576157.0, 5242129.0 ], [ 576157.0, 5242130.0 ], [ 576156.0, 5242130.0 ], [ 576156.0, 5242131.0 ], [ 576155.0, 5242131.0 ], [ 576155.0, 5242132.0 ], [ 576154.0, 5242132.0 ], [ 576154.0, 5242133.0 ], [ 576153.0, 5242133.0 ], [ 576153.0, 5242134.0 ], [ 576152.0, 5242134.0 ], [ 576152.0, 5242133.0 ], [ 576151.0, 5242133.0 ], [ 576151.0, 5242132.0 ], [ 576152.0, 5242132.0 ], [ 576152.0, 5242131.0 ], [ 576153.0, 5242131.0 ], [ 576153.0, 5242130.0 ], [ 576154.0, 5242130.0 ], [ 576154.0, 5242129.0 ], [ 576155.0, 5242129.0 ], [ 576155.0, 5242128.0 ], [ 576154.0, 5242128.0 ], [ 576154.0, 5242127.0 ], [ 576155.0, 5242127.0 ], [ 576155.0, 5242126.0 ], [ 576154.0, 5242126.0 ], [ 576154.0, 5242125.0 ], [ 576155.0, 5242125.0 ], [ 576155.0, 5242124.0 ], [ 576156.0, 5242124.0 ], [ 576156.0, 5242123.0 ], [ 576158.0, 5242123.0 ], [ 576158.0, 5242122.0 ], [ 576159.0, 5242122.0 ], [ 576159.0, 5242121.0 ], [ 576160.0, 5242121.0 ], [ 576160.0, 5242120.0 ], [ 576162.0, 5242120.0 ], [ 576162.0, 5242119.0 ], [ 576163.0, 5242119.0 ], [ 576163.0, 5242118.0 ], [ 576164.0, 5242118.0 ], [ 576164.0, 5242117.0 ], [ 576165.0, 5242117.0 ], [ 576165.0, 5242116.0 ], [ 576167.0, 5242116.0 ], [ 576167.0, 5242115.0 ], [ 576168.0, 5242115.0 ], [ 576168.0, 5242114.0 ], [ 576169.0, 5242114.0 ], [ 576169.0, 5242113.0 ], [ 576172.0, 5242113.0 ], [ 576172.0, 5242112.0 ], [ 576173.0, 5242112.0 ], [ 576173.0, 5242111.0 ], [ 576177.0, 5242111.0 ], [ 576177.0, 5242110.0 ], [ 576178.0, 5242110.0 ], [ 576178.0, 5242109.0 ], [ 576179.0, 5242109.0 ], [ 576179.0, 5242108.0 ], [ 576181.0, 5242108.0 ], [ 576181.0, 5242109.0 ], [ 576183.0, 5242109.0 ], [ 576183.0, 5242110.0 ], [ 576184.0, 5242110.0 ], [ 576184.0, 5242111.0 ], [ 576185.0, 5242111.0 ], [ 576185.0, 5242112.0 ], [ 576186.0, 5242112.0 ], [ 576186.0, 5242113.0 ], [ 576187.0, 5242113.0 ], [ 576187.0, 5242114.0 ], [ 576188.0, 5242114.0 ], [ 576188.0, 5242115.0 ], [ 576187.0, 5242115.0 ], [ 576187.0, 5242116.0 ], [ 576186.0, 5242116.0 ], [ 576186.0, 5242117.0 ], [ 576185.0, 5242117.0 ], [ 576185.0, 5242118.0 ], [ 576186.0, 5242118.0 ], [ 576186.0, 5242119.0 ], [ 576185.0, 5242119.0 ], [ 576185.0, 5242120.0 ], [ 576186.0, 5242120.0 ], [ 576186.0, 5242122.0 ], [ 576185.0, 5242122.0 ], [ 576185.0, 5242123.0 ], [ 576186.0, 5242123.0 ], [ 576186.0, 5242124.0 ], [ 576185.0, 5242124.0 ], [ 576185.0, 5242126.0 ], [ 576184.0, 5242126.0 ], [ 576184.0, 5242128.0 ], [ 576183.0, 5242128.0 ], [ 576183.0, 5242131.0 ], [ 576182.0, 5242131.0 ], [ 576182.0, 5242132.0 ], [ 576181.0, 5242132.0 ], [ 576181.0, 5242133.0 ], [ 576180.0, 5242133.0 ], [ 576180.0, 5242134.0 ], [ 576181.0, 5242134.0 ], [ 576181.0, 5242135.0 ], [ 576182.0, 5242135.0 ], [ 576182.0, 5242136.0 ], [ 576181.0, 5242136.0 ], [ 576181.0, 5242138.0 ], [ 576180.0, 5242138.0 ], [ 576180.0, 5242139.0 ], [ 576181.0, 5242139.0 ], [ 576181.0, 5242143.0 ], [ 576180.0, 5242143.0 ], [ 576180.0, 5242146.0 ], [ 576179.0, 5242146.0 ], [ 576179.0, 5242147.0 ], [ 576180.0, 5242147.0 ], [ 576180.0, 5242148.0 ], [ 576179.0, 5242148.0 ], [ 576179.0, 5242149.0 ], [ 576178.0, 5242149.0 ], [ 576178.0, 5242150.0 ], [ 576179.0, 5242150.0 ], [ 576179.0, 5242153.0 ], [ 576178.0, 5242153.0 ], [ 576178.0, 5242155.0 ], [ 576177.0, 5242155.0 ], [ 576177.0, 5242157.0 ], [ 576176.0, 5242157.0 ], [ 576176.0, 5242159.0 ], [ 576175.0, 5242159.0 ], [ 576175.0, 5242160.0 ], [ 576174.0, 5242160.0 ], [ 576174.0, 5242161.0 ], [ 576173.0, 5242161.0 ], [ 576173.0, 5242162.0 ], [ 576172.0, 5242162.0 ], [ 576172.0, 5242161.0 ], [ 576171.0, 5242161.0 ], [ 576171.0, 5242162.0 ], [ 576170.0, 5242162.0 ], [ 576170.0, 5242163.0 ], [ 576169.0, 5242163.0 ], [ 576169.0, 5242164.0 ], [ 576168.0, 5242164.0 ], [ 576168.0, 5242165.0 ], [ 576167.0, 5242165.0 ], [ 576167.0, 5242166.0 ], [ 576166.0, 5242166.0 ], [ 576166.0, 5242167.0 ], [ 576165.0, 5242167.0 ], [ 576165.0, 5242168.0 ], [ 576164.0, 5242168.0 ], [ 576164.0, 5242169.0 ], [ 576162.0, 5242169.0 ], [ 576162.0, 5242170.0 ], [ 576161.0, 5242170.0 ], [ 576161.0, 5242171.0 ], [ 576160.0, 5242171.0 ], [ 576160.0, 5242172.0 ], [ 576159.0, 5242172.0 ], [ 576159.0, 5242173.0 ], [ 576158.0, 5242173.0 ], [ 576158.0, 5242174.0 ], [ 576157.0, 5242174.0 ], [ 576157.0, 5242175.0 ], [ 576156.0, 5242175.0 ], [ 576156.0, 5242176.0 ], [ 576155.0, 5242176.0 ], [ 576155.0, 5242177.0 ], [ 576154.0, 5242177.0 ], [ 576154.0, 5242178.0 ], [ 576153.0, 5242178.0 ], [ 576153.0, 5242180.0 ], [ 576152.0, 5242180.0 ], [ 576152.0, 5242181.0 ], [ 576151.0, 5242181.0 ], [ 576151.0, 5242182.0 ], [ 576147.0, 5242182.0 ], [ 576147.0, 5242183.0 ], [ 576146.0, 5242183.0 ], [ 576146.0, 5242182.0 ], [ 576145.0, 5242182.0 ], [ 576145.0, 5242183.0 ], [ 576142.0, 5242183.0 ], [ 576142.0, 5242184.0 ], [ 576141.0, 5242184.0 ], [ 576141.0, 5242185.0 ], [ 576140.0, 5242185.0 ], [ 576140.0, 5242186.0 ], [ 576139.0, 5242186.0 ], [ 576139.0, 5242187.0 ], [ 576138.0, 5242187.0 ], [ 576138.0, 5242188.0 ], [ 576136.0, 5242188.0 ] ] ] } },
{ "type": "Feature", "properties": { "id": 3, "level_m": 203.96, "level_iqr_m": 0.06, "area_m2": 3772, "n_points": 6627 }, "geometry": { "type": "Polygon", "coordinates": [ [ [ 575850.0, 5242041.0 ], [ 575850.0, 5242040.0 ], [ 575849.0, 5242040.0 ], [ 575849.0, 5242039.0 ], [ 575848.0, 5242039.0 ], [ 575848.0, 5242038.0 ], [ 575847.0, 5242038.0 ], [ 575847.0, 5242037.0 ], [ 575846.0, 5242037.0 ], [ 575846.0, 5242036.0 ], [ 575845.0, 5242036.0 ], [ 575845.0, 5242035.0 ], [ 575844.0, 5242035.0 ], [ 575844.0, 5242034.0 ], [ 575843.0, 5242034.0 ], [ 575843.0, 5242033.0 ], [ 575842.0, 5242033.0 ], [ 575842.0, 5242034.0 ], [ 575841.0, 5242034.0 ], [ 575841.0, 5242035.0 ], [ 575840.0, 5242035.0 ], [ 575840.0, 5242036.0 ], [ 575838.0, 5242036.0 ], [ 575838.0, 5242037.0 ], [ 575836.0, 5242037.0 ], [ 575836.0, 5242036.0 ], [ 575833.0, 5242036.0 ], [ 575833.0, 5242037.0 ], [ 575832.0, 5242037.0 ], [ 575832.0, 5242036.0 ], [ 575830.0, 5242036.0 ], [ 575830.0, 5242035.0 ], [ 575829.0, 5242035.0 ], [ 575829.0, 5242034.0 ], [ 575828.0, 5242034.0 ], [ 575828.0, 5242033.0 ], [ 575825.0, 5242033.0 ], [ 575825.0, 5242032.0 ], [ 575823.0, 5242032.0 ], [ 575823.0, 5242033.0 ], [ 575821.0, 5242033.0 ], [ 575821.0, 5242032.0 ], [ 575820.0, 5242032.0 ], [ 575820.0, 5242031.0 ], [ 575819.0, 5242031.0 ], [ 575819.0, 5242030.0 ], [ 575818.0, 5242030.0 ], [ 575818.0, 5242029.0 ], [ 575817.0, 5242029.0 ], [ 575817.0, 5242028.0 ], [ 575816.0, 5242028.0 ], [ 575816.0, 5242027.0 ], [ 575815.0, 5242027.0 ], [ 575815.0, 5242026.0 ], [ 575813.0, 5242026.0 ], [ 575813.0, 5242025.0 ], [ 575811.0, 5242025.0 ], [ 575811.0, 5242024.0 ], [ 575810.0, 5242024.0 ], [ 575810.0, 5242023.0 ], [ 575809.0, 5242023.0 ], [ 575809.0, 5242024.0 ], [ 575803.0, 5242024.0 ], [ 575803.0, 5242025.0 ], [ 575802.0, 5242025.0 ], [ 575802.0, 5242024.0 ], [ 575801.0, 5242024.0 ], [ 575801.0, 5242025.0 ], [ 575799.0, 5242025.0 ], [ 575799.0, 5242026.0 ], [ 575798.0, 5242026.0 ], [ 575798.0, 5242027.0 ], [ 575797.0, 5242027.0 ], [ 575797.0, 5242026.0 ], [ 575795.0, 5242026.0 ], [ 575795.0, 5242025.0 ], [ 575794.0, 5242025.0 ], [ 575794.0, 5242024.0 ], [ 575790.0, 5242024.0 ], [ 575790.0, 5242025.0 ], [ 575787.0, 5242025.0 ], [ 575787.0, 5242024.0 ], [ 575785.0, 5242024.0 ], [ 575785.0, 5242023.0 ], [ 575784.0, 5242023.0 ], [ 575784.0, 5242022.0 ], [ 575783.0, 5242022.0 ], [ 575783.0, 5242023.0 ], [ 575782.0, 5242023.0 ], [ 575782.0, 5242022.0 ], [ 575781.0, 5242022.0 ], [ 575781.0, 5242021.0 ], [ 575779.0, 5242021.0 ], [ 575779.0, 5242020.0 ], [ 575777.0, 5242020.0 ], [ 575777.0, 5242021.0 ], [ 575776.0, 5242021.0 ], [ 575776.0, 5242022.0 ], [ 575771.0, 5242022.0 ], [ 575771.0, 5242021.0 ], [ 575770.0, 5242021.0 ], [ 575770.0, 5242020.0 ], [ 575769.0, 5242020.0 ], [ 575769.0, 5242019.0 ], [ 575768.0, 5242019.0 ], [ 575768.0, 5242018.0 ], [ 575766.0, 5242018.0 ], [ 575766.0, 5242019.0 ], [ 575765.0, 5242019.0 ], [ 575765.0, 5242020.0 ], [ 575763.0, 5242020.0 ], [ 575763.0, 5242021.0 ], [ 575762.0, 5242021.0 ], [ 575762.0, 5242020.0 ], [ 575754.0, 5242020.0 ], [ 575754.0, 5242021.0 ], [ 575753.0, 5242021.0 ], [ 575753.0, 5242022.0 ], [ 575752.0, 5242022.0 ], [ 575752.0, 5242023.0 ], [ 575749.0, 5242023.0 ], [ 575749.0, 5242024.0 ], [ 575748.0, 5242024.0 ], [ 575748.0, 5242023.0 ], [ 575747.0, 5242023.0 ], [ 575747.0, 5242024.0 ], [ 575746.0, 5242024.0 ], [ 575746.0, 5242023.0 ], [ 575745.0, 5242023.0 ], [ 575745.0, 5242019.0 ], [ 575744.0, 5242019.0 ], [ 575744.0, 5242017.0 ], [ 575745.0, 5242017.0 ], [ 575745.0, 5242015.0 ], [ 575746.0, 5242015.0 ], [ 575746.0, 5242014.0 ], [ 575745.0, 5242014.0 ], [ 575745.0, 5242010.0 ], [ 575746.0, 5242010.0 ], [ 575746.0, 5242009.0 ], [ 575745.0, 5242009.0 ], [ 575745.0, 5242008.0 ], [ 575744.0, 5242008.0 ], [ 575744.0, 5242007.0 ], [ 575743.0, 5242007.0 ], [ 575743.0, 5242006.0 ], [ 575742.0, 5242006.0 ], [ 575742.0, 5242005.0 ], [ 575741.0, 5242005.0 ], [ 575741.0, 5242004.0 ], [ 575738.0, 5242004.0 ], [ 575738.0, 5242003.0 ], [ 575735.0, 5242003.0 ], [ 575735.0, 5242002.0 ], [ 575733.0, 5242002.0 ], [ 575733.0, 5242001.0 ], [ 575731.0, 5242001.0 ], [ 575731.0, 5242000.0 ], [ 575730.0, 5242000.0 ], [ 575730.0, 5241999.0 ], [ 575731.0, 5241999.0 ], [ 575731.0, 5241997.0 ], [ 575730.0, 5241997.0 ], [ 575730.0, 5241996.0 ], [ 575729.0, 5241996.0 ], [ 575729.0, 5241995.0 ], [ 575730.0, 5241995.0 ], [ 575730.0, 5241994.0 ], [ 575732.0, 5241994.0 ], [ 575732.0, 5241993.0 ], [ 575733.0, 5241993.0 ], [ 575733.0, 5241992.0 ], [ 575734.0, 5241992.0 ], [ 575734.0, 5241991.0 ], [ 575735.0, 5241991.0 ], [ 575735.0, 5241990.0 ], [ 575736.0, 5241990.0 ], [ 575736.0, 5241989.0 ], [ 575737.0, 5241989.0 ], [ 575737.0, 5241988.0 ], [ 575740.0, 5241988.0 ], [ 575740.0, 5241987.0 ], [ 575741.0, 5241987.0 ], [ 575741.0, 5241986.0 ], [ 575743.0, 5241986.0 ], [ 575743.0, 5241985.0 ], [ 575747.0, 5241985.0 ], [ 575747.0, 5241984.0 ], [ 575748.0, 5241984.0 ], [ 575748.0, 5241985.0 ], [ 575749.0, 5241985.0 ], [ 575749.0, 5241984.0 ], [ 575750.0, 5241984.0 ], [ 575750.0, 5241983.0 ], [ 575751.0, 5241983.0 ], [ 575751.0, 5241982.0 ], [ 575752.0, 5241982.0 ], [ 575752.0, 5241981.0 ], [ 575753.0, 5241981.0 ], [ 575753.0, 5241980.0 ], [ 575754.0, 5241980.0 ], [ 575754.0, 5241978.0 ], [ 575753.0, 5241978.0 ], [ 575753.0, 5241977.0 ], [ 575752.0, 5241977.0 ], [ 575752.0, 5241975.0 ], [ 575751.0, 5241975.0 ], [ 575751.0, 5241974.0 ], [ 575750.0, 5241974.0 ], [ 575750.0, 5241972.0 ], [ 575749.0, 5241972.0 ], [ 575749.0, 5241970.0 ], [ 575750.0, 5241970.0 ], [ 575750.0, 5241969.0 ], [ 575752.0, 5241969.0 ], [ 575752.0, 5241968.0 ], [ 575753.0, 5241968.0 ], [ 575753.0, 5241967.0 ], [ 575754.0, 5241967.0 ], [ 575754.0, 5241966.0 ], [ 575755.0, 5241966.0 ], [ 575755.0, 5241965.0 ], [ 575756.0, 5241965.0 ], [ 575756.0, 5241964.0 ], [ 575757.0, 5241964.0 ], [ 575757.0, 5241962.0 ], [ 575758.0, 5241962.0 ], [ 575758.0, 5241961.0 ], [ 575759.0, 5241961.0 ], [ 575759.0, 5241960.0 ], [ 575760.0, 5241960.0 ], [ 575760.0, 5241959.0 ], [ 575759.0, 5241959.0 ], [ 575759.0, 5241958.0 ], [ 575758.0, 5241958.0 ], [ 575758.0, 5241957.0 ], [ 575759.0, 5241957.0 ], [ 575759.0, 5241956.0 ], [ 575761.0, 5241956.0 ], [ 575761.0, 5241957.0 ], [ 575763.0, 5241957.0 ], [ 575763.0, 5241956.0 ], [ 575765.0, 5241956.0 ], [ 575765.0, 5241955.0 ], [ 575766.0, 5241955.0 ], [ 575766.0, 5241954.0 ], [ 575767.0, 5241954.0 ], [ 575767.0, 5241955.0 ], [ 575768.0, 5241955.0 ], [ 575768.0, 5241956.0 ], [ 575769.0, 5241956.0 ], [ 575769.0, 5241955.0 ], [ 575770.0, 5241955.0 ], [ 575770.0, 5241954.0 ], [ 575772.0, 5241954.0 ], [ 575772.0, 5241953.0 ], [ 575774.0, 5241953.0 ], [ 575774.0, 5241954.0 ], [ 575775.0, 5241954.0 ], [ 575775.0, 5241953.0 ], [ 575777.0, 5241953.0 ], [ 575777.0, 5241952.0 ], [ 575778.0, 5241952.0 ], [ 575778.0, 5241951.0 ], [ 575779.0, 5241951.0 ], [ 575779.0, 5241950.0 ], [ 575781.0, 5241950.0 ], [ 575781.0, 5241949.0 ], [ 575782.0, 5241949.0 ], [ 575782.0, 5241948.0 ], [ 575784.0, 5241948.0 ], [ 575784.0, 5241949.0 ], [ 575785.0, 5241949.0 ], [ 575785.0, 5241950.0 ], [ 575786.0, 5241950.0 ], [ 575786.0, 5241951.0 ], [ 575787.0, 5241951.0 ], [ 575787.0, 5241952.0 ], [ 575788.0, 5241952.0 ], [ 575788.0, 5241953.0 ], [ 575790.0, 5241953.0 ], [ 575790.0, 5241952.0 ], [ 575791.0, 5241952.0 ], [ 575791.0, 5241951.0 ], [ 575792.0, 5241951.0 ], [ 575792.0, 5241950.0 ], [ 575793.0, 5241950.0 ], [ 575793.0, 5241949.0 ], [ 575795.0, 5241949.0 ], [ 575795.0, 5241948.0 ], [ 575796.0, 5241948.0 ], [ 575796.0, 5241949.0 ], [ 575800.0, 5241949.0 ], [ 575800.0, 5241950.0 ], [ 575802.0, 5241950.0 ], [ 575802.0, 5241949.0 ], [ 575803.0, 5241949.0 ], [ 575803.0, 5241948.0 ], [ 575804.0, 5241948.0 ], [ 575804.0, 5241947.0 ], [ 575805.0, 5241947.0 ], [ 575805.0, 5241946.0 ], [ 575806.0, 5241946.0 ], [ 575806.0, 5241947.0 ], [ 575807.0, 5241947.0 ], [ 575807.0, 5241948.0 ], [ 575806.0, 5241948.0 ], [ 575806.0, 5241949.0 ], [ 575805.0, 5241949.0 ], [ 575805.0, 5241950.0 ], [ 575804.0, 5241950.0 ], [ 575804.0, 5241951.0 ], [ 575803.0, 5241951.0 ], [ 575803.0, 5241952.0 ], [ 575802.0, 5241952.0 ], [ 575802.0, 5241953.0 ], [ 575801.0, 5241953.0 ], [ 575801.0, 5241954.0 ], [ 575800.0, 5241954.0 ], [ 575800.0, 5241953.0 ], [ 575797.0, 5241953.0 ], [ 575797.0, 5241952.0 ], [ 575796.0, 5241952.0 ], [ 575796.0, 5241951.0 ], [ 575794.0, 5241951.0 ], [ 575794.0, 5241952.0 ], [ 575793.0, 5241952.0 ], [ 575793.0, 5241953.0 ], [ 575792.0, 5241953.0 ], [ 575792.0, 5241954.0 ], [ 575791.0, 5241954.0 ], [ 575791.0, 5241955.0 ], [ 575790.0, 5241955.0 ], [ 575790.0, 5241956.0 ], [ 575789.0, 5241956.0 ], [ 575789.0, 5241957.0 ], [ 575788.0, 5241957.0 ], [ 575788.0, 5241959.0 ], [ 575789.0, 5241959.0 ], [ 575789.0, 5241960.0 ], [ 575790.0, 5241960.0 ], [ 575790.0, 5241962.0 ], [ 575789.0, 5241962.0 ], [ 575789.0, 5241963.0 ], [ 575787.0, 5241963.0 ], [ 575787.0, 5241964.0 ], [ 575785.0, 5241964.0 ], [ 575785.0, 5241965.0 ], [ 575783.0, 5241965.0 ], [ 575783.0, 5241966.0 ], [ 575781.0, 5241966.0 ], [ 575781.0, 5241967.0 ], [ 575780.0, 5241967.0 ], [ 575780.0, 5241968.0 ], [ 575779.0, 5241968.0 ], [ 575779.0, 5241969.0 ], [ 575778.0, 5241969.0 ], [ 575778.0, 5241970.0 ], [ 575777.0, 5241970.0 ], [ 575777.0, 5241971.0 ], [ 575776.0, 5241971.0 ], [ 575776.0, 5241972.0 ], [ 575775.0, 5241972.0 ], [ 575775.0, 5241973.0 ], [ 575774.0, 5241973.0 ], [ 575774.0, 5241974.0 ], [ 575773.0, 5241974.0 ], [ 575773.0, 5241975.0 ], [ 575772.0, 5241975.0 ], [ 575772.0, 5241976.0 ], [ 575771.0, 5241976.0 ], [ 575771.0, 5241977.0 ], [ 575770.0, 5241977.0 ], [ 575770.0, 5241978.0 ], [ 575769.0, 5241978.0 ], [ 575769.0, 5241979.0 ], [ 575768.0, 5241979.0 ], [ 575768.0, 5241980.0 ], [ 575767.0, 5241980.0 ], [ 575767.0, 5241981.0 ], [ 575766.0, 5241981.0 ], [ 575766.0, 5241984.0 ], [ 575765.0, 5241984.0 ], [ 575765.0, 5241985.0 ], [ 575764.0, 5241985.0 ], [ 575764.0, 5241988.0 ], [ 575763.0, 5241988.0 ], [ 575763.0, 5241990.0 ], [ 575762.0, 5241990.0 ], [ 575762.0, 5241993.0 ], [ 575763.0, 5241993.0 ], [ 575763.0, 5241994.0 ], [ 575764.0, 5241994.0 ], [ 575764.0, 5241995.0 ], [ 575765.0, 5241995.0 ], [ 575765.0, 5241996.0 ], [ 575766.0, 5241996.0 ], [ 575766.0, 5241997.0 ], [ 575767.0, 5241997.0 ], [ 575767.0, 5241998.0 ], [ 575768.0, 5241998.0 ], [ 575768.0, 5241999.0 ], [ 575769.0, 5241999.0 ], [ 575769.0, 5241998.0 ], [ 575770.0, 5241998.0 ], [ 575770.0, 5241999.0 ], [ 575771.0, 5241999.0 ], [ 575771.0, 5241998.0 ], [ 575772.0, 5241998.0 ], [ 575772.0, 5241999.0 ], [ 575777.0, 5241999.0 ], [ 575777.0, 5241998.0 ], [ 575779.0, 5241998.0 ], [ 575779.0, 5241997.0 ], [ 575780.0, 5241997.0 ], [ 575780.0, 5241996.0 ], [ 575781.0, 5241996.0 ], [ 575781.0, 5241995.0 ], [ 575782.0, 5241995.0 ], [ 575782.0, 5241994.0 ], [ 575784.0, 5241994.0 ], [ 575784.0, 5241995.0 ], [ 575785.0, 5241995.0 ], [ 575785.0, 5241994.0 ], [ 575787.0, 5241994.0 ], [ 575787.0, 5241995.0 ], [ 575790.0, 5241995.0 ], [ 575790.0, 5241994.0 ], [ 575791.0, 5241994.0 ], [ 575791.0, 5241995.0 ], [ 575793.0, 5241995.0 ], [ 575793.0, 5241996.0 ], [ 575794.0, 5241996.0 ], [ 575794.0, 5241997.0 ], [ 575795.0, 5241997.0 ], [ 575795.0, 5241996.0 ], [ 575796.0, 5241996.0 ], [ 575796.0, 5241997.0 ], [ 575797.0, 5241997.0 ], [ 575797.0, 5241996.0 ], [ 575799.0, 5241996.0 ], [ 575799.0, 5241997.0 ], [ 575800.0, 5241997.0 ], [ 575800.0, 5241998.0 ], [ 575801.0, 5241998.0 ], [ 575801.0, 5241999.0 ], [ 575802.0, 5241999.0 ], [ 575802.0, 5241998.0 ], [ 575803.0, 5241998.0 ], [ 575803.0, 5241997.0 ], [ 575804.0, 5241997.0 ], [ 575804.0, 5241996.0 ], [ 575805.0, 5241996.0 ], [ 575805.0, 5241995.0 ], [ 575806.0, 5241995.0 ], [ 575806.0, 5241994.0 ], [ 575808.0, 5241994.0 ], [ 575808.0, 5241993.0 ], [ 575809.0, 5241993.0 ], [ 575809.0, 5241992.0 ], [ 575810.0, 5241992.0 ], [ 575810.0, 5241991.0 ], [ 575811.0, 5241991.0 ], [ 575811.0, 5241990.0 ], [ 575812.0, 5241990.0 ], [ 575812.0, 5241989.0 ], [ 575813.0, 5241989.0 ], [ 575813.0, 5241988.0 ], [ 575816.0, 5241988.0 ], [ 575816.0, 5241989.0 ], [ 575817.0, 5241989.0 ], [ 575817.0, 5241988.0 ], [ 575818.0, 5241988.0 ], [ 575818.0, 5241989.0 ], [ 575820.0, 5241989.0 ], [ 575820.0, 5241990.0 ], [ 575821.0, 5241990.0 ], [ 575821.0, 5241989.0 ], [ 575822.0, 5241989.0 ], [ 575822.0, 5241988.0 ], [ 575823.0, 5241988.0 ], [ 575823.0, 5241989.0 ], [ 575824.0, 5241989.0 ], [ 575824.0, 5241991.0 ], [ 575825.0, 5241991.0 ], [ 575825.0, 5241992.0 ], [ 575826.0, 5241992.0 ], [ 575826.0, 5241993.0 ], [ 575827.0, 5241993.0 ], [ 575827.0, 5241994.0 ], [ 575828.0, 5241994.0 ], [ 575828.0, 5241996.0 ], [ 575827.0, 5241996.0 ], [ 575827.0, 5241997.0 ], [ 575826.0, 5241997.0 ], [ 575826.0, 5241999.0 ], [ 575825.0, 5241999.0 ], [ 575825.0, 5242000.0 ], [ 575824.0, 5242000.0 ], [ 575824.0, 5242001.0 ], [ 575823.0, 5242001.0 ], [ 575823.0, 5242000.0 ], [ 575822.0, 5242000.0 ], [ 575822.0, 5241999.0 ], [ 575821.0, 5241999.0 ], [ 575821.0, 5241998.0 ], [ 575820.0, 5241998.0 ], [ 575820.0, 5241997.0 ], [ 575819.0, 5241997.0 ], [ 575819.0, 5241996.0 ], [ 575818.0, 5241996.0 ], [ 575818.0, 5241997.0 ], [ 575817.0, 5241997.0 ], [ 575817.0, 5241998.0 ], [ 575816.0, 5241998.0 ], [ 575816.0, 5241999.0 ], [ 575815.0, 5241999.0 ], [ 575815.0, 5242000.0 ], [ 575814.0, 5242000.0 ], [ 575814.0, 5242001.0 ], [ 575813.0, 5242001.0 ], [ 575813.0, 5242002.0 ], [ 575814.0, 5242002.0 ], [ 575814.0, 5242003.0 ], [ 575815.0, 5242003.0 ], [ 575815.0, 5242006.0 ], [ 575814.0, 5242006.0 ], [ 575814.0, 5242007.0 ], [ 575815.0, 5242007.0 ], [ 575815.0, 5242008.0 ], [ 575816.0, 5242008.0 ], [ 575816.0, 5242009.0 ], [ 575817.0, 5242009.0 ], [ 575817.0, 5242010.0 ], [ 575818.0, 5242010.0 ], [ 575818.0, 5242011.0 ], [ 575817.0, 5242011.0 ], [ 575817.0, 5242012.0 ], [ 575816.0, 5242012.0 ], [ 575816.0, 5242013.0 ], [ 575815.0, 5242013.0 ], [ 575815.0, 5242014.0 ], [ 575816.0, 5242014.0 ], [ 575816.0, 5242016.0 ], [ 575817.0, 5242016.0 ], [ 575817.0, 5242017.0 ], [ 575818.0, 5242017.0 ], [ 575818.0, 5242019.0 ], [ 575817.0, 5242019.0 ], [ 575817.0, 5242020.0 ], [ 575818.0, 5242020.0 ], [ 575818.0, 5242021.0 ], [ 575819.0, 5242021.0 ], [ 575819.0, 5242022.0 ], [ 575820.0, 5242022.0 ], [ 575820.0, 5242023.0 ], [ 575821.0, 5242023.0 ], [ 575821.0, 5242024.0 ], [ 575822.0, 5242024.0 ], [ 575822.0, 5242025.0 ], [ 575824.0, 5242025.0 ], [ 575824.0, 5242026.0 ], [ 575825.0, 5242026.0 ], [ 575825.0, 5242025.0 ], [ 575827.0, 5242025.0 ], [ 575827.0, 5242026.0 ], [ 575830.0, 5242026.0 ], [ 575830.0, 5242027.0 ], [ 575831.0, 5242027.0 ], [ 575831.0, 5242028.0 ], [ 575833.0, 5242028.0 ], [ 575833.0, 5242027.0 ], [ 575834.0, 5242027.0 ], [ 575834.0, 5242026.0 ], [ 575835.0, 5242026.0 ], [ 575835.0, 5242025.0 ], [ 575836.0, 5242025.0 ], [ 575836.0, 5242024.0 ], [ 575837.0, 5242024.0 ], [ 575837.0, 5242023.0 ], [ 575839.0, 5242023.0 ], [ 575839.0, 5242024.0 ], [ 575840.0, 5242024.0 ], [ 575840.0, 5242025.0 ], [ 575841.0, 5242025.0 ], [ 575841.0, 5242026.0 ], [ 575842.0, 5242026.0 ], [ 575842.0, 5242027.0 ], [ 575843.0, 5242027.0 ], [ 575843.0, 5242028.0 ], [ 575844.0, 5242028.0 ], [ 575844.0, 5242029.0 ], [ 575845.0, 5242029.0 ], [ 575845.0, 5242030.0 ], [ 575846.0, 5242030.0 ], [ 575846.0, 5242031.0 ], [ 575847.0, 5242031.0 ], [ 575847.0, 5242030.0 ], [ 575849.0, 5242030.0 ], [ 575849.0, 5242029.0 ], [ 575850.0, 5242029.0 ], [ 575850.0, 5242030.0 ], [ 575851.0, 5242030.0 ], [ 575851.0, 5242031.0 ], [ 575852.0, 5242031.0 ], [ 575852.0, 5242032.0 ], [ 575853.0, 5242032.0 ], [ 575853.0, 5242033.0 ], [ 575855.0, 5242033.0 ], [ 575855.0, 5242034.0 ], [ 575856.0, 5242034.0 ], [ 575856.0, 5242033.0 ], [ 575859.0, 5242033.0 ], [ 575859.0, 5242034.0 ], [ 575860.0, 5242034.0 ], [ 575860.0, 5242033.0 ], [ 575861.0, 5242033.0 ], [ 575861.0, 5242032.0 ], [ 575863.0, 5242032.0 ], [ 575863.0, 5242031.0 ], [ 575864.0, 5242031.0 ], [ 575864.0, 5242030.0 ], [ 575865.0, 5242030.0 ], [ 575865.0, 5242029.0 ], [ 575866.0, 5242029.0 ], [ 575866.0, 5242028.0 ], [ 575867.0, 5242028.0 ], [ 575867.0, 5242027.0 ], [ 575868.0, 5242027.0 ], [ 575868.0, 5242026.0 ], [ 575872.0, 5242026.0 ], [ 575872.0, 5242027.0 ], [ 575873.0, 5242027.0 ], [ 575873.0, 5242029.0 ], [ 575872.0, 5242029.0 ], [ 575872.0, 5242030.0 ], [ 575871.0, 5242030.0 ], [ 575871.0, 5242031.0 ], [ 575870.0, 5242031.0 ], [ 575870.0, 5242032.0 ], [ 575871.0, 5242032.0 ], [ 575871.0, 5242039.0 ], [ 575870.0, 5242039.0 ], [ 575870.0, 5242040.0 ], [ 575865.0, 5242040.0 ], [ 575865.0, 5242039.0 ], [ 575862.0, 5242039.0 ], [ 575862.0, 5242040.0 ], [ 575856.0, 5242040.0 ], [ 575856.0, 5242041.0 ], [ 575855.0, 5242041.0 ], [ 575855.0, 5242040.0 ], [ 575854.0, 5242040.0 ], [ 575854.0, 5242041.0 ], [ 575850.0, 5242041.0 ] ] ] } },
{ "type": "Feature", "properties": { "id": 4, "level_m": 203.96, "level_iqr_m": 0.03, "area_m2": 28204, "n_points": 61176 }, "geometry": { "type": "Polygon", "coordinates": [ [ [ 576036.0, 5242040.0 ], [ 576036.0, 5242039.0 ], [ 576035.0, 5242039.0 ], [ 576035.0, 5242038.0 ], [ 576034.0, 5242038.0 ], [ 576034.0, 5242037.0 ], [ 576033.0, 5242037.0 ], [ 576033.0, 5242036.0 ], [ 576032.0, 5242036.0 ], [ 576032.0, 5242035.0 ], [ 576031.0, 5242035.0 ], [ 576031.0, 5242033.0 ], [ 576030.0, 5242033.0 ], [ 576030.0, 5242032.0 ], [ 576031.0, 5242032.0 ], [ 576031.0, 5242029.0 ], [ 576030.0, 5242029.0 ], [ 576030.0, 5242028.0 ], [ 576029.0, 5242028.0 ], [ 576029.0, 5242027.0 ], [ 576028.0, 5242027.0 ], [ 576028.0, 5242026.0 ], [ 576027.0, 5242026.0 ], [ 576027.0, 5242025.0 ], [ 576026.0, 5242025.0 ], [ 576026.0, 5242024.0 ], [ 576024.0, 5242024.0 ], [ 576024.0, 5242025.0 ], [ 576023.0, 5242025.0 ], [ 576023.0, 5242026.0 ], [ 576022.0, 5242026.0 ], [ 576022.0, 5242027.0 ], [ 576021.0, 5242027.0 ], [ 576021.0, 5242028.0 ], [ 576019.0, 5242028.0 ], [ 576019.0, 5242027.0 ], [ 576018.0, 5242027.0 ], [ 576018.0, 5242026.0 ], [ 576017.0, 5242026.0 ], [ 576017.0, 5242025.0 ], [ 576014.0, 5242025.0 ], [ 576014.0, 5242026.0 ], [ 576013.0, 5242026.0 ], [ 576013.0, 5242025.0 ], [ 576012.0, 5242025.0 ], [ 576012.0, 5242026.0 ], [ 576011.0, 5242026.0 ], [ 576011.0, 5242025.0 ], [ 576010.0, 5242025.0 ], [ 576010.0, 5242024.0 ], [ 576009.0, 5242024.0 ], [ 576009.0, 5242025.0 ], [ 576008.0, 5242025.0 ], [ 576008.0, 5242026.0 ], [ 576007.0, 5242026.0 ], [ 576007.0, 5242025.0 ], [ 576006.0, 5242025.0 ], [ 576006.0, 5242026.0 ], [ 576005.0, 5242026.0 ], [ 576005.0, 5242027.0 ], [ 576004.0, 5242027.0 ], [ 576004.0, 5242026.0 ], [ 576003.0, 5242026.0 ], [ 576003.0, 5242025.0 ], [ 576000.0, 5242025.0 ], [ 576000.0, 5242026.0 ], [ 575999.0, 5242026.0 ], [ 575999.0, 5242027.0 ], [ 575997.0, 5242027.0 ], [ 575997.0, 5242026.0 ], [ 575995.0, 5242026.0 ], [ 575995.0, 5242025.0 ], [ 575994.0, 5242025.0 ], [ 575994.0, 5242024.0 ], [ 575992.0, 5242024.0 ], [ 575992.0, 5242025.0 ], [ 575991.0, 5242025.0 ], [ 575991.0, 5242024.0 ], [ 575988.0, 5242024.0 ], [ 575988.0, 5242023.0 ], [ 575986.0, 5242023.0 ], [ 575986.0, 5242024.0 ], [ 575984.0, 5242024.0 ], [ 575984.0, 5242025.0 ], [ 575983.0, 5242025.0 ], [ 575983.0, 5242024.0 ], [ 575982.0, 5242024.0 ], [ 575982.0, 5242025.0 ], [ 575980.0, 5242025.0 ], [ 575980.0, 5242024.0 ], [ 575979.0, 5242024.0 ], [ 575979.0, 5242023.0 ], [ 575977.0, 5242023.0 ], [ 575977.0, 5242022.0 ], [ 575974.0, 5242022.0 ], [ 575974.0, 5242021.0 ], [ 575972.0, 5242021.0 ], [ 575972.0, 5242022.0 ], [ 575971.0, 5242022.0 ], [ 575971.0, 5242021.0 ], [ 575969.0, 5242021.0 ], [ 575969.0, 5242020.0 ], [ 575965.0, 5242020.0 ], [ 575965.0, 5242019.0 ], [ 575961.0, 5242019.0 ], [ 575961.0, 5242018.0 ], [ 575959.0, 5242018.0 ], [ 575959.0, 5242019.0 ], [ 575958.0, 5242019.0 ], [ 575958.0, 5242018.0 ], [ 575957.0, 5242018.0 ], [ 575957.0, 5242017.0 ], [ 575956.0, 5242017.0 ], [ 575956.0, 5242016.0 ], [ 575955.0, 5242016.0 ], [ 575955.0, 5242015.0 ], [ 575954.0, 5242015.0 ], [ 575954.0, 5242014.0 ], [ 575953.0, 5242014.0 ], [ 575953.0, 5242013.0 ], [ 575950.0, 5242013.0 ], [ 575950.0, 5242012.0 ], [ 575948.0, 5242012.0 ], [ 575948.0, 5242011.0 ], [ 575947.0, 5242011.0 ], [ 575947.0, 5242010.0 ], [ 575946.0, 5242010.0 ], [ 575946.0, 5242009.0 ], [ 575945.0, 5242009.0 ], [ 575945.0, 5242008.0 ], [ 575944.0, 5242008.0 ], [ 575944.0, 5242007.0 ], [ 575942.0, 5242007.0 ], [ 575942.0, 5242006.0 ], [ 575941.0, 5242006.0 ], [ 575941.0, 5242004.0 ], [ 575940.0, 5242004.0 ], [ 575940.0, 5242003.0 ], [ 575939.0, 5242003.0 ], [ 575939.0, 5242001.0 ], [ 575938.0, 5242001.0 ], [ 575938.0, 5242000.0 ], [ 575937.0, 5242000.0 ], [ 575937.0, 5241999.0 ], [ 575936.0, 5241999.0 ], [ 575936.0, 5241998.0 ], [ 575935.0, 5241998.0 ], [ 575935.0, 5241997.0 ], [ 575934.0, 5241997.0 ], [ 575934.0, 5241996.0 ], [ 575933.0, 5241996.0 ], [ 575933.0, 5241995.0 ], [ 575932.0, 5241995.0 ], [ 575932.0, 5241994.0 ], [ 575931.0, 5241994.0 ], [ 575931.0, 5241993.0 ], [ 575929.0, 5241993.0 ], [ 575929.0, 5241994.0 ], [ 575928.0, 5241994.0 ], [ 575928.0, 5241995.0 ], [ 575927.0, 5241995.0 ], [ 575927.0, 5241996.0 ], [ 575926.0, 5241996.0 ], [ 575926.0, 5241997.0 ], [ 575925.0, 5241997.0 ], [ 575925.0, 5241996.0 ], [ 575924.0, 5241996.0 ], [ 575924.0, 5241997.0 ], [ 575922.0, 5241997.0 ], [ 575922.0, 5241998.0 ], [ 575919.0, 5241998.0 ], [ 575919.0, 5241997.0 ], [ 575918.0, 5241997.0 ], [ 575918.0, 5241998.0 ], [ 575917.0, 5241998.0 ], [ 575917.0, 5241997.0 ], [ 575916.0, 5241997.0 ], [ 575916.0, 5241998.0 ], [ 575915.0, 5241998.0 ], [ 575915.0, 5241999.0 ], [ 575914.0, 5241999.0 ], [ 575914.0, 5242000.0 ], [ 575913.0, 5242000.0 ], [ 575913.0, 5241999.0 ], [ 575911.0, 5241999.0 ], [ 575911.0, 5241998.0 ], [ 575909.0, 5241998.0 ], [ 575909.0, 5241999.0 ], [ 575908.0, 5241999.0 ], [ 575908.0, 5242000.0 ], [ 575903.0, 5242000.0 ], [ 575903.0, 5241999.0 ], [ 575899.0, 5241999.0 ], [ 575899.0, 5241998.0 ], [ 575897.0, 5241998.0 ], [ 575897.0, 5241997.0 ], [ 575894.0, 5241997.0 ], [ 575894.0, 5241996.0 ], [ 575893.0, 5241996.0 ], [ 575893.0, 5241995.0 ], [ 575892.0, 5241995.0 ], [ 575892.0, 5241994.0 ], [ 575891.0, 5241994.0 ], [ 575891.0, 5241993.0 ], [ 575889.0, 5241993.0 ], [ 575889.0, 5241992.0 ], [ 575888.0, 5241992.0 ], [ 575888.0, 5241991.0 ], [ 575889.0, 5241991.0 ], [ 575889.0, 5241990.0 ], [ 575888.0, 5241990.0 ], [ 575888.0, 5241989.0 ], [ 575887.0, 5241989.0 ], [ 575887.0, 5241988.0 ], [ 575886.0, 5241988.0 ], [ 575886.0, 5241987.0 ], [ 575885.0, 5241987.0 ], [ 575885.0, 5241986.0 ], [ 575884.0, 5241986.0 ], [ 575884.0, 5241985.0 ], [ 575883.0, 5241985.0 ], [ 575883.0, 5241984.0 ], [ 575882.0, 5241984.0 ], [ 575882.0, 5241983.0 ], [ 575881.0, 5241983.0 ], [ 575881.0, 5241984.0 ], [ 575880.0, 5241984.0 ], [ 575880.0, 5241985.0 ], [ 575879.0, 5241985.0 ], [ 575879.0, 5241986.0 ], [ 575878.0, 5241986.0 ], [ 575878.0, 5241987.0 ], [ 575877.0, 5241987.0 ], [ 575877.0, 5241988.0 ], [ 575875.0, 5241988.0 ], [ 575875.0, 5241989.0 ], [ 575874.0, 5241989.0 ], [ 575874.0, 5241988.0 ], [ 575873.0, 5241988.0 ], [ 575873.0, 5241989.0 ], [ 575871.0, 5241989.0 ], [ 575871.0, 5241990.0 ], [ 575870.0, 5241990.0 ], [ 575870.0, 5241989.0 ], [ 575864.0, 5241989.0 ], [ 575864.0, 5241990.0 ], [ 575862.0, 5241990.0 ], [ 575862.0, 5241991.0 ], [ 575861.0, 5241991.0 ], [ 575861.0, 5241990.0 ], [ 575859.0, 5241990.0 ], [ 575859.0, 5241991.0 ], [ 575857.0, 5241991.0 ], [ 575857.0, 5241990.0 ], [ 575856.0, 5241990.0 ], [ 575856.0, 5241989.0 ], [ 575855.0, 5241989.0 ], [ 575855.0, 5241987.0 ], [ 575854.0, 5241987.0 ], [ 575854.0, 5241986.0 ], [ 575853.0, 5241986.0 ], [ 575853.0, 5241984.0 ], [ 575852.0, 5241984.0 ], [ 575852.0, 5241982.0 ], [ 575851.0, 5241982.0 ], [ 575851.0, 5241980.0 ], [ 575850.0, 5241980.0 ], [ 575850.0, 5241977.0 ], [ 575849.0, 5241977.0 ], [ 575849.0, 5241976.0 ], [ 575848.0, 5241976.0 ], [ 575848.0, 5241975.0 ], [ 575849.0, 5241975.0 ], [ 575849.0, 5241974.0 ], [ 575850.0, 5241974.0 ], [ 575850.0, 5241973.0 ], [ 575851.0, 5241973.0 ], [ 575851.0, 5241971.0 ], [ 575852.0, 5241971.0 ], [ 575852.0, 5241970.0 ], [ 575853.0, 5241970.0 ], [ 575853.0, 5241969.0 ], [ 575854.0, 5241969.0 ], [ 575854.0, 5241968.0 ], [ 575855.0, 5241968.0 ], [ 575855.0, 5241966.0 ], [ 575856.0, 5241966.0 ], [ 575856.0, 5241963.0 ], [ 575855.0, 5241963.0 ], [ 575855.0, 5241962.0 ], [ 575854.0, 5241962.0 ], [ 575854.0, 5241960.0 ], [ 575853.0, 5241960.0 ], [ 575853.0, 5241957.0 ], [ 575852.0, 5241957.0 ], [ 575852.0, 5241956.0 ], [ 575851.0, 5241956.0 ], [ 575851.0, 5241955.0 ], [ 575850.0, 5241955.0 ], [ 575850.0, 5241954.0 ], [ 575849.0, 5241954.0 ], [ 575849.0, 5241953.0 ], [ 575848.0, 5241953.0 ], [ 575848.0, 5241952.0 ], [ 575847.0, 5241952.0 ], [ 575847.0, 5241951.0 ], [ 575846.0, 5241951.0 ], [ 575846.0, 5241950.0 ], [ 575845.0, 5241950.0 ], [ 575845.0, 5241949.0 ], [ 575844.0, 5241949.0 ], [ 575844.0, 5241948.0 ], [ 575842.0, 5241948.0 ], [ 575842.0, 5241947.0 ], [ 575841.0, 5241947.0 ], [ 575841.0, 5241941.0 ], [ 575840.0, 5241941.0 ], [ 575840.0, 5241940.0 ], [ 575839.0, 5241940.0 ], [ 575839.0, 5241939.0 ], [ 575838.0, 5241939.0 ], [ 575838.0, 5241938.0 ], [ 575837.0, 5241938.0 ], [ 575837.0, 5241937.0 ], [ 575836.0, 5241937.0 ], [ 575836.0, 5241936.0 ], [ 575834.0, 5241936.0 ], [ 575834.0, 5241937.0 ], [ 575833.0, 5241937.0 ], [ 575833.0, 5241938.0 ], [ 575832.0, 5241938.0 ], [ 575832.0, 5241939.0 ], [ 575831.0, 5241939.0 ], [ 575831.0, 5241940.0 ], [ 575830.0, 5241940.0 ], [ 575830.0, 5241941.0 ], [ 575829.0, 5241941.0 ], [ 575829.0, 5241942.0 ], [ 575828.0, 5241942.0 ], [ 575828.0, 5241945.0 ], [ 575827.0, 5241945.0 ], [ 575827.0, 5241948.0 ], [ 575826.0, 5241948.0 ], [ 575826.0, 5241949.0 ], [ 575825.0, 5241949.0 ], [ 575825.0, 5241950.0 ], [ 575826.0, 5241950.0 ], [ 575826.0, 5241951.0 ], [ 575827.0, 5241951.0 ], [ 575827.0, 5241952.0 ], [ 575828.0, 5241952.0 ], [ 575828.0, 5241953.0 ], [ 575829.0, 5241953.0 ], [ 575829.0, 5241954.0 ], [ 575830.0, 5241954.0 ], [ 575830.0, 5241955.0 ], [ 575831.0, 5241955.0 ], [ 575831.0, 5241956.0 ], [ 575832.0, 5241956.0 ], [ 575832.0, 5241957.0 ], [ 575834.0, 5241957.0 ], [ 575834.0, 5241956.0 ], [ 575836.0, 5241956.0 ], [ 575836.0, 5241957.0 ], [ 575837.0, 5241957.0 ], [ 575837.0, 5241958.0 ], [ 575838.0, 5241958.0 ], [ 575838.0, 5241960.0 ], [ 575839.0, 5241960.0 ], [ 575839.0, 5241962.0 ], [ 575838.0, 5241962.0 ], [ 575838.0, 5241963.0 ], [ 575837.0, 5241963.0 ], [ 575837.0, 5241962.0 ], [ 575836.0, 5241962.0 ], [ 575836.0, 5241963.0 ], [ 575835.0, 5241963.0 ], [ 575835.0, 5241962.0 ], [ 575834.0, 5241962.0 ], [ 575834.0, 5241961.0 ], [ 575833.0, 5241961.0 ], [ 575833.0, 5241960.0 ], [ 575832.0, 5241960.0 ], [ 575832.0, 5241959.0 ], [ 575831.0, 5241959.0 ], [ 575831.0, 5241958.0 ], [ 575830.0, 5241958.0 ], [ 575830.0, 5241957.0 ], [ 575829.0, 5241957.0 ], [ 575829.0, 5241958.0 ], [ 575826.0, 5241958.0 ], [ 575826.0, 5241957.0 ], [ 575824.0, 5241957.0 ], [ 575824.0, 5241956.0 ], [ 575822.0, 5241956.0 ], [ 575822.0, 5241955.0 ], [ 575820.0, 5241955.0 ], [ 575820.0, 5241954.0 ], [ 575818.0, 5241954.0 ], [ 575818.0, 5241953.0 ], [ 575817.0, 5241953.0 ], [ 575817.0, 5241952.0 ], [ 575816.0, 5241952.0 ], [ 575816.0, 5241951.0 ], [ 575815.0, 5241951.0 ], [ 575815.0, 5241950.0 ], [ 575814.0, 5241950.0 ], [ 575814.0, 5241949.0 ], [ 575813.0, 5241949.0 ], [ 575813.0, 5241948.0 ], [ 575812.0, 5241948.0 ], [ 575812.0, 5241947.0 ], [ 575811.0, 5241947.0 ], [ 575811.0, 5241948.0 ], [ 575810.0, 5241948.0 ], [ 575810.0, 5241947.0 ], [ 575809.0, 5241947.0 ], [ 575809.0, 5241946.0 ], [ 575808.0, 5241946.0 ], [ 575808.0, 5241945.0 ], [ 575809.0, 5241945.0 ], [ 575809.0, 5241944.0 ], [ 575810.0, 5241944.0 ], [ 575810.0, 5241943.0 ], [ 575811.0, 5241943.0 ], [ 575811.0, 5241942.0 ], [ 575812.0, 5241942.0 ], [ 575812.0, 5241941.0 ], [ 575813.0, 5241941.0 ], [ 575813.0, 5241942.0 ], [ 575814.0, 5241942.0 ], [ 575814.0, 5241941.0 ], [ 575815.0, 5241941.0 ], [ 575815.0, 5241940.0 ], [ 575816.0, 5241940.0 ], [ 575816.0, 5241939.0 ], [ 575817.0, 5241939.0 ], [ 575817.0, 5241938.0 ], [ 575818.0, 5241938.0 ], [ 575818.0, 5241937.0 ], [ 575819.0, 5241937.0 ], [ 575819.0, 5241936.0 ], [ 575820.0, 5241936.0 ], [ 575820.0, 5241935.0 ], [ 575821.0, 5241935.0 ], [ 575821.0, 5241934.0 ], [ 575822.0, 5241934.0 ], [ 575822.0, 5241933.0 ], [ 575823.0, 5241933.0 ], [ 575823.0, 5241932.0 ], [ 575824.0, 5241932.0 ], [ 575824.0, 5241931.0 ], [ 575825.0, 5241931.0 ], [ 575825.0, 5241930.0 ], [ 575826.0, 5241930.0 ], [ 575826.0, 5241929.0 ], [ 575827.0, 5241929.0 ], [ 575827.0, 5241928.0 ], [ 575826.0, 5241928.0 ], [ 575826.0, 5241927.0 ], [ 575825.0, 5241927.0 ], [ 575825.0, 5241926.0 ], [ 575826.0, 5241926.0 ], [ 575826.0, 5241925.0 ], [ 575827.0, 5241925.0 ], [ 575827.0, 5241926.0 ], [ 575828.0, 5241926.0 ], [ 575828.0, 5241925.0 ], [ 575829.0, 5241925.0 ], [ 575829.0, 5241926.0 ], [ 575830.0, 5241926.0 ], [ 575830.0, 5241927.0 ], [ 575831.0, 5241927.0 ], [ 575831.0, 5241928.0 ], [ 575832.0, 5241928.0 ], [ 575832.0, 5241929.0 ], [ 575833.0, 5241929.0 ], [ 575833.0, 5241930.0 ], [ 575834.0, 5241930.0 ], [ 575834.0, 5241931.0 ], [ 575836.0, 5241931.0 ], [ 575836.0, 5241930.0 ], [ 575837.0, 5241930.0 ], [ 575837.0, 5241929.0 ], [ 575838.0, 5241929.0 ], [ 575838.0, 5241928.0 ], [ 575839.0, 5241928.0 ], [ 575839.0, 5241927.0 ], [ 575840.0, 5241927.0 ], [ 575840.0, 5241926.0 ], [ 575841.0, 5241926.0 ], [ 575841.0, 5241925.0 ], [ 575842.0, 5241925.0 ], [ 575842.0, 5241926.0 ], [ 575843.0, 5241926.0 ], [ 575843.0, 5241927.0 ], [ 575844.0, 5241927.0 ], [ 575844.0, 5241926.0 ], [ 575845.0, 5241926.0 ], [ 575845.0, 5241927.0 ], [ 575846.0, 5241927.0 ], [ 575846.0, 5241928.0 ], [ 575849.0, 5241928.0 ], [ 575849.0, 5241927.0 ], [ 575850.0, 5241927.0 ], [ 575850.0, 5241928.0 ], [ 575852.0, 5241928.0 ], [ 575852.0, 5241927.0 ], [ 575853.0, 5241927.0 ], [ 575853.0, 5241926.0 ], [ 575854.0, 5241926.0 ], [ 575854.0, 5241925.0 ], [ 575855.0, 5241925.0 ], [ 575855.0, 5241924.0 ], [ 575856.0, 5241924.0 ], [ 575856.0, 5241923.0 ], [ 575857.0, 5241923.0 ], [ 575857.0, 5241922.0 ], [ 575858.0, 5241922.0 ], [ 575858.0, 5241921.0 ], [ 575859.0, 5241921.0 ], [ 575859.0, 5241920.0 ], [ 575860.0, 5241920.0 ], [ 575860.0, 5241919.0 ], [ 575861.0, 5241919.0 ], [ 575861.0, 5241918.0 ], [ 575862.0, 5241918.0 ], [ 575862.0, 5241917.0 ], [ 575863.0, 5241917.0 ], [ 575863.0, 5241916.0 ], [ 575864.0, 5241916.0 ], [ 575864.0, 5241915.0 ], [ 575865.0, 5241915.0 ], [ 575865.0, 5241914.0 ], [ 575867.0, 5241914.0 ], [ 575867.0, 5241913.0 ], [ 575869.0, 5241913.0 ], [ 575869.0, 5241914.0 ], [ 575870.0, 5241914.0 ], [ 575870.0, 5241913.0 ], [ 575871.0, 5241913.0 ], [ 575871.0, 5241912.0 ], [ 575872.0, 5241912.0 ], [ 575872.0, 5241911.0 ], [ 575873.0, 5241911.0 ], [ 575873.0, 5241910.0 ], [ 575875.0, 5241910.0 ], [ 575875.0, 5241911.0 ], [ 575876.0, 5241911.0 ], [ 575876.0, 5241912.0 ], [ 575875.0, 5241912.0 ], [ 575875.0, 5241913.0 ], [ 575876.0, 5241913.0 ], [ 575876.0, 5241914.0 ], [ 575877.0, 5241914.0 ], [ 575877.0, 5241915.0 ], [ 575878.0, 5241915.0 ], [ 575878.0, 5241916.0 ], [ 575879.0, 5241916.0 ], [ 575879.0, 5241917.0 ], [ 575880.0, 5241917.0 ], [ 575880.0, 5241918.0 ], [ 575882.0, 5241918.0 ], [ 575882.0, 5241919.0 ], [ 575883.0, 5241919.0 ], [ 575883.0, 5241918.0 ], [ 575886.0, 5241918.0 ], [ 575886.0, 5241917.0 ], [ 575887.0, 5241917.0 ], [ 575887.0, 5241916.0 ], [ 575888.0, 5241916.0 ], [ 575888.0, 5241915.0 ], [ 575889.0, 5241915.0 ], [ 575889.0, 5241914.0 ], [ 575890.0, 5241914.0 ], [ 575890.0, 5241913.0 ], [ 575891.0, 5241913.0 ], [ 575891.0, 5241912.0 ], [ 575892.0, 5241912.0 ], [ 575892.0, 5241911.0 ], [ 575891.0, 5241911.0 ], [ 575891.0, 5241910.0 ], [ 575890.0, 5241910.0 ], [ 575890.0, 5241909.0 ], [ 575889.0, 5241909.0 ], [ 575889.0, 5241908.0 ], [ 575888.0, 5241908.0 ], [ 575888.0, 5241907.0 ], [ 575889.0, 5241907.0 ], [ 575889.0, 5241906.0 ], [ 575893.0, 5241906.0 ], [ 575893.0, 5241907.0 ], [ 575894.0, 5241907.0 ], [ 575894.0, 5241908.0 ], [ 575895.0, 5241908.0 ], [ 575895.0, 5241909.0 ], [ 575896.0, 5241909.0 ], [ 575896.0, 5241910.0 ], [ 575897.0, 5241910.0 ], [ 575897.0, 5241911.0 ], [ 575898.0, 5241911.0 ], [ 575898.0, 5241910.0 ], [ 575899.0, 5241910.0 ], [ 575899.0, 5241909.0 ], [ 575900.0, 5241909.0 ], [ 575900.0, 5241908.0 ], [ 575901.0, 5241908.0 ], [ 575901.0, 5241907.0 ], [ 575902.0, 5241907.0 ], [ 575902.0, 5241906.0 ], [ 575903.0, 5241906.0 ], [ 575903.0, 5241905.0 ], [ 575905.0, 5241905.0 ], [ 575905.0, 5241906.0 ], [ 575906.0, 5241906.0 ], [ 575906.0, 5241905.0 ], [ 575907.0, 5241905.0 ], [ 575907.0, 5241906.0 ], [ 575908.0, 5241906.0 ], [ 575908.0, 5241907.0 ], [ 575909.0, 5241907.0 ], [ 575909.0, 5241908.0 ], [ 575910.0, 5241908.0 ], [ 575910.0, 5241909.0 ], [ 575911.0, 5241909.0 ], [ 575911.0, 5241908.0 ], [ 575912.0, 5241908.0 ], [ 575912.0, 5241907.0 ], [ 575913.0, 5241907.0 ], [ 575913.0, 5241906.0 ], [ 575914.0, 5241906.0 ], [ 575914.0, 5241905.0 ], [ 575915.0, 5241905.0 ], [ 575915.0, 5241904.0 ], [ 575917.0, 5241904.0 ], [ 575917.0, 5241905.0 ], [ 575918.0, 5241905.0 ], [ 575918.0, 5241906.0 ], [ 575919.0, 5241906.0 ], [ 575919.0, 5241905.0 ], [ 575920.0, 5241905.0 ], [ 575920.0, 5241904.0 ], [ 575921.0, 5241904.0 ], [ 575921.0, 5241903.0 ], [ 575922.0, 5241903.0 ], [ 575922.0, 5241902.0 ], [ 575923.0, 5241902.0 ], [ 575923.0, 5241901.0 ], [ 575927.0, 5241901.0 ], [ 575927.0, 5241902.0 ], [ 575928.0, 5241902.0 ], [ 575928.0, 5241903.0 ], [ 575929.0, 5241903.0 ], [ 575929.0, 5241904.0 ], [ 575930.0, 5241904.0 ], [ 575930.0, 5241905.0 ], [ 575931.0, 5241905.0 ], [ 575931.0, 5241906.0 ], [ 575932.0, 5241906.0 ], [ 575932.0, 5241907.0 ], [ 575933.0, 5241907.0 ], [ 575933.0, 5241908.0 ], [ 575935.0, 5241908.0 ], [ 575935.0, 5241907.0 ], [ 575936.0, 5241907.0 ], [ 575936.0, 5241906.0 ], [ 575937.0, 5241906.0 ], [ 575937.0, 5241907.0 ], [ 575938.0, 5241907.0 ], [ 575938.0, 5241906.0 ], [ 575939.0, 5241906.0 ], [ 575939.0, 5241905.0 ], [ 575940.0, 5241905.0 ], [ 575940.0, 5241904.0 ], [ 575941.0, 5241904.0 ], [ 575941.0, 5241903.0 ], [ 575942.0, 5241903.0 ], [ 575942.0, 5241902.0 ], [ 575943.0, 5241902.0 ], [ 575943.0, 5241901.0 ], [ 575942.0, 5241901.0 ], [ 575942.0, 5241900.0 ], [ 575943.0, 5241900.0 ], [ 575943.0, 5241899.0 ], [ 575944.0, 5241899.0 ], [ 575944.0, 5241900.0 ], [ 575945.0, 5241900.0 ], [ 575945.0, 5241901.0 ], [ 575946.0, 5241901.0 ], [ 575946.0, 5241902.0 ], [ 575947.0, 5241902.0 ], [ 575947.0, 5241903.0 ], [ 575948.0, 5241903.0 ], [ 575948.0, 5241902.0 ], [ 575949.0, 5241902.0 ], [ 575949.0, 5241901.0 ], [ 575950.0, 5241901.0 ], [ 575950.0, 5241900.0 ], [ 575951.0, 5241900.0 ], [ 575951.0, 5241899.0 ], [ 575952.0, 5241899.0 ], [ 575952.0, 5241898.0 ], [ 575954.0, 5241898.0 ], [ 575954.0, 5241899.0 ], [ 575956.0, 5241899.0 ], [ 575956.0, 5241898.0 ], [ 575957.0, 5241898.0 ], [ 575957.0, 5241897.0 ], [ 575961.0, 5241897.0 ], [ 575961.0, 5241896.0 ], [ 575963.0, 5241896.0 ], [ 575963.0, 5241897.0 ], [ 575964.0, 5241897.0 ], [ 575964.0, 5241898.0 ], [ 575966.0, 5241898.0 ], [ 575966.0, 5241897.0 ], [ 575967.0, 5241897.0 ], [ 575967.0, 5241898.0 ], [ 575968.0, 5241898.0 ], [ 575968.0, 5241899.0 ], [ 575969.0, 5241899.0 ], [ 575969.0, 5241898.0 ], [ 575970.0, 5241898.0 ], [ 575970.0, 5241897.0 ], [ 575971.0, 5241897.0 ], [ 575971.0, 5241896.0 ], [ 575972.0, 5241896.0 ], [ 575972.0, 5241897.0 ], [ 575976.0, 5241897.0 ], [ 575976.0, 5241898.0 ], [ 575977.0, 5241898.0 ], [ 575977.0, 5241899.0 ], [ 575978.0, 5241899.0 ], [ 575978.0, 5241898.0 ], [ 575979.0, 5241898.0 ], [ 575979.0, 5241897.0 ], [ 575981.0, 5241897.0 ], [ 575981.0, 5241898.0 ], [ 575982.0, 5241898.0 ], [ 575982.0, 5241897.0 ], [ 575983.0, 5241897.0 ], [ 575983.0, 5241898.0 ], [ 575984.0, 5241898.0 ], [ 575984.0, 5241899.0 ], [ 575987.0, 5241899.0 ], [ 575987.0, 5241898.0 ], [ 575988.0, 5241898.0 ], [ 575988.0, 5241897.0 ], [ 575990.0, 5241897.0 ], [ 575990.0, 5241898.0 ], [ 575991.0, 5241898.0 ], [ 575991.0, 5241899.0 ], [ 575992.0, 5241899.0 ], [ 575992.0, 5241898.0 ], [ 575993.0, 5241898.0 ], [ 575993.0, 5241897.0 ], [ 575995.0, 5241897.0 ], [ 575995.0, 5241896.0 ], [ 575998.0, 5241896.0 ], [ 575998.0, 5241897.0 ], [ 575999.0, 5241897.0 ], [ 575999.0, 5241896.0 ], [ 576003.0, 5241896.0 ], [ 576003.0, 5241897.0 ], [ 576004.0, 5241897.0 ], [ 576004.0, 5241896.0 ], [ 576006.0, 5241896.0 ], [ 576006.0, 5241895.0 ], [ 576007.0, 5241895.0 ], [ 576007.0, 5241896.0 ], [ 576008.0, 5241896.0 ], [ 576008.0, 5241897.0 ], [ 576009.0, 5241897.0 ], [ 576009.0, 5241896.0 ], [ 576013.0, 5241896.0 ], [ 576013.0, 5241897.0 ], [ 576017.0, 5241897.0 ], [ 576017.0, 5241898.0 ], [ 576019.0, 5241898.0 ], [ 576019.0, 5241897.0 ], [ 576020.0, 5241897.0 ], [ 576020.0, 5241898.0 ], [ 576021.0, 5241898.0 ], [ 576021.0, 5241899.0 ], [ 576022.0, 5241899.0 ], [ 576022.0, 5241900.0 ], [ 576023.0, 5241900.0 ], [ 576023.0, 5241901.0 ], [ 576024.0, 5241901.0 ], [ 576024.0, 5241902.0 ], [ 576025.0, 5241902.0 ], [ 576025.0, 5241903.0 ], [ 576027.0, 5241903.0 ], [ 576027.0, 5241904.0 ], [ 576028.0, 5241904.0 ], [ 576028.0, 5241903.0 ], [ 576029.0, 5241903.0 ], [ 576029.0, 5241902.0 ], [ 576030.0, 5241902.0 ], [ 576030.0, 5241901.0 ], [ 576031.0, 5241901.0 ], [ 576031.0, 5241900.0 ], [ 576032.0, 5241900.0 ], [ 576032.0, 5241899.0 ], [ 576035.0, 5241899.0 ], [ 576035.0, 5241900.0 ], [ 576036.0, 5241900.0 ], [ 576036.0, 5241901.0 ], [ 576037.0, 5241901.0 ], [ 576037.0, 5241902.0 ], [ 576038.0, 5241902.0 ], [ 576038.0, 5241903.0 ], [ 576039.0, 5241903.0 ], [ 576039.0, 5241904.0 ], [ 576040.0, 5241904.0 ], [ 576040.0, 5241903.0 ], [ 576042.0, 5241903.0 ], [ 576042.0, 5241902.0 ], [ 576043.0, 5241902.0 ], [ 576043.0, 5241901.0 ], [ 576044.0, 5241901.0 ], [ 576044.0, 5241902.0 ], [ 576045.0, 5241902.0 ], [ 576045.0, 5241901.0 ], [ 576047.0, 5241901.0 ], [ 576047.0, 5241900.0 ], [ 576049.0, 5241900.0 ], [ 576049.0, 5241901.0 ], [ 576050.0, 5241901.0 ], [ 576050.0, 5241902.0 ], [ 576051.0, 5241902.0 ], [ 576051.0, 5241903.0 ], [ 576052.0, 5241903.0 ], [ 576052.0, 5241904.0 ], [ 576053.0, 5241904.0 ], [ 576053.0, 5241903.0 ], [ 576054.0, 5241903.0 ], [ 576054.0, 5241902.0 ], [ 576055.0, 5241902.0 ], [ 576055.0, 5241901.0 ], [ 576056.0, 5241901.0 ], [ 576056.0, 5241900.0 ], [ 576057.0, 5241900.0 ], [ 576057.0, 5241899.0 ], [ 576058.0, 5241899.0 ], [ 576058.0, 5241898.0 ], [ 576057.0, 5241898.0 ], [ 576057.0, 5241897.0 ], [ 576056.0, 5241897.0 ], [ 576056.0, 5241896.0 ], [ 576055.0, 5241896.0 ], [ 576055.0, 5241895.0 ], [ 576054.0, 5241895.0 ], [ 576054.0, 5241894.0 ], [ 576055.0, 5241894.0 ], [ 576055.0, 5241893.0 ], [ 576057.0, 5241893.0 ], [ 576057.0, 5241894.0 ], [ 576059.0, 5241894.0 ], [ 576059.0, 5241893.0 ], [ 576060.0, 5241893.0 ], [ 576060.0, 5241894.0 ], [ 576061.0, 5241894.0 ], [ 576061.0, 5241895.0 ], [ 576062.0, 5241895.0 ], [ 576062.0, 5241896.0 ], [ 576063.0, 5241896.0 ], [ 576063.0, 5241895.0 ], [ 576064.0, 5241895.0 ], [ 576064.0, 5241894.0 ], [ 576065.0, 5241894.0 ], [ 576065.0, 5241893.0 ], [ 576066.0, 5241893.0 ], [ 576066.0, 5241892.0 ], [ 576067.0, 5241892.0 ], [ 576067.0, 5241893.0 ], [ 576069.0, 5241893.0 ], [ 576069.0, 5241892.0 ], [ 576071.0, 5241892.0 ], [ 576071.0, 5241891.0 ], [ 576072.0, 5241891.0 ], [ 576072.0, 5241892.0 ], [ 576073.0, 5241892.0 ], [ 576073.0, 5241893.0 ], [ 576074.0, 5241893.0 ], [ 576074.0, 5241894.0 ], [ 576075.0, 5241894.0 ], [ 576075.0, 5241893.0 ], [ 576078.0, 5241893.0 ], [ 576078.0, 5241892.0 ], [ 576079.0, 5241892.0 ], [ 576079.0, 5241891.0 ], [ 576087.0, 5241891.0 ], [ 576087.0, 5241892.0 ], [ 576088.0, 5241892.0 ], [ 576088.0, 5241893.0 ], [ 576089.0, 5241893.0 ], [ 576089.0, 5241892.0 ], [ 576090.0, 5241892.0 ], [ 576090.0, 5241893.0 ], [ 576091.0, 5241893.0 ], [ 576091.0, 5241894.0 ], [ 576090.0, 5241894.0 ], [ 576090.0, 5241895.0 ], [ 576089.0, 5241895.0 ], [ 576089.0, 5241896.0 ], [ 576088.0, 5241896.0 ], [ 576088.0, 5241897.0 ], [ 576087.0, 5241897.0 ], [ 576087.0, 5241898.0 ], [ 576086.0, 5241898.0 ], [ 576086.0, 5241899.0 ], [ 576087.0, 5241899.0 ], [ 576087.0, 5241900.0 ], [ 576088.0, 5241900.0 ], [ 576088.0, 5241902.0 ], [ 576089.0, 5241902.0 ], [ 576089.0, 5241903.0 ], [ 576090.0, 5241903.0 ], [ 576090.0, 5241904.0 ], [ 576089.0, 5241904.0 ], [ 576089.0, 5241905.0 ], [ 576088.0, 5241905.0 ], [ 576088.0, 5241906.0 ], [ 576087.0, 5241906.0 ], [ 576087.0, 5241907.0 ], [ 576088.0, 5241907.0 ], [ 576088.0, 5241908.0 ], [ 576089.0, 5241908.0 ], [ 576089.0, 5241909.0 ], [ 576090.0, 5241909.0 ], [ 576090.0, 5241910.0 ], [ 576091.0, 5241910.0 ], [ 576091.0, 5241911.0 ], [ 576092.0, 5241911.0 ], [ 576092.0, 5241912.0 ], [ 576093.0, 5241912.0 ], [ 576093.0, 5241911.0 ], [ 576094.0, 5241911.0 ], [ 576094.0, 5241910.0 ], [ 576095.0, 5241910.0 ], [ 576095.0, 5241909.0 ], [ 576096.0, 5241909.0 ], [ 576096.0, 5241908.0 ], [ 576097.0, 5241908.0 ], [ 576097.0, 5241907.0 ], [ 576098.0, 5241907.0 ], [ 576098.0, 5241908.0 ], [ 576099.0, 5241908.0 ], [ 576099.0, 5241909.0 ], [ 576100.0, 5241909.0 ], [ 576100.0, 5241910.0 ], [ 576101.0, 5241910.0 ], [ 576101.0, 5241911.0 ], [ 576103.0, 5241911.0 ], [ 576103.0, 5241912.0 ], [ 576105.0, 5241912.0 ], [ 576105.0, 5241913.0 ], [ 576106.0, 5241913.0 ], [ 576106.0, 5241914.0 ], [ 576107.0, 5241914.0 ], [ 576107.0, 5241915.0 ], [ 576108.0, 5241915.0 ], [ 576108.0, 5241914.0 ], [ 576109.0, 5241914.0 ], [ 576109.0, 5241913.0 ], [ 576110.0, 5241913.0 ], [ 576110.0, 5241914.0 ], [ 576112.0, 5241914.0 ], [ 576112.0, 5241915.0 ], [ 576113.0, 5241915.0 ], [ 576113.0, 5241916.0 ], [ 576114.0, 5241916.0 ], [ 576114.0, 5241917.0 ], [ 576115.0, 5241917.0 ], [ 576115.0, 5241918.0 ], [ 576116.0, 5241918.0 ], [ 576116.0, 5241919.0 ], [ 576117.0, 5241919.0 ], [ 576117.0, 5241920.0 ], [ 576118.0, 5241920.0 ], [ 576118.0, 5241921.0 ], [ 576119.0, 5241921.0 ], [ 576119.0, 5241922.0 ], [ 576121.0, 5241922.0 ], [ 576121.0, 5241921.0 ], [ 576122.0, 5241921.0 ], [ 576122.0, 5241922.0 ], [ 576123.0, 5241922.0 ], [ 576123.0, 5241926.0 ], [ 576122.0, 5241926.0 ], [ 576122.0, 5241927.0 ], [ 576121.0, 5241927.0 ], [ 576121.0, 5241928.0 ], [ 576122.0, 5241928.0 ], [ 576122.0, 5241929.0 ], [ 576123.0, 5241929.0 ], [ 576123.0, 5241930.0 ], [ 576124.0, 5241930.0 ], [ 576124.0, 5241931.0 ], [ 576125.0, 5241931.0 ], [ 576125.0, 5241932.0 ], [ 576126.0, 5241932.0 ], [ 576126.0, 5241933.0 ], [ 576127.0, 5241933.0 ], [ 576127.0, 5241934.0 ], [ 576129.0, 5241934.0 ], [ 576129.0, 5241935.0 ], [ 576130.0, 5241935.0 ], [ 576130.0, 5241934.0 ], [ 576131.0, 5241934.0 ], [ 576131.0, 5241933.0 ], [ 576132.0, 5241933.0 ], [ 576132.0, 5241934.0 ], [ 576133.0, 5241934.0 ], [ 576133.0, 5241935.0 ], [ 576134.0, 5241935.0 ], [ 576134.0, 5241936.0 ], [ 576135.0, 5241936.0 ], [ 576135.0, 5241939.0 ], [ 576134.0, 5241939.0 ], [ 576134.0, 5241941.0 ], [ 576135.0, 5241941.0 ], [ 576135.0, 5241942.0 ], [ 576136.0, 5241942.0 ], [ 576136.0, 5241943.0 ], [ 576135.0, 5241943.0 ], [ 576135.0, 5241945.0 ], [ 576136.0, 5241945.0 ], [ 576136.0, 5241946.0 ], [ 576137.0, 5241946.0 ], [ 576137.0, 5241947.0 ], [ 576138.0, 5241947.0 ], [ 576138.0, 5241949.0 ], [ 576137.0, 5241949.0 ], [ 576137.0, 5241950.0 ], [ 576136.0, 5241950.0 ], [ 576136.0, 5241951.0 ], [ 576135.0, 5241951.0 ], [ 576135.0, 5241953.0 ], [ 576136.0, 5241953.0 ], [ 576136.0, 5241954.0 ], [ 576137.0, 5241954.0 ], [ 576137.0, 5241958.0 ], [ 576138.0, 5241958.0 ], [ 576138.0, 5241961.0 ], [ 576137.0, 5241961.0 ], [ 576137.0, 5241962.0 ], [ 576136.0, 5241962.0 ], [ 576136.0, 5241963.0 ], [ 576135.0, 5241963.0 ], [ 576135.0, 5241964.0 ], [ 576136.0, 5241964.0 ], [ 576136.0, 5241966.0 ], [ 576135.0, 5241966.0 ], [ 576135.0, 5241967.0 ], [ 576136.0, 5241967.0 ], [ 576136.0, 5241969.0 ], [ 576135.0, 5241969.0 ], [ 576135.0, 5241970.0 ], [ 576136.0, 5241970.0 ], [ 576136.0, 5241971.0 ], [ 576135.0, 5241971.0 ], [ 576135.0, 5241972.0 ], [ 576134.0, 5241972.0 ], [ 576134.0, 5241973.0 ], [ 576133.0, 5241973.0 ], [ 576133.0, 5241974.0 ], [ 576132.0, 5241974.0 ], [ 576132.0, 5241975.0 ], [ 576131.0, 5241975.0 ], [ 576131.0, 5241976.0 ], [ 576130.0, 5241976.0 ], [ 576130.0, 5241977.0 ], [ 576129.0, 5241977.0 ], [ 576129.0, 5241978.0 ], [ 576127.0, 5241978.0 ], [ 576127.0, 5241977.0 ], [ 576126.0, 5241977.0 ], [ 576126.0, 5241976.0 ], [ 576125.0, 5241976.0 ], [ 576125.0, 5241975.0 ], [ 576124.0, 5241975.0 ], [ 576124.0, 5241974.0 ], [ 576123.0, 5241974.0 ], [ 576123.0, 5241973.0 ], [ 576122.0, 5241973.0 ], [ 576122.0, 5241971.0 ], [ 576123.0, 5241971.0 ], [ 576123.0, 5241970.0 ], [ 576124.0, 5241970.0 ], [ 576124.0, 5241969.0 ], [ 576125.0, 5241969.0 ], [ 576125.0, 5241968.0 ], [ 576126.0, 5241968.0 ], [ 576126.0, 5241967.0 ], [ 576127.0, 5241967.0 ], [ 576127.0, 5241966.0 ], [ 576126.0, 5241966.0 ], [ 576126.0, 5241965.0 ], [ 576125.0, 5241965.0 ], [ 576125.0, 5241964.0 ], [ 576124.0, 5241964.0 ], [ 576124.0, 5241963.0 ], [ 576123.0, 5241963.0 ], [ 576123.0, 5241962.0 ], [ 576122.0, 5241962.0 ], [ 576122.0, 5241961.0 ], [ 576121.0, 5241961.0 ], [ 576121.0, 5241960.0 ], [ 576120.0, 5241960.0 ], [ 576120.0, 5241959.0 ], [ 576119.0, 5241959.0 ], [ 576119.0, 5241958.0 ], [ 576117.0, 5241958.0 ], [ 576117.0, 5241959.0 ], [ 576115.0, 5241959.0 ], [ 576115.0, 5241958.0 ], [ 576114.0, 5241958.0 ], [ 576114.0, 5241957.0 ], [ 576113.0, 5241957.0 ], [ 576113.0, 5241956.0 ], [ 576112.0, 5241956.0 ], [ 576112.0, 5241957.0 ], [ 576110.0, 5241957.0 ], [ 576110.0, 5241958.0 ], [ 576109.0, 5241958.0 ], [ 576109.0, 5241959.0 ], [ 576108.0, 5241959.0 ], [ 576108.0, 5241960.0 ], [ 576107.0, 5241960.0 ], [ 576107.0, 5241961.0 ], [ 576106.0, 5241961.0 ], [ 576106.0, 5241962.0 ], [ 576105.0, 5241962.0 ], [ 576105.0, 5241963.0 ], [ 576104.0, 5241963.0 ], [ 576104.0, 5241962.0 ], [ 576103.0, 5241962.0 ], [ 576103.0, 5241961.0 ], [ 576101.0, 5241961.0 ], [ 576101.0, 5241960.0 ], [ 576100.0, 5241960.0 ], [ 576100.0, 5241961.0 ], [ 576099.0, 5241961.0 ], [ 576099.0, 5241962.0 ], [ 576098.0, 5241962.0 ], [ 576098.0, 5241963.0 ], [ 576097.0, 5241963.0 ], [ 576097.0, 5241964.0 ], [ 576096.0, 5241964.0 ], [ 576096.0, 5241965.0 ], [ 576095.0, 5241965.0 ], [ 576095.0, 5241966.0 ], [ 576094.0, 5241966.0 ], [ 576094.0, 5241967.0 ], [ 576093.0, 5241967.0 ], [ 576093.0, 5241968.0 ], [ 576092.0, 5241968.0 ], [ 576092.0, 5241969.0 ], [ 576091.0, 5241969.0 ], [ 576091.0, 5241970.0 ], [ 576090.0, 5241970.0 ], [ 576090.0, 5241971.0 ], [ 576088.0, 5241971.0 ], [ 576088.0, 5241972.0 ], [ 576087.0, 5241972.0 ], [ 576087.0, 5241973.0 ], [ 576086.0, 5241973.0 ], [ 576086.0, 5241974.0 ], [ 576085.0, 5241974.0 ], [ 576085.0, 5241975.0 ], [ 576084.0, 5241975.0 ], [ 576084.0, 5241976.0 ], [ 576083.0, 5241976.0 ], [ 576083.0, 5241977.0 ], [ 576081.0, 5241977.0 ], [ 576081.0, 5241976.0 ], [ 576080.0, 5241976.0 ], [ 576080.0, 5241975.0 ], [ 576079.0, 5241975.0 ], [ 576079.0, 5241976.0 ], [ 576078.0, 5241976.0 ], [ 576078.0, 5241977.0 ], [ 576077.0, 5241977.0 ], [ 576077.0, 5241978.0 ], [ 576075.0, 5241978.0 ], [ 576075.0, 5241977.0 ], [ 576074.0, 5241977.0 ], [ 576074.0, 5241976.0 ], [ 576073.0, 5241976.0 ], [ 576073.0, 5241975.0 ], [ 576071.0, 5241975.0 ], [ 576071.0, 5241976.0 ], [ 576070.0, 5241976.0 ], [ 576070.0, 5241977.0 ], [ 576069.0, 5241977.0 ], [ 576069.0, 5241978.0 ], [ 576068.0, 5241978.0 ], [ 576068.0, 5241979.0 ], [ 576067.0, 5241979.0 ], [ 576067.0, 5241980.0 ], [ 576066.0, 5241980.0 ], [ 576066.0, 5241982.0 ], [ 576065.0, 5241982.0 ], [ 576065.0, 5241983.0 ], [ 576064.0, 5241983.0 ], [ 576064.0, 5241984.0 ], [ 576063.0, 5241984.0 ], [ 576063.0, 5241985.0 ], [ 576062.0, 5241985.0 ], [ 576062.0, 5241986.0 ], [ 576061.0, 5241986.0 ], [ 576061.0, 5241988.0 ], [ 576062.0, 5241988.0 ], [ 576062.0, 5241990.0 ], [ 576061.0, 5241990.0 ], [ 576061.0, 5241991.0 ], [ 576060.0, 5241991.0 ], [ 576060.0, 5241992.0 ], [ 576059.0, 5241992.0 ], [ 576059.0, 5241993.0 ], [ 576060.0, 5241993.0 ], [ 576060.0, 5241994.0 ], [ 576061.0, 5241994.0 ], [ 576061.0, 5241995.0 ], [ 576062.0, 5241995.0 ], [ 576062.0, 5241996.0 ], [ 576063.0, 5241996.0 ], [ 576063.0, 5241997.0 ], [ 576064.0, 5241997.0 ], [ 576064.0, 5241998.0 ], [ 576065.0, 5241998.0 ], [ 576065.0, 5241997.0 ], [ 576067.0, 5241997.0 ], [ 576067.0, 5241998.0 ], [ 576068.0, 5241998.0 ], [ 576068.0, 5241999.0 ], [ 576067.0, 5241999.0 ], [ 576067.0, 5242000.0 ], [ 576066.0, 5242000.0 ], [ 576066.0, 5242001.0 ], [ 576067.0, 5242001.0 ], [ 576067.0, 5242002.0 ], [ 576068.0, 5242002.0 ], [ 576068.0, 5242003.0 ], [ 576069.0, 5242003.0 ], [ 576069.0, 5242004.0 ], [ 576068.0, 5242004.0 ], [ 576068.0, 5242005.0 ], [ 576069.0, 5242005.0 ], [ 576069.0, 5242006.0 ], [ 576070.0, 5242006.0 ], [ 576070.0, 5242007.0 ], [ 576069.0, 5242007.0 ], [ 576069.0, 5242008.0 ], [ 576068.0, 5242008.0 ], [ 576068.0, 5242009.0 ], [ 576067.0, 5242009.0 ], [ 576067.0, 5242010.0 ], [ 576066.0, 5242010.0 ], [ 576066.0, 5242011.0 ], [ 576065.0, 5242011.0 ], [ 576065.0, 5242012.0 ], [ 576064.0, 5242012.0 ], [ 576064.0, 5242014.0 ], [ 576065.0, 5242014.0 ], [ 576065.0, 5242016.0 ], [ 576066.0, 5242016.0 ], [ 576066.0, 5242017.0 ], [ 576067.0, 5242017.0 ], [ 576067.0, 5242018.0 ], [ 576068.0, 5242018.0 ], [ 576068.0, 5242019.0 ], [ 576069.0, 5242019.0 ], [ 576069.0, 5242020.0 ], [ 576070.0, 5242020.0 ], [ 576070.0, 5242021.0 ], [ 576071.0, 5242021.0 ], [ 576071.0, 5242022.0 ], [ 576073.0, 5242022.0 ], [ 576073.0, 5242021.0 ], [ 576074.0, 5242021.0 ], [ 576074.0, 5242020.0 ], [ 576075.0, 5242020.0 ], [ 576075.0, 5242019.0 ], [ 576076.0, 5242019.0 ], [ 576076.0, 5242018.0 ], [ 576077.0, 5242018.0 ], [ 576077.0, 5242017.0 ], [ 576079.0, 5242017.0 ], [ 576079.0, 5242016.0 ], [ 576080.0, 5242016.0 ], [ 576080.0, 5242017.0 ], [ 576081.0, 5242017.0 ], [ 576081.0, 5242018.0 ], [ 576082.0, 5242018.0 ], [ 576082.0, 5242019.0 ], [ 576083.0, 5242019.0 ], [ 576083.0, 5242020.0 ], [ 576084.0, 5242020.0 ], [ 576084.0, 5242021.0 ], [ 576085.0, 5242021.0 ], [ 576085.0, 5242022.0 ], [ 576086.0, 5242022.0 ], [ 576086.0, 5242021.0 ], [ 576087.0, 5242021.0 ], [ 576087.0, 5242022.0 ], [ 576088.0, 5242022.0 ], [ 576088.0, 5242023.0 ], [ 576089.0, 5242023.0 ], [ 576089.0, 5242024.0 ], [ 576090.0, 5242024.0 ], [ 576090.0, 5242026.0 ], [ 576089.0, 5242026.0 ], [ 576089.0, 5242027.0 ], [ 576088.0, 5242027.0 ], [ 576088.0, 5242028.0 ], [ 576087.0, 5242028.0 ], [ 576087.0, 5242027.0 ], [ 576086.0, 5242027.0 ], [ 576086.0, 5242026.0 ], [ 576085.0, 5242026.0 ], [ 576085.0, 5242025.0 ], [ 576084.0, 5242025.0 ], [ 576084.0, 5242024.0 ], [ 576083.0, 5242024.0 ], [ 576083.0, 5242023.0 ], [ 576082.0, 5242023.0 ], [ 576082.0, 5242022.0 ], [ 576081.0, 5242022.0 ], [ 576081.0, 5242023.0 ], [ 576080.0, 5242023.0 ], [ 576080.0, 5242024.0 ], [ 576079.0, 5242024.0 ], [ 576079.0, 5242025.0 ], [ 576077.0, 5242025.0 ], [ 576077.0, 5242024.0 ], [ 576076.0, 5242024.0 ], [ 576076.0, 5242023.0 ], [ 576075.0, 5242023.0 ], [ 576075.0, 5242024.0 ], [ 576074.0, 5242024.0 ], [ 576074.0, 5242025.0 ], [ 576073.0, 5242025.0 ], [ 576073.0, 5242026.0 ], [ 576072.0, 5242026.0 ], [ 576072.0, 5242027.0 ], [ 576071.0, 5242027.0 ], [ 576071.0, 5242028.0 ], [ 576070.0, 5242028.0 ], [ 576070.0, 5242029.0 ], [ 576069.0, 5242029.0 ], [ 576069.0, 5242028.0 ], [ 576068.0, 5242028.0 ], [ 576068.0, 5242029.0 ], [ 576066.0, 5242029.0 ], [ 576066.0, 5242030.0 ], [ 576061.0, 5242030.0 ], [ 576061.0, 5242029.0 ], [ 576060.0, 5242029.0 ], [ 576060.0, 5242030.0 ], [ 576059.0, 5242030.0 ], [ 576059.0, 5242031.0 ], [ 576058.0, 5242031.0 ], [ 576058.0, 5242032.0 ], [ 576057.0, 5242032.0 ], [ 576057.0, 5242033.0 ], [ 576056.0, 5242033.0 ], [ 576056.0, 5242034.0 ], [ 576055.0, 5242034.0 ], [ 576055.0, 5242036.0 ], [ 576054.0, 5242036.0 ], [ 576054.0, 5242037.0 ], [ 576053.0, 5242037.0 ], [ 576053.0, 5242038.0 ], [ 576052.0, 5242038.0 ], [ 576052.0, 5242039.0 ], [ 576051.0, 5242039.0 ], [ 576051.0, 5242040.0 ], [ 576050.0, 5242040.0 ], [ 576050.0, 5242039.0 ], [ 576048.0, 5242039.0 ], [ 576048.0, 5242038.0 ], [ 576045.0, 5242038.0 ], [ 576045.0, 5242039.0 ], [ 576044.0, 5242039.0 ], [ 576044.0, 5242038.0 ], [ 576043.0, 5242038.0 ], [ 576043.0, 5242039.0 ], [ 576042.0, 5242039.0 ], [ 576042.0, 5242040.0 ], [ 576041.0, 5242040.0 ], [ 576041.0, 5242039.0 ], [ 576040.0, 5242039.0 ], [ 576040.0, 5242038.0 ], [ 576039.0, 5242038.0 ], [ 576039.0, 5242039.0 ], [ 576038.0, 5242039.0 ], [ 576038.0, 5242040.0 ], [ 576036.0, 5242040.0 ] ] ] } },
{ "type": "Feature", "properties": { "id": 5, "level_m": 220.28, "level_iqr_m": 0.03, "area_m2": 10980, "n_points": 29662 }, "geometry": { "type": "Polygon", "coordinates": [ [ [ 577293.0, 5241931.0 ], [ 577293.0, 5241930.0 ], [ 577292.0, 5241930.0 ], [ 577292.0, 5241929.0 ], [ 577289.0, 5241929.0 ], [ 577289.0, 5241930.0 ], [ 577287.0, 5241930.0 ], [ 577287.0, 5241929.0 ], [ 577286.0, 5241929.0 ], [ 577286.0, 5241928.0 ], [ 577285.0, 5241928.0 ], [ 577285.0, 5241929.0 ], [ 577284.0, 5241929.0 ], [ 577284.0, 5241928.0 ], [ 577283.0, 5241928.0 ], [ 577283.0, 5241927.0 ], [ 577281.0, 5241927.0 ], [ 577281.0, 5241928.0 ], [ 577279.0, 5241928.0 ], [ 577279.0, 5241929.0 ], [ 577278.0, 5241929.0 ], [ 577278.0, 5241930.0 ], [ 577276.0, 5241930.0 ], [ 577276.0, 5241929.0 ], [ 577274.0, 5241929.0 ], [ 577274.0, 5241928.0 ], [ 577268.0, 5241928.0 ], [ 577268.0, 5241927.0 ], [ 577265.0, 5241927.0 ], [ 577265.0, 5241926.0 ], [ 577263.0, 5241926.0 ], [ 577263.0, 5241925.0 ], [ 577262.0, 5241925.0 ], [ 577262.0, 5241924.0 ], [ 577261.0, 5241924.0 ], [ 577261.0, 5241925.0 ], [ 577259.0, 5241925.0 ], [ 577259.0, 5241924.0 ], [ 577258.0, 5241924.0 ], [ 577258.0, 5241923.0 ], [ 577257.0, 5241923.0 ], [ 577257.0, 5241922.0 ], [ 577254.0, 5241922.0 ], [ 577254.0, 5241921.0 ], [ 577253.0, 5241921.0 ], [ 577253.0, 5241922.0 ], [ 577251.0, 5241922.0 ], [ 577251.0, 5241923.0 ], [ 577250.0, 5241923.0 ], [ 577250.0, 5241922.0 ], [ 577248.0, 5241922.0 ], [ 577248.0, 5241923.0 ], [ 577246.0, 5241923.0 ], [ 577246.0, 5241922.0 ], [ 577245.0, 5241922.0 ], [ 577245.0, 5241923.0 ], [ 577244.0, 5241923.0 ], [ 577244.0, 5241922.0 ], [ 577240.0, 5241922.0 ], [ 577240.0, 5241921.0 ], [ 577239.0, 5241921.0 ], [ 577239.0, 5241920.0 ], [ 577238.0, 5241920.0 ], [ 577238.0, 5241919.0 ], [ 577237.0, 5241919.0 ], [ 577237.0, 5241918.0 ], [ 577235.0, 5241918.0 ], [ 577235.0, 5241917.0 ], [ 577234.0, 5241917.0 ], [ 577234.0, 5241916.0 ], [ 577232.0, 5241916.0 ], [ 577232.0, 5241915.0 ], [ 577231.0, 5241915.0 ], [ 577231.0, 5241914.0 ], [ 577230.0, 5241914.0 ], [ 577230.0, 5241913.0 ], [ 577228.0, 5241913.0 ], [ 577228.0, 5241912.0 ], [ 577226.0, 5241912.0 ], [ 577226.0, 5241911.0 ], [ 577225.0, 5241911.0 ], [ 577225.0, 5241910.0 ], [ 577223.0, 5241910.0 ], [ 577223.0, 5241909.0 ], [ 577222.0, 5241909.0 ], [ 577222.0, 5241908.0 ], [ 577220.0, 5241908.0 ], [ 577220.0, 5241907.0 ], [ 577219.0, 5241907.0 ], [ 577219.0, 5241906.0 ], [ 577218.0, 5241906.0 ], [ 577218.0, 5241905.0 ], [ 577217.0, 5241905.0 ], [ 577217.0, 5241904.0 ], [ 577215.0, 5241904.0 ], [ 577215.0, 5241903.0 ], [ 577214.0, 5241903.0 ], [ 577214.0, 5241902.0 ], [ 577212.0, 5241902.0 ], [ 577212.0, 5241901.0 ], [ 577209.0, 5241901.0 ], [ 577209.0, 5241900.0 ], [ 577205.0, 5241900.0 ], [ 577205.0, 5241899.0 ], [ 577204.0, 5241899.0 ], [ 577204.0, 5241898.0 ], [ 577203.0, 5241898.0 ], [ 577203.0, 5241897.0 ], [ 577202.0, 5241897.0 ], [ 577202.0, 5241896.0 ], [ 577200.0, 5241896.0 ], [ 577200.0, 5241895.0 ], [ 577198.0, 5241895.0 ], [ 577198.0, 5241894.0 ], [ 577197.0, 5241894.0 ], [ 577197.0, 5241895.0 ], [ 577195.0, 5241895.0 ], [ 577195.0, 5241896.0 ], [ 577194.0, 5241896.0 ], [ 577194.0, 5241897.0 ], [ 577192.0, 5241897.0 ], [ 577192.0, 5241896.0 ], [ 577191.0, 5241896.0 ], [ 577191.0, 5241895.0 ], [ 577190.0, 5241895.0 ], [ 577190.0, 5241894.0 ], [ 577189.0, 5241894.0 ], [ 577189.0, 5241893.0 ], [ 577188.0, 5241893.0 ], [ 577188.0, 5241892.0 ], [ 577187.0, 5241892.0 ], [ 577187.0, 5241891.0 ], [ 577186.0, 5241891.0 ], [ 577186.0, 5241890.0 ], [ 577184.0, 5241890.0 ], [ 577184.0, 5241891.0 ], [ 577182.0, 5241891.0 ], [ 577182.0, 5241892.0 ], [ 577181.0, 5241892.0 ], [ 577181.0, 5241893.0 ], [ 577180.0, 5241893.0 ], [ 577180.0, 5241892.0 ], [ 577179.0, 5241892.0 ], [ 577179.0, 5241890.0 ], [ 577180.0, 5241890.0 ], [ 577180.0, 5241889.0 ], [ 577181.0, 5241889.0 ], [ 577181.0, 5241888.0 ], [ 577182.0, 5241888.0 ], [ 577182.0, 5241887.0 ], [ 577183.0, 5241887.0 ], [ 577183.0, 5241886.0 ], [ 577184.0, 5241886.0 ], [ 577184.0, 5241883.0 ], [ 577185.0, 5241883.0 ], [ 577185.0, 5241882.0 ], [ 577186.0, 5241882.0 ], [ 577186.0, 5241881.0 ], [ 577187.0, 5241881.0 ], [ 577187.0, 5241880.0 ], [ 577188.0, 5241880.0 ], [ 577188.0, 5241879.0 ], [ 577189.0, 5241879.0 ], [ 577189.0, 5241878.0 ], [ 577188.0, 5241878.0 ], [ 577188.0, 5241877.0 ], [ 577187.0, 5241877.0 ], [ 577187.0, 5241876.0 ], [ 577186.0, 5241876.0 ], [ 577186.0, 5241875.0 ], [ 577185.0, 5241875.0 ], [ 577185.0, 5241874.0 ], [ 577184.0, 5241874.0 ], [ 577184.0, 5241873.0 ], [ 577182.0, 5241873.0 ], [ 577182.0, 5241872.0 ], [ 577181.0, 5241872.0 ], [ 577181.0, 5241871.0 ], [ 577182.0, 5241871.0 ], [ 577182.0, 5241870.0 ], [ 577183.0, 5241870.0 ], [ 577183.0, 5241869.0 ], [ 577182.0, 5241869.0 ], [ 577182.0, 5241868.0 ], [ 577183.0, 5241868.0 ], [ 577183.0, 5241867.0 ], [ 577184.0, 5241867.0 ], [ 577184.0, 5241866.0 ], [ 577183.0, 5241866.0 ], [ 577183.0, 5241865.0 ], [ 577182.0, 5241865.0 ], [ 577182.0, 5241864.0 ], [ 577181.0, 5241864.0 ], [ 577181.0, 5241863.0 ], [ 577180.0, 5241863.0 ], [ 577180.0, 5241862.0 ], [ 577181.0, 5241862.0 ], [ 577181.0, 5241861.0 ], [ 577182.0, 5241861.0 ], [ 577182.0, 5241862.0 ], [ 577183.0, 5241862.0 ], [ 577183.0, 5241863.0 ], [ 577185.0, 5241863.0 ], [ 577185.0, 5241864.0 ], [ 577186.0, 5241864.0 ], [ 577186.0, 5241863.0 ], [ 577187.0, 5241863.0 ], [ 577187.0, 5241862.0 ], [ 577188.0, 5241862.0 ], [ 577188.0, 5241861.0 ], [ 577189.0, 5241861.0 ], [ 577189.0, 5241860.0 ], [ 577190.0, 5241860.0 ], [ 577190.0, 5241859.0 ], [ 577191.0, 5241859.0 ], [ 577191.0, 5241858.0 ], [ 577190.0, 5241858.0 ], [ 577190.0, 5241855.0 ], [ 577191.0, 5241855.0 ], [ 577191.0, 5241854.0 ], [ 577192.0, 5241854.0 ], [ 577192.0, 5241853.0 ], [ 577193.0, 5241853.0 ], [ 577193.0, 5241852.0 ], [ 577194.0, 5241852.0 ], [ 577194.0, 5241851.0 ], [ 577193.0, 5241851.0 ], [ 577193.0, 5241850.0 ], [ 577192.0, 5241850.0 ], [ 577192.0, 5241849.0 ], [ 577193.0, 5241849.0 ], [ 577193.0, 5241848.0 ], [ 577194.0, 5241848.0 ], [ 577194.0, 5241847.0 ], [ 577193.0, 5241847.0 ], [ 577193.0, 5241845.0 ], [ 577194.0, 5241845.0 ], [ 577194.0, 5241844.0 ], [ 577195.0, 5241844.0 ], [ 577195.0, 5241843.0 ], [ 577196.0, 5241843.0 ], [ 577196.0, 5241842.0 ], [ 577197.0, 5241842.0 ], [ 577197.0, 5241841.0 ], [ 577198.0, 5241841.0 ], [ 577198.0, 5241838.0 ], [ 577199.0, 5241838.0 ], [ 577199.0, 5241837.0 ], [ 577198.0, 5241837.0 ], [ 577198.0, 5241836.0 ], [ 577197.0, 5241836.0 ], [ 577197.0, 5241835.0 ], [ 577196.0, 5241835.0 ], [ 577196.0, 5241833.0 ], [ 577195.0, 5241833.0 ], [ 577195.0, 5241832.0 ], [ 577194.0, 5241832.0 ], [ 577194.0, 5241830.0 ], [ 577193.0, 5241830.0 ], [ 577193.0, 5241828.0 ], [ 577194.0, 5241828.0 ], [ 577194.0, 5241827.0 ], [ 577195.0, 5241827.0 ], [ 577195.0, 5241826.0 ], [ 577194.0, 5241826.0 ], [ 577194.0, 5241825.0 ], [ 577193.0, 5241825.0 ], [ 577193.0, 5241822.0 ], [ 577194.0, 5241822.0 ], [ 577194.0, 5241821.0 ], [ 577193.0, 5241821.0 ], [ 577193.0, 5241820.0 ], [ 577192.0, 5241820.0 ], [ 577192.0, 5241819.0 ], [ 577191.0, 5241819.0 ], [ 577191.0, 5241817.0 ], [ 577190.0, 5241817.0 ], [ 577190.0, 5241814.0 ], [ 577191.0, 5241814.0 ], [ 577191.0, 5241813.0 ], [ 577192.0, 5241813.0 ], [ 577192.0, 5241812.0 ], [ 577191.0, 5241812.0 ], [ 577191.0, 5241811.0 ], [ 577192.0, 5241811.0 ], [ 577192.0, 5241810.0 ], [ 577193.0, 5241810.0 ], [ 577193.0, 5241811.0 ], [ 577195.0, 5241811.0 ], [ 577195.0, 5241810.0 ], [ 577197.0, 5241810.0 ], [ 577197.0, 5241809.0 ], [ 577198.0, 5241809.0 ], [ 577198.0, 5241810.0 ], [ 577199.0, 5241810.0 ], [ 577199.0, 5241811.0 ], [ 577201.0, 5241811.0 ], [ 577201.0, 5241810.0 ], [ 577202.0, 5241810.0 ], [ 577202.0, 5241809.0 ], [ 577204.0, 5241809.0 ], [ 577204.0, 5241808.0 ], [ 577205.0, 5241808.0 ], [ 577205.0, 5241809.0 ], [ 577207.0, 5241809.0 ], [ 577207.0, 5241810.0 ], [ 577208.0, 5241810.0 ], [ 577208.0, 5241811.0 ], [ 577211.0, 5241811.0 ], [ 577211.0, 5241810.0 ], [ 577213.0, 5241810.0 ], [ 577213.0, 5241809.0 ], [ 577214.0, 5241809.0 ], [ 577214.0, 5241808.0 ], [ 577216.0, 5241808.0 ], [ 577216.0, 5241807.0 ], [ 577217.0, 5241807.0 ], [ 577217.0, 5241806.0 ], [ 577218.0, 5241806.0 ], [ 577218.0, 5241805.0 ], [ 577219.0, 5241805.0 ], [ 577219.0, 5241806.0 ], [ 577221.0, 5241806.0 ], [ 577221.0, 5241805.0 ], [ 577222.0, 5241805.0 ], [ 577222.0, 5241806.0 ], [ 577229.0, 5241806.0 ], [ 577229.0, 5241807.0 ], [ 577230.0, 5241807.0 ], [ 577230.0, 5241808.0 ], [ 577231.0, 5241808.0 ], [ 577231.0, 5241809.0 ], [ 577232.0, 5241809.0 ], [ 577232.0, 5241808.0 ], [ 577233.0, 5241808.0 ], [ 577233.0, 5241809.0 ], [ 577234.0, 5241809.0 ], [ 577234.0, 5241808.0 ], [ 577236.0, 5241808.0 ], [ 577236.0, 5241807.0 ], [ 577237.0, 5241807.0 ], [ 577237.0, 5241808.0 ], [ 577239.0, 5241808.0 ], [ 577239.0, 5241809.0 ], [ 577242.0, 5241809.0 ], [ 577242.0, 5241810.0 ], [ 577243.0, 5241810.0 ], [ 577243.0, 5241811.0 ], [ 577244.0, 5241811.0 ], [ 577244.0, 5241812.0 ], [ 577245.0, 5241812.0 ], [ 577245.0, 5241813.0 ], [ 577250.0, 5241813.0 ], [ 577250.0, 5241814.0 ], [ 577251.0, 5241814.0 ], [ 577251.0, 5241813.0 ], [ 577254.0, 5241813.0 ], [ 577254.0, 5241814.0 ], [ 577256.0, 5241814.0 ], [ 577256.0, 5241815.0 ], [ 577260.0, 5241815.0 ], [ 577260.0, 5241814.0 ], [ 577263.0, 5241814.0 ], [ 577263.0, 5241815.0 ], [ 577264.0, 5241815.0 ], [ 577264.0, 5241816.0 ], [ 577268.0, 5241816.0 ], [ 577268.0, 5241817.0 ], [ 577269.0, 5241817.0 ], [ 577269.0, 5241818.0 ], [ 577272.0, 5241818.0 ], [ 577272.0, 5241819.0 ], [ 577274.0, 5241819.0 ], [ 577274.0, 5241818.0 ], [ 577275.0, 5241818.0 ], [ 577275.0, 5241819.0 ], [ 577277.0, 5241819.0 ], [ 577277.0, 5241818.0 ], [ 577279.0, 5241818.0 ], [ 577279.0, 5241819.0 ], [ 577280.0, 5241819.0 ], [ 577280.0, 5241820.0 ], [ 577282.0, 5241820.0 ], [ 577282.0, 5241821.0 ], [ 577283.0, 5241821.0 ], [ 577283.0, 5241820.0 ], [ 577284.0, 5241820.0 ], [ 577284.0, 5241819.0 ], [ 577285.0, 5241819.0 ], [ 577285.0, 5241818.0 ], [ 577286.0, 5241818.0 ], [ 577286.0, 5241817.0 ], [ 577287.0, 5241817.0 ], [ 577287.0, 5241816.0 ], [ 577288.0, 5241816.0 ], [ 577288.0, 5241813.0 ], [ 577289.0, 5241813.0 ], [ 577289.0, 5241812.0 ], [ 577290.0, 5241812.0 ], [ 577290.0, 5241811.0 ], [ 577291.0, 5241811.0 ], [ 577291.0, 5241810.0 ], [ 577290.0, 5241810.0 ], [ 577290.0, 5241809.0 ], [ 577291.0, 5241809.0 ], [ 577291.0, 5241808.0 ], [ 577292.0, 5241808.0 ], [ 577292.0, 5241807.0 ], [ 577293.0, 5241807.0 ], [ 577293.0, 5241806.0 ], [ 577294.0, 5241806.0 ], [ 577294.0, 5241807.0 ], [ 577295.0, 5241807.0 ], [ 577295.0, 5241930.0 ], [ 577294.0, 5241930.0 ], [ 577294.0, 5241931.0 ], [ 577293.0, 5241931.0 ] ] ] } },
{ "type": "Feature", "properties": { "id": 6, "level_m": 220.28, "level_iqr_m": 0.03, "area_m2": 501, "n_points": 958 }, "geometry": { "type": "Polygon", "coordinates": [ [ [ 577292.0, 5241778.0 ], [ 577292.0, 5241777.0 ], [ 577290.0, 5241777.0 ], [ 577290.0, 5241776.0 ], [ 577288.0, 5241776.0 ], [ 577288.0, 5241775.0 ], [ 577287.0, 5241775.0 ], [ 577287.0, 5241774.0 ], [ 577285.0, 5241774.0 ], [ 577285.0, 5241773.0 ], [ 577284.0, 5241773.0 ], [ 577284.0, 5241772.0 ], [ 577283.0, 5241772.0 ], [ 577283.0, 5241771.0 ], [ 577282.0, 5241771.0 ], [ 577282.0, 5241770.0 ], [ 577281.0, 5241770.0 ], [ 577281.0, 5241769.0 ], [ 577279.0, 5241769.0 ], [ 577279.0, 5241768.0 ], [ 577278.0, 5241768.0 ], [ 577278.0, 5241767.0 ], [ 577277.0, 5241767.0 ], [ 577277.0, 5241766.0 ], [ 577276.0, 5241766.0 ], [ 577276.0, 5241767.0 ], [ 577273.0, 5241767.0 ], [ 577273.0, 5241766.0 ], [ 577272.0, 5241766.0 ], [ 577272.0, 5241765.0 ], [ 577271.0, 5241765.0 ], [ 577271.0, 5241764.0 ], [ 577270.0, 5241764.0 ], [ 577270.0, 5241762.0 ], [ 577271.0, 5241762.0 ], [ 577271.0, 5241761.0 ], [ 577272.0, 5241761.0 ], [ 577272.0, 5241760.0 ], [ 577273.0, 5241760.0 ], [ 577273.0, 5241759.0 ], [ 577274.0, 5241759.0 ], [ 577274.0, 5241758.0 ], [ 577275.0, 5241758.0 ], [ 577275.0, 5241759.0 ], [ 577277.0, 5241759.0 ], [ 577277.0, 5241760.0 ], [ 577279.0, 5241760.0 ], [ 577279.0, 5241759.0 ], [ 577280.0, 5241759.0 ], [ 577280.0, 5241758.0 ], [ 577281.0, 5241758.0 ], [ 577281.0, 5241757.0 ], [ 577282.0, 5241757.0 ], [ 577282.0, 5241756.0 ], [ 577283.0, 5241756.0 ], [ 577283.0, 5241755.0 ], [ 577284.0, 5241755.0 ], [ 577284.0, 5241754.0 ], [ 577285.0, 5241754.0 ], [ 577285.0, 5241753.0 ], [ 577284.0, 5241753.0 ], [ 577284.0, 5241751.0 ], [ 577283.0, 5241751.0 ], [ 577283.0, 5241750.0 ], [ 577282.0, 5241750.0 ], [ 577282.0, 5241749.0 ], [ 577281.0, 5241749.0 ], [ 577281.0, 5241748.0 ], [ 577280.0, 5241748.0 ], [ 577280.0, 5241747.0 ], [ 577281.0, 5241747.0 ], [ 577281.0, 5241746.0 ], [ 577282.0, 5241746.0 ], [ 577282.0, 5241744.0 ], [ 577281.0, 5241744.0 ], [ 577281.0, 5241742.0 ], [ 577282.0, 5241742.0 ], [ 577282.0, 5241741.0 ], [ 577283.0, 5241741.0 ], [ 577283.0, 5241740.0 ], [ 577284.0, 5241740.0 ], [ 577284.0, 5241739.0 ], [ 577285.0, 5241739.0 ], [ 577285.0, 5241740.0 ], [ 577286.0, 5241740.0 ], [ 577286.0, 5241741.0 ], [ 577287.0, 5241741.0 ], [ 577287.0, 5241742.0 ], [ 577288.0, 5241742.0 ], [ 577288.0, 5241743.0 ], [ 577289.0, 5241743.0 ], [ 577289.0, 5241744.0 ], [ 577290.0, 5241744.0 ], [ 577290.0, 5241745.0 ], [ 577291.0, 5241745.0 ], [ 577291.0, 5241746.0 ], [ 577292.0, 5241746.0 ], [ 577292.0, 5241747.0 ], [ 577294.0, 5241747.0 ], [ 577294.0, 5241748.0 ], [ 577295.0, 5241748.0 ], [ 577295.0, 5241776.0 ], [ 577294.0, 5241776.0 ], [ 577294.0, 5241777.0 ], [ 577293.0, 5241777.0 ], [ 577293.0, 5241778.0 ], [ 577292.0, 5241778.0 ] ] ] } },
{ "type": "Feature", "properties": { "id": 7, "level_m": 230.52, "level_iqr_m": 0.03, "area_m2": 103526, "n_points": 345647 }, "geometry": { "type": "Polygon", "coordinates": [ [ [ 576558.0, 5241492.0 ], [ 576558.0, 5241491.0 ], [ 576556.0, 5241491.0 ], [ 576556.0, 5241490.0 ], [ 576555.0, 5241490.0 ], [ 576555.0, 5241489.0 ], [ 576547.0, 5241489.0 ], [ 576547.0, 5241488.0 ], [ 576545.0, 5241488.0 ], [ 576545.0, 5241489.0 ], [ 576540.0, 5241489.0 ], [ 576540.0, 5241488.0 ], [ 576538.0, 5241488.0 ], [ 576538.0, 5241487.0 ], [ 576537.0, 5241487.0 ], [ 576537.0, 5241486.0 ], [ 576535.0, 5241486.0 ], [ 576535.0, 5241485.0 ], [ 576534.0, 5241485.0 ], [ 576534.0, 5241486.0 ], [ 576531.0, 5241486.0 ], [ 576531.0, 5241487.0 ], [ 576529.0, 5241487.0 ], [ 576529.0, 5241486.0 ], [ 576528.0, 5241486.0 ], [ 576528.0, 5241485.0 ], [ 576527.0, 5241485.0 ], [ 576527.0, 5241486.0 ], [ 576526.0, 5241486.0 ], [ 576526.0, 5241485.0 ], [ 576525.0, 5241485.0 ], [ 576525.0, 5241483.0 ], [ 576524.0, 5241483.0 ], [ 576524.0, 5241482.0 ], [ 576523.0, 5241482.0 ], [ 576523.0, 5241481.0 ], [ 576522.0, 5241481.0 ], [ 576522.0, 5241480.0 ], [ 576521.0, 5241480.0 ], [ 576521.0, 5241479.0 ], [ 576520.0, 5241479.0 ], [ 576520.0, 5241478.0 ], [ 576519.0, 5241478.0 ], [ 576519.0, 5241479.0 ], [ 576518.0, 5241479.0 ], [ 576518.0, 5241480.0 ], [ 576517.0, 5241480.0 ], [ 576517.0, 5241481.0 ], [ 576515.0, 5241481.0 ], [ 576515.0, 5241480.0 ], [ 576513.0, 5241480.0 ], [ 576513.0, 5241479.0 ], [ 576511.0, 5241479.0 ], [ 576511.0, 5241478.0 ], [ 576510.0, 5241478.0 ], [ 576510.0, 5241477.0 ], [ 576509.0, 5241477.0 ], [ 576509.0, 5241476.0 ], [ 576508.0, 5241476.0 ], [ 576508.0, 5241475.0 ], [ 576506.0, 5241475.0 ], [ 576506.0, 5241474.0 ], [ 576505.0, 5241474.0 ], [ 576505.0, 5241473.0 ], [ 576503.0, 5241473.0 ], [ 576503.0, 5241472.0 ], [ 576502.0, 5241472.0 ], [ 576502.0, 5241473.0 ], [ 576500.0, 5241473.0 ], [ 576500.0, 5241472.0 ], [ 576497.0, 5241472.0 ], [ 576497.0, 5241473.0 ], [ 576496.0, 5241473.0 ], [ 576496.0, 5241474.0 ], [ 576495.0, 5241474.0 ], [ 576495.0, 5241475.0 ], [ 576493.0, 5241475.0 ], [ 576493.0, 5241476.0 ], [ 576492.0, 5241476.0 ], [ 576492.0, 5241477.0 ], [ 576491.0, 5241477.0 ], [ 576491.0, 5241478.0 ], [ 576490.0, 5241478.0 ], [ 576490.0, 5241479.0 ], [ 576488.0, 5241479.0 ], [ 576488.0, 5241480.0 ], [ 576485.0, 5241480.0 ], [ 576485.0, 5241479.0 ], [ 576484.0, 5241479.0 ], [ 576484.0, 5241478.0 ], [ 576483.0, 5241478.0 ], [ 576483.0, 5241477.0 ], [ 576482.0, 5241477.0 ], [ 576482.0, 5241476.0 ], [ 576480.0, 5241476.0 ], [ 576480.0, 5241477.0 ], [ 576479.0, 5241477.0 ], [ 576479.0, 5241478.0 ], [ 576478.0, 5241478.0 ], [ 576478.0, 5241477.0 ], [ 576477.0, 5241477.0 ], [ 576477.0, 5241476.0 ], [ 576475.0, 5241476.0 ], [ 576475.0, 5241475.0 ], [ 576474.0, 5241475.0 ], [ 576474.0, 5241474.0 ], [ 576473.0, 5241474.0 ], [ 576473.0, 5241473.0 ], [ 576472.0, 5241473.0 ], [ 576472.0, 5241472.0 ], [ 576471.0, 5241472.0 ], [ 576471.0, 5241473.0 ], [ 576459.0, 5241473.0 ], [ 576459.0, 5241472.0 ], [ 576457.0, 5241472.0 ], [ 576457.0, 5241471.0 ], [ 576456.0, 5241471.0 ], [ 576456.0, 5241470.0 ], [ 576455.0, 5241470.0 ], [ 576455.0, 5241471.0 ], [ 576454.0, 5241471.0 ], [ 576454.0, 5241472.0 ], [ 576453.0, 5241472.0 ], [ 576453.0, 5241473.0 ], [ 576452.0, 5241473.0 ], [ 576452.0, 5241474.0 ], [ 576446.0, 5241474.0 ], [ 576446.0, 5241475.0 ], [ 576440.0, 5241475.0 ], [ 576440.0, 5241474.0 ], [ 576438.0, 5241474.0 ], [ 576438.0, 5241475.0 ], [ 576436.0, 5241475.0 ], [ 576436.0, 5241474.0 ], [ 576435.0, 5241474.0 ], [ 576435.0, 5241473.0 ], [ 576436.0, 5241473.0 ], [ 576436.0, 5241472.0 ], [ 576437.0, 5241472.0 ], [ 576437.0, 5241471.0 ], [ 576438.0, 5241471.0 ], [ 576438.0, 5241470.0 ], [ 576439.0, 5241470.0 ], [ 576439.0, 5241469.0 ], [ 576440.0, 5241469.0 ], [ 576440.0, 5241468.0 ], [ 576441.0, 5241468.0 ], [ 576441.0, 5241466.0 ], [ 576442.0, 5241466.0 ], [ 576442.0, 5241465.0 ], [ 576443.0, 5241465.0 ], [ 576443.0, 5241466.0 ], [ 576444.0, 5241466.0 ], [ 576444.0, 5241467.0 ], [ 576445.0, 5241467.0 ], [ 576445.0, 5241468.0 ], [ 576446.0, 5241468.0 ], [ 576446.0, 5241469.0 ], [ 576447.0, 5241469.0 ], [ 576447.0, 5241470.0 ], [ 576449.0, 5241470.0 ], [ 576449.0, 5241469.0 ], [ 576450.0, 5241469.0 ], [ 576450.0, 5241468.0 ], [ 576451.0, 5241468.0 ], [ 576451.0, 5241467.0 ], [ 576452.0, 5241467.0 ], [ 576452.0, 5241466.0 ], [ 576453.0, 5241466.0 ], [ 576453.0, 5241465.0 ], [ 576454.0, 5241465.0 ], [ 576454.0, 5241464.0 ], [ 576455.0, 5241464.0 ], [ 576455.0, 5241463.0 ], [ 576456.0, 5241463.0 ], [ 576456.0, 5241462.0 ], [ 576455.0, 5241462.0 ], [ 576455.0, 5241461.0 ], [ 576454.0, 5241461.0 ], [ 576454.0, 5241460.0 ], [ 576453.0, 5241460.0 ], [ 576453.0, 5241459.0 ], [ 576452.0, 5241459.0 ], [ 576452.0, 5241457.0 ], [ 576453.0, 5241457.0 ], [ 576453.0, 5241456.0 ], [ 576454.0, 5241456.0 ], [ 576454.0, 5241455.0 ], [ 576453.0, 5241455.0 ], [ 576453.0, 5241454.0 ], [ 576452.0, 5241454.0 ], [ 576452.0, 5241453.0 ], [ 576451.0, 5241453.0 ], [ 576451.0, 5241451.0 ], [ 576450.0, 5241451.0 ], [ 576450.0, 5241450.0 ], [ 576449.0, 5241450.0 ], [ 576449.0, 5241448.0 ], [ 576450.0, 5241448.0 ], [ 576450.0, 5241447.0 ], [ 576449.0, 5241447.0 ], [ 576449.0, 5241446.0 ], [ 576450.0, 5241446.0 ], [ 576450.0, 5241445.0 ], [ 576451.0, 5241445.0 ], [ 576451.0, 5241444.0 ], [ 576452.0, 5241444.0 ], [ 576452.0, 5241443.0 ], [ 576453.0, 5241443.0 ], [ 576453.0, 5241442.0 ], [ 576452.0, 5241442.0 ], [ 576452.0, 5241441.0 ], [ 576451.0, 5241441.0 ], [ 576451.0, 5241440.0 ], [ 576450.0, 5241440.0 ], [ 576450.0, 5241439.0 ], [ 576449.0, 5241439.0 ], [ 576449.0, 5241438.0 ], [ 576448.0, 5241438.0 ], [ 576448.0, 5241436.0 ], [ 576447.0, 5241436.0 ], [ 576447.0, 5241434.0 ], [ 576446.0, 5241434.0 ], [ 576446.0, 5241432.0 ], [ 576447.0, 5241432.0 ], [ 576447.0, 5241431.0 ], [ 576448.0, 5241431.0 ], [ 576448.0, 5241432.0 ], [ 576449.0, 5241432.0 ], [ 576449.0, 5241431.0 ], [ 576451.0, 5241431.0 ], [ 576451.0, 5241430.0 ], [ 576452.0, 5241430.0 ], [ 576452.0, 5241429.0 ], [ 576456.0, 5241429.0 ], [ 576456.0, 5241428.0 ], [ 576457.0, 5241428.0 ], [ 576457.0, 5241427.0 ], [ 576458.0, 5241427.0 ], [ 576458.0, 5241426.0 ], [ 576459.0, 5241426.0 ], [ 576459.0, 5241425.0 ], [ 576460.0, 5241425.0 ], [ 576460.0, 5241424.0 ], [ 576461.0, 5241424.0 ], [ 576461.0, 5241423.0 ], [ 576460.0, 5241423.0 ], [ 576460.0, 5241422.0 ], [ 576459.0, 5241422.0 ], [ 576459.0, 5241421.0 ], [ 576458.0, 5241421.0 ], [ 576458.0, 5241420.0 ], [ 576457.0, 5241420.0 ], [ 576457.0, 5241419.0 ], [ 576456.0, 5241419.0 ], [ 576456.0, 5241418.0 ], [ 576455.0, 5241418.0 ], [ 576455.0, 5241417.0 ], [ 576454.0, 5241417.0 ], [ 576454.0, 5241416.0 ], [ 576453.0, 5241416.0 ], [ 576453.0, 5241415.0 ], [ 576451.0, 5241415.0 ], [ 576451.0, 5241416.0 ], [ 576450.0, 5241416.0 ], [ 576450.0, 5241417.0 ], [ 576448.0, 5241417.0 ], [ 576448.0, 5241416.0 ], [ 576447.0, 5241416.0 ], [ 576447.0, 5241415.0 ], [ 576446.0, 5241415.0 ], [ 576446.0, 5241414.0 ], [ 576445.0, 5241414.0 ], [ 576445.0, 5241413.0 ], [ 576444.0, 5241413.0 ], [ 576444.0, 5241412.0 ], [ 576443.0, 5241412.0 ], [ 576443.0, 5241411.0 ], [ 576442.0, 5241411.0 ], [ 576442.0, 5241410.0 ], [ 576443.0, 5241410.0 ], [ 576443.0, 5241409.0 ], [ 576444.0, 5241409.0 ], [ 576444.0, 5241408.0 ], [ 576443.0, 5241408.0 ], [ 576443.0, 5241407.0 ], [ 576442.0, 5241407.0 ], [ 576442.0, 5241406.0 ], [ 576443.0, 5241406.0 ], [ 576443.0, 5241405.0 ], [ 576442.0, 5241405.0 ], [ 576442.0, 5241404.0 ], [ 576443.0, 5241404.0 ], [ 576443.0, 5241403.0 ], [ 576442.0, 5241403.0 ], [ 576442.0, 5241399.0 ], [ 576441.0, 5241399.0 ], [ 576441.0, 5241398.0 ], [ 576442.0, 5241398.0 ], [ 576442.0, 5241396.0 ], [ 576441.0, 5241396.0 ], [ 576441.0, 5241395.0 ], [ 576440.0, 5241395.0 ], [ 576440.0, 5241394.0 ], [ 576439.0, 5241394.0 ], [ 576439.0, 5241393.0 ], [ 576440.0, 5241393.0 ], [ 576440.0, 5241390.0 ], [ 576439.0, 5241390.0 ], [ 576439.0, 5241389.0 ], [ 576438.0, 5241389.0 ], [ 576438.0, 5241388.0 ], [ 576437.0, 5241388.0 ], [ 576437.0, 5241387.0 ], [ 576436.0, 5241387.0 ], [ 576436.0, 5241386.0 ], [ 576437.0, 5241386.0 ], [ 576437.0, 5241385.0 ], [ 576436.0, 5241385.0 ], [ 576436.0, 5241384.0 ], [ 576435.0, 5241384.0 ], [ 576435.0, 5241383.0 ], [ 576436.0, 5241383.0 ], [ 576436.0, 5241382.0 ], [ 576438.0, 5241382.0 ], [ 576438.0, 5241383.0 ], [ 576439.0, 5241383.0 ], [ 576439.0, 5241384.0 ], [ 576440.0, 5241384.0 ], [ 576440.0, 5241385.0 ], [ 576441.0, 5241385.0 ], [ 576441.0, 5241386.0 ], [ 576442.0, 5241386.0 ], [ 576442.0, 5241385.0 ], [ 576443.0, 5241385.0 ], [ 576443.0, 5241384.0 ], [ 576444.0, 5241384.0 ], [ 576444.0, 5241383.0 ], [ 576445.0, 5241383.0 ], [ 576445.0, 5241382.0 ], [ 576446.0, 5241382.0 ], [ 576446.0, 5241381.0 ], [ 576447.0, 5241381.0 ], [ 576447.0, 5241380.0 ], [ 576446.0, 5241380.0 ], [ 576446.0, 5241379.0 ], [ 576445.0, 5241379.0 ], [ 576445.0, 5241378.0 ], [ 576444.0, 5241378.0 ], [ 576444.0, 5241376.0 ], [ 576443.0, 5241376.0 ], [ 576443.0, 5241375.0 ], [ 576442.0, 5241375.0 ], [ 576442.0, 5241374.0 ], [ 576441.0, 5241374.0 ], [ 576441.0, 5241373.0 ], [ 576440.0, 5241373.0 ], [ 576440.0, 5241372.0 ], [ 576439.0, 5241372.0 ], [ 576439.0, 5241371.0 ], [ 576438.0, 5241371.0 ], [ 576438.0, 5241370.0 ], [ 576437.0, 5241370.0 ], [ 576437.0, 5241369.0 ], [ 576436.0, 5241369.0 ], [ 576436.0, 5241368.0 ], [ 576435.0, 5241368.0 ], [ 576435.0, 5241369.0 ], [ 576434.0, 5241369.0 ], [ 576434.0, 5241370.0 ], [ 576433.0, 5241370.0 ], [ 576433.0, 5241371.0 ], [ 576432.0, 5241371.0 ], [ 576432.0, 5241372.0 ], [ 576431.0, 5241372.0 ], [ 576431.0, 5241373.0 ], [ 576430.0, 5241373.0 ], [ 576430.0, 5241374.0 ], [ 576429.0, 5241374.0 ], [ 576429.0, 5241375.0 ], [ 576428.0, 5241375.0 ], [ 576428.0, 5241377.0 ], [ 576429.0, 5241377.0 ], [ 576429.0, 5241379.0 ], [ 576430.0, 5241379.0 ], [ 576430.0, 5241380.0 ], [ 576429.0, 5241380.0 ], [ 576429.0, 5241381.0 ], [ 576427.0, 5241381.0 ], [ 576427.0, 5241380.0 ], [ 576425.0, 5241380.0 ], [ 576425.0, 5241381.0 ], [ 576422.0, 5241381.0 ], [ 576422.0, 5241380.0 ], [ 576421.0, 5241380.0 ], [ 576421.0, 5241379.0 ], [ 576420.0, 5241379.0 ], [ 576420.0, 5241378.0 ], [ 576419.0, 5241378.0 ], [ 576419.0, 5241377.0 ], [ 576418.0, 5241377.0 ], [ 576418.0, 5241376.0 ], [ 576417.0, 5241376.0 ], [ 576417.0, 5241375.0 ], [ 576416.0, 5241375.0 ], [ 576416.0, 5241374.0 ], [ 576415.0, 5241374.0 ], [ 576415.0, 5241373.0 ], [ 576414.0, 5241373.0 ], [ 576414.0, 5241372.0 ], [ 576413.0, 5241372.0 ], [ 576413.0, 5241371.0 ], [ 576412.0, 5241371.0 ], [ 576412.0, 5241370.0 ], [ 576411.0, 5241370.0 ], [ 576411.0, 5241369.0 ], [ 576410.0, 5241369.0 ], [ 576410.0, 5241368.0 ], [ 576409.0, 5241368.0 ], [ 576409.0, 5241367.0 ], [ 576410.0, 5241367.0 ], [ 576410.0, 5241366.0 ], [ 576411.0, 5241366.0 ], [ 576411.0, 5241365.0 ], [ 576412.0, 5241365.0 ], [ 576412.0, 5241364.0 ], [ 576413.0, 5241364.0 ], [ 576413.0, 5241363.0 ], [ 576414.0, 5241363.0 ], [ 576414.0, 5241361.0 ], [ 576415.0, 5241361.0 ], [ 576415.0, 5241360.0 ], [ 576414.0, 5241360.0 ], [ 576414.0, 5241359.0 ], [ 576415.0, 5241359.0 ], [ 576415.0, 5241358.0 ], [ 576414.0, 5241358.0 ], [ 576414.0, 5241356.0 ], [ 576413.0, 5241356.0 ], [ 576413.0, 5241355.0 ], [ 576412.0, 5241355.0 ], [ 576412.0, 5241354.0 ], [ 576411.0, 5241354.0 ], [ 576411.0, 5241353.0 ], [ 576410.0, 5241353.0 ], [ 576410.0, 5241352.0 ], [ 576409.0, 5241352.0 ], [ 576409.0, 5241351.0 ], [ 576408.0, 5241351.0 ], [ 576408.0, 5241350.0 ], [ 576407.0, 5241350.0 ], [ 576407.0, 5241348.0 ], [ 576408.0, 5241348.0 ], [ 576408.0, 5241347.0 ], [ 576407.0, 5241347.0 ], [ 576407.0, 5241346.0 ], [ 576406.0, 5241346.0 ], [ 576406.0, 5241345.0 ], [ 576405.0, 5241345.0 ], [ 576405.0, 5241344.0 ], [ 576404.0, 5241344.0 ], [ 576404.0, 5241343.0 ], [ 576403.0, 5241343.0 ], [ 576403.0, 5241342.0 ], [ 576402.0, 5241342.0 ], [ 576402.0, 5241341.0 ], [ 576403.0, 5241341.0 ], [ 576403.0, 5241340.0 ], [ 576404.0, 5241340.0 ], [ 576404.0, 5241341.0 ], [ 576405.0, 5241341.0 ], [ 576405.0, 5241342.0 ], [ 576406.0, 5241342.0 ], [ 576406.0, 5241341.0 ], [ 576407.0, 5241341.0 ], [ 576407.0, 5241340.0 ], [ 576408.0, 5241340.0 ], [ 576408.0, 5241339.0 ], [ 576409.0, 5241339.0 ], [ 576409.0, 5241338.0 ], [ 576410.0, 5241338.0 ], [ 576410.0, 5241337.0 ], [ 576411.0, 5241337.0 ], [ 576411.0, 5241336.0 ], [ 576412.0, 5241336.0 ], [ 576412.0, 5241335.0 ], [ 576413.0, 5241335.0 ], [ 576413.0, 5241333.0 ], [ 576412.0, 5241333.0 ], [ 576412.0, 5241332.0 ], [ 576411.0, 5241332.0 ], [ 576411.0, 5241331.0 ], [ 576410.0, 5241331.0 ], [ 576410.0, 5241330.0 ], [ 576409.0, 5241330.0 ], [ 576409.0, 5241329.0 ], [ 576408.0, 5241329.0 ], [ 576408.0, 5241328.0 ], [ 576407.0, 5241328.0 ], [ 576407.0, 5241327.0 ], [ 576406.0, 5241327.0 ], [ 576406.0, 5241326.0 ], [ 576403.0, 5241326.0 ], [ 576403.0, 5241327.0 ], [ 576401.0, 5241327.0 ], [ 576401.0, 5241326.0 ], [ 576399.0, 5241326.0 ], [ 576399.0, 5241325.0 ], [ 576398.0, 5241325.0 ], [ 576398.0, 5241324.0 ], [ 576397.0, 5241324.0 ], [ 576397.0, 5241323.0 ], [ 576395.0, 5241323.0 ], [ 576395.0, 5241324.0 ], [ 576392.0, 5241324.0 ], [ 576392.0, 5241323.0 ], [ 576391.0, 5241323.0 ], [ 576391.0, 5241322.0 ], [ 576390.0, 5241322.0 ], [ 576390.0, 5241321.0 ], [ 576389.0, 5241321.0 ], [ 576389.0, 5241319.0 ], [ 576390.0, 5241319.0 ], [ 576390.0, 5241318.0 ], [ 576391.0, 5241318.0 ], [ 576391.0, 5241316.0 ], [ 576392.0, 5241316.0 ], [ 576392.0, 5241315.0 ], [ 576391.0, 5241315.0 ], [ 576391.0, 5241314.0 ], [ 576390.0, 5241314.0 ], [ 576390.0, 5241313.0 ], [ 576389.0, 5241313.0 ], [ 576389.0, 5241312.0 ], [ 576388.0, 5241312.0 ], [ 576388.0, 5241311.0 ], [ 576387.0, 5241311.0 ], [ 576387.0, 5241310.0 ], [ 576386.0, 5241310.0 ], [ 576386.0, 5241309.0 ], [ 576385.0, 5241309.0 ], [ 576385.0, 5241310.0 ], [ 576382.0, 5241310.0 ], [ 576382.0, 5241309.0 ], [ 576381.0, 5241309.0 ], [ 576381.0, 5241308.0 ], [ 576380.0, 5241308.0 ], [ 576380.0, 5241307.0 ], [ 576378.0, 5241307.0 ], [ 576378.0, 5241308.0 ], [ 576377.0, 5241308.0 ], [ 576377.0, 5241307.0 ], [ 576376.0, 5241307.0 ], [ 576376.0, 5241306.0 ], [ 576375.0, 5241306.0 ], [ 576375.0, 5241305.0 ], [ 576374.0, 5241305.0 ], [ 576374.0, 5241304.0 ], [ 576373.0, 5241304.0 ], [ 576373.0, 5241303.0 ], [ 576372.0, 5241303.0 ], [ 576372.0, 5241302.0 ], [ 576370.0, 5241302.0 ], [ 576370.0, 5241301.0 ], [ 576369.0, 5241301.0 ], [ 576369.0, 5241300.0 ], [ 576368.0, 5241300.0 ], [ 576368.0, 5241299.0 ], [ 576367.0, 5241299.0 ], [ 576367.0, 5241298.0 ], [ 576366.0, 5241298.0 ], [ 576366.0, 5241297.0 ], [ 576365.0, 5241297.0 ], [ 576365.0, 5241295.0 ], [ 576366.0, 5241295.0 ], [ 576366.0, 5241294.0 ], [ 576365.0, 5241294.0 ], [ 576365.0, 5241293.0 ], [ 576364.0, 5241293.0 ], [ 576364.0, 5241292.0 ], [ 576363.0, 5241292.0 ], [ 576363.0, 5241291.0 ], [ 576362.0, 5241291.0 ], [ 576362.0, 5241290.0 ], [ 576361.0, 5241290.0 ], [ 576361.0, 5241289.0 ], [ 576360.0, 5241289.0 ], [ 576360.0, 5241288.0 ], [ 576359.0, 5241288.0 ], [ 576359.0, 5241287.0 ], [ 576358.0, 5241287.0 ], [ 576358.0, 5241285.0 ], [ 576359.0, 5241285.0 ], [ 576359.0, 5241283.0 ], [ 576358.0, 5241283.0 ], [ 576358.0, 5241282.0 ], [ 576357.0, 5241282.0 ], [ 576357.0, 5241281.0 ], [ 576356.0, 5241281.0 ], [ 576356.0, 5241280.0 ], [ 576355.0, 5241280.0 ], [ 576355.0, 5241279.0 ], [ 576354.0, 5241279.0 ], [ 576354.0, 5241278.0 ], [ 576353.0, 5241278.0 ], [ 576353.0, 5241279.0 ], [ 576352.0, 5241279.0 ], [ 576352.0, 5241280.0 ], [ 576351.0, 5241280.0 ], [ 576351.0, 5241279.0 ], [ 576350.0, 5241279.0 ], [ 576350.0, 5241277.0 ], [ 576351.0, 5241277.0 ], [ 576351.0, 5241276.0 ], [ 576352.0, 5241276.0 ], [ 576352.0, 5241275.0 ], [ 576353.0, 5241275.0 ], [ 576353.0, 5241274.0 ], [ 576354.0, 5241274.0 ], [ 576354.0, 5241273.0 ], [ 576355.0, 5241273.0 ], [ 576355.0, 5241271.0 ], [ 576354.0, 5241271.0 ], [ 576354.0, 5241269.0 ], [ 576353.0, 5241269.0 ], [ 576353.0, 5241267.0 ], [ 576352.0, 5241267.0 ], [ 576352.0, 5241266.0 ], [ 576351.0, 5241266.0 ], [ 576351.0, 5241265.0 ], [ 576350.0, 5241265.0 ], [ 576350.0, 5241264.0 ], [ 576349.0, 5241264.0 ], [ 576349.0, 5241263.0 ], [ 576348.0, 5241263.0 ], [ 576348.0, 5241262.0 ], [ 576347.0, 5241262.0 ], [ 576347.0, 5241261.0 ], [ 576346.0, 5241261.0 ], [ 576346.0, 5241260.0 ], [ 576345.0, 5241260.0 ], [ 576345.0, 5241259.0 ], [ 576342.0, 5241259.0 ], [ 576342.0, 5241258.0 ], [ 576341.0, 5241258.0 ], [ 576341.0, 5241257.0 ], [ 576340.0, 5241257.0 ], [ 576340.0, 5241256.0 ], [ 576341.0, 5241256.0 ], [ 576341.0, 5241254.0 ], [ 576342.0, 5241254.0 ], [ 576342.0, 5241253.0 ], [ 576341.0, 5241253.0 ], [ 576341.0, 5241252.0 ], [ 576340.0, 5241252.0 ], [ 576340.0, 5241251.0 ], [ 576339.0, 5241251.0 ], [ 576339.0, 5241244.0 ], [ 576340.0, 5241244.0 ], [ 576340.0, 5241243.0 ], [ 576341.0, 5241243.0 ], [ 576341.0, 5241242.0 ], [ 576342.0, 5241242.0 ], [ 576342.0, 5241241.0 ], [ 576341.0, 5241241.0 ], [ 576341.0, 5241240.0 ], [ 576340.0, 5241240.0 ], [ 576340.0, 5241239.0 ], [ 576341.0, 5241239.0 ], [ 576341.0, 5241238.0 ], [ 576342.0, 5241238.0 ], [ 576342.0, 5241237.0 ], [ 576343.0, 5241237.0 ], [ 576343.0, 5241236.0 ], [ 576345.0, 5241236.0 ], [ 576345.0, 5241235.0 ], [ 576346.0, 5241235.0 ], [ 576346.0, 5241236.0 ], [ 576348.0, 5241236.0 ], [ 576348.0, 5241235.0 ], [ 576349.0, 5241235.0 ], [ 576349.0, 5241234.0 ], [ 576351.0, 5241234.0 ], [ 576351.0, 5241235.0 ], [ 576352.0, 5241235.0 ], [ 576352.0, 5241234.0 ], [ 576353.0, 5241234.0 ], [ 576353.0, 5241233.0 ], [ 576354.0, 5241233.0 ], [ 576354.0, 5241232.0 ], [ 576355.0, 5241232.0 ], [ 576355.0, 5241231.0 ], [ 576356.0, 5241231.0 ], [ 576356.0, 5241230.0 ], [ 576357.0, 5241230.0 ], [ 576357.0, 5241229.0 ], [ 576358.0, 5241229.0 ], [ 576358.0, 5241228.0 ], [ 576359.0, 5241228.0 ], [ 576359.0, 5241227.0 ], [ 576360.0, 5241227.0 ], [ 576360.0, 5241226.0 ], [ 576359.0, 5241226.0 ], [ 576359.0, 5241225.0 ], [ 576358.0, 5241225.0 ], [ 576358.0, 5241221.0 ], [ 576359.0, 5241221.0 ], [ 576359.0, 5241220.0 ], [ 576360.0, 5241220.0 ], [ 576360.0, 5241219.0 ], [ 576359.0, 5241219.0 ], [ 576359.0, 5241218.0 ], [ 576358.0, 5241218.0 ], [ 576358.0, 5241217.0 ], [ 576357.0, 5241217.0 ], [ 576357.0, 5241216.0 ], [ 576356.0, 5241216.0 ], [ 576356.0, 5241215.0 ], [ 576355.0, 5241215.0 ], [ 576355.0, 5241213.0 ], [ 576354.0, 5241213.0 ], [ 576354.0, 5241212.0 ], [ 576353.0, 5241212.0 ], [ 576353.0, 5241211.0 ], [ 576352.0, 5241211.0 ], [ 576352.0, 5241210.0 ], [ 576351.0, 5241210.0 ], [ 576351.0, 5241209.0 ], [ 576350.0, 5241209.0 ], [ 576350.0, 5241208.0 ], [ 576351.0, 5241208.0 ], [ 576351.0, 5241207.0 ], [ 576350.0, 5241207.0 ], [ 576350.0, 5241206.0 ], [ 576351.0, 5241206.0 ], [ 576351.0, 5241205.0 ], [ 576352.0, 5241205.0 ], [ 576352.0, 5241204.0 ], [ 576351.0, 5241204.0 ], [ 576351.0, 5241203.0 ], [ 576350.0, 5241203.0 ], [ 576350.0, 5241202.0 ], [ 576349.0, 5241202.0 ], [ 576349.0, 5241201.0 ], [ 576348.0, 5241201.0 ], [ 576348.0, 5241200.0 ], [ 576347.0, 5241200.0 ], [ 576347.0, 5241199.0 ], [ 576346.0, 5241199.0 ], [ 576346.0, 5241198.0 ], [ 576345.0, 5241198.0 ], [ 576345.0, 5241199.0 ], [ 576344.0, 5241199.0 ], [ 576344.0, 5241200.0 ], [ 576343.0, 5241200.0 ], [ 576343.0, 5241201.0 ], [ 576342.0, 5241201.0 ], [ 576342.0, 5241202.0 ], [ 576341.0, 5241202.0 ], [ 576341.0, 5241203.0 ], [ 576339.0, 5241203.0 ], [ 576339.0, 5241204.0 ], [ 576338.0, 5241204.0 ], [ 576338.0, 5241203.0 ], [ 576337.0, 5241203.0 ], [ 576337.0, 5241201.0 ], [ 576338.0, 5241201.0 ], [ 576338.0, 5241199.0 ], [ 576337.0, 5241199.0 ], [ 576337.0, 5241198.0 ], [ 576336.0, 5241198.0 ], [ 576336.0, 5241197.0 ], [ 576335.0, 5241197.0 ], [ 576335.0, 5241194.0 ], [ 576336.0, 5241194.0 ], [ 576336.0, 5241193.0 ], [ 576337.0, 5241193.0 ], [ 576337.0, 5241192.0 ], [ 576338.0, 5241192.0 ], [ 576338.0, 5241191.0 ], [ 576339.0, 5241191.0 ], [ 576339.0, 5241189.0 ], [ 576338.0, 5241189.0 ], [ 576338.0, 5241188.0 ], [ 576337.0, 5241188.0 ], [ 576337.0, 5241187.0 ], [ 576336.0, 5241187.0 ], [ 576336.0, 5241186.0 ], [ 576335.0, 5241186.0 ], [ 576335.0, 5241185.0 ], [ 576334.0, 5241185.0 ], [ 576334.0, 5241184.0 ], [ 576333.0, 5241184.0 ], [ 576333.0, 5241185.0 ], [ 576332.0, 5241185.0 ], [ 576332.0, 5241184.0 ], [ 576331.0, 5241184.0 ], [ 576331.0, 5241185.0 ], [ 576330.0, 5241185.0 ], [ 576330.0, 5241186.0 ], [ 576329.0, 5241186.0 ], [ 576329.0, 5241187.0 ], [ 576328.0, 5241187.0 ], [ 576328.0, 5241186.0 ], [ 576327.0, 5241186.0 ], [ 576327.0, 5241185.0 ], [ 576326.0, 5241185.0 ], [ 576326.0, 5241184.0 ], [ 576325.0, 5241184.0 ], [ 576325.0, 5241183.0 ], [ 576324.0, 5241183.0 ], [ 576324.0, 5241182.0 ], [ 576325.0, 5241182.0 ], [ 576325.0, 5241178.0 ], [ 576326.0, 5241178.0 ], [ 576326.0, 5241176.0 ], [ 576327.0, 5241176.0 ], [ 576327.0, 5241173.0 ], [ 576328.0, 5241173.0 ], [ 576328.0, 5241172.0 ], [ 576329.0, 5241172.0 ], [ 576329.0, 5241171.0 ], [ 576331.0, 5241171.0 ], [ 576331.0, 5241172.0 ], [ 576332.0, 5241172.0 ], [ 576332.0, 5241171.0 ], [ 576333.0, 5241171.0 ], [ 576333.0, 5241170.0 ], [ 576334.0, 5241170.0 ], [ 576334.0, 5241169.0 ], [ 576335.0, 5241169.0 ], [ 576335.0, 5241168.0 ], [ 576336.0, 5241168.0 ], [ 576336.0, 5241167.0 ], [ 576337.0, 5241167.0 ], [ 576337.0, 5241166.0 ], [ 576338.0, 5241166.0 ], [ 576338.0, 5241165.0 ], [ 576340.0, 5241165.0 ], [ 576340.0, 5241164.0 ], [ 576341.0, 5241164.0 ], [ 576341.0, 5241163.0 ], [ 576343.0, 5241163.0 ], [ 576343.0, 5241162.0 ], [ 576346.0, 5241162.0 ], [ 576346.0, 5241161.0 ], [ 576347.0, 5241161.0 ], [ 576347.0, 5241162.0 ], [ 576350.0, 5241162.0 ], [ 576350.0, 5241163.0 ], [ 576351.0, 5241163.0 ], [ 576351.0, 5241164.0 ], [ 576352.0, 5241164.0 ], [ 576352.0, 5241165.0 ], [ 576353.0, 5241165.0 ], [ 576353.0, 5241166.0 ], [ 576354.0, 5241166.0 ], [ 576354.0, 5241165.0 ], [ 576358.0, 5241165.0 ], [ 576358.0, 5241166.0 ], [ 576359.0, 5241166.0 ], [ 576359.0, 5241167.0 ], [ 576360.0, 5241167.0 ], [ 576360.0, 5241166.0 ], [ 576361.0, 5241166.0 ], [ 576361.0, 5241167.0 ], [ 576362.0, 5241167.0 ], [ 576362.0, 5241166.0 ], [ 576363.0, 5241166.0 ], [ 576363.0, 5241167.0 ], [ 576364.0, 5241167.0 ], [ 576364.0, 5241166.0 ], [ 576366.0, 5241166.0 ], [ 576366.0, 5241165.0 ], [ 576367.0, 5241165.0 ], [ 576367.0, 5241166.0 ], [ 576372.0, 5241166.0 ], [ 576372.0, 5241167.0 ], [ 576373.0, 5241167.0 ], [ 576373.0, 5241166.0 ], [ 576374.0, 5241166.0 ], [ 576374.0, 5241165.0 ], [ 576375.0, 5241165.0 ], [ 576375.0, 5241164.0 ], [ 576376.0, 5241164.0 ], [ 576376.0, 5241163.0 ], [ 576377.0, 5241163.0 ], [ 576377.0, 5241164.0 ], [ 576379.0, 5241164.0 ], [ 576379.0, 5241163.0 ], [ 576381.0, 5241163.0 ], [ 576381.0, 5241162.0 ], [ 576382.0, 5241162.0 ], [ 576382.0, 5241161.0 ], [ 576383.0, 5241161.0 ], [ 576383.0, 5241162.0 ], [ 576384.0, 5241162.0 ], [ 576384.0, 5241161.0 ], [ 576387.0, 5241161.0 ], [ 576387.0, 5241162.0 ], [ 576389.0, 5241162.0 ], [ 576389.0, 5241163.0 ], [ 576390.0, 5241163.0 ], [ 576390.0, 5241164.0 ], [ 576391.0, 5241164.0 ], [ 576391.0, 5241165.0 ], [ 576392.0, 5241165.0 ], [ 576392.0, 5241164.0 ], [ 576394.0, 5241164.0 ], [ 576394.0, 5241165.0 ], [ 576396.0, 5241165.0 ], [ 576396.0, 5241166.0 ], [ 576397.0, 5241166.0 ], [ 576397.0, 5241167.0 ], [ 576398.0, 5241167.0 ], [ 576398.0, 5241168.0 ], [ 576399.0, 5241168.0 ], [ 576399.0, 5241169.0 ], [ 576400.0, 5241169.0 ], [ 576400.0, 5241170.0 ], [ 576403.0, 5241170.0 ], [ 576403.0, 5241169.0 ], [ 576404.0, 5241169.0 ], [ 576404.0, 5241170.0 ], [ 576407.0, 5241170.0 ], [ 576407.0, 5241169.0 ], [ 576408.0, 5241169.0 ], [ 576408.0, 5241170.0 ], [ 576409.0, 5241170.0 ], [ 576409.0, 5241171.0 ], [ 576410.0, 5241171.0 ], [ 576410.0, 5241172.0 ], [ 576411.0, 5241172.0 ], [ 576411.0, 5241173.0 ], [ 576412.0, 5241173.0 ], [ 576412.0, 5241174.0 ], [ 576413.0, 5241174.0 ], [ 576413.0, 5241175.0 ], [ 576415.0, 5241175.0 ], [ 576415.0, 5241174.0 ], [ 576418.0, 5241174.0 ], [ 576418.0, 5241173.0 ], [ 576419.0, 5241173.0 ], [ 576419.0, 5241174.0 ], [ 576421.0, 5241174.0 ], [ 576421.0, 5241173.0 ], [ 576422.0, 5241173.0 ], [ 576422.0, 5241172.0 ], [ 576423.0, 5241172.0 ], [ 576423.0, 5241171.0 ], [ 576424.0, 5241171.0 ], [ 576424.0, 5241170.0 ], [ 576425.0, 5241170.0 ], [ 576425.0, 5241169.0 ], [ 576426.0, 5241169.0 ], [ 576426.0, 5241168.0 ], [ 576427.0, 5241168.0 ], [ 576427.0, 5241167.0 ], [ 576428.0, 5241167.0 ], [ 576428.0, 5241166.0 ], [ 576429.0, 5241166.0 ], [ 576429.0, 5241165.0 ], [ 576430.0, 5241165.0 ], [ 576430.0, 5241166.0 ], [ 576436.0, 5241166.0 ], [ 576436.0, 5241167.0 ], [ 576437.0, 5241167.0 ], [ 576437.0, 5241168.0 ], [ 576438.0, 5241168.0 ], [ 576438.0, 5241169.0 ], [ 576439.0, 5241169.0 ], [ 576439.0, 5241170.0 ], [ 576440.0, 5241170.0 ], [ 576440.0, 5241171.0 ], [ 576442.0, 5241171.0 ], [ 576442.0, 5241172.0 ], [ 576444.0, 5241172.0 ], [ 576444.0, 5241171.0 ], [ 576445.0, 5241171.0 ], [ 576445.0, 5241172.0 ], [ 576448.0, 5241172.0 ], [ 576448.0, 5241173.0 ], [ 576450.0, 5241173.0 ], [ 576450.0, 5241172.0 ], [ 576451.0, 5241172.0 ], [ 576451.0, 5241171.0 ], [ 576452.0, 5241171.0 ], [ 576452.0, 5241172.0 ], [ 576453.0, 5241172.0 ], [ 576453.0, 5241171.0 ], [ 576454.0, 5241171.0 ], [ 576454.0, 5241170.0 ], [ 576456.0, 5241170.0 ], [ 576456.0, 5241171.0 ], [ 576457.0, 5241171.0 ], [ 576457.0, 5241170.0 ], [ 576459.0, 5241170.0 ], [ 576459.0, 5241169.0 ], [ 576462.0, 5241169.0 ], [ 576462.0, 5241170.0 ], [ 576466.0, 5241170.0 ], [ 576466.0, 5241169.0 ], [ 576471.0, 5241169.0 ], [ 576471.0, 5241168.0 ], [ 576473.0, 5241168.0 ], [ 576473.0, 5241167.0 ], [ 576477.0, 5241167.0 ], [ 576477.0, 5241168.0 ], [ 576478.0, 5241168.0 ], [ 576478.0, 5241167.0 ], [ 576479.0, 5241167.0 ], [ 576479.0, 5241166.0 ], [ 576480.0, 5241166.0 ], [ 576480.0, 5241167.0 ], [ 576481.0, 5241167.0 ], [ 576481.0, 5241166.0 ], [ 576482.0, 5241166.0 ], [ 576482.0, 5241167.0 ], [ 576483.0, 5241167.0 ], [ 576483.0, 5241166.0 ], [ 576485.0, 5241166.0 ], [ 576485.0, 5241165.0 ], [ 576486.0, 5241165.0 ], [ 576486.0, 5241164.0 ], [ 576488.0, 5241164.0 ], [ 576488.0, 5241163.0 ], [ 576489.0, 5241163.0 ], [ 576489.0, 5241164.0 ], [ 576493.0, 5241164.0 ], [ 576493.0, 5241163.0 ], [ 576495.0, 5241163.0 ], [ 576495.0, 5241162.0 ], [ 576496.0, 5241162.0 ], [ 576496.0, 5241163.0 ], [ 576497.0, 5241163.0 ], [ 576497.0, 5241162.0 ], [ 576499.0, 5241162.0 ], [ 576499.0, 5241161.0 ], [ 576504.0, 5241161.0 ], [ 576504.0, 5241162.0 ], [ 576506.0, 5241162.0 ], [ 576506.0, 5241163.0 ], [ 576507.0, 5241163.0 ], [ 576507.0, 5241164.0 ], [ 576508.0, 5241164.0 ], [ 576508.0, 5241165.0 ], [ 576509.0, 5241165.0 ], [ 576509.0, 5241166.0 ], [ 576510.0, 5241166.0 ], [ 576510.0, 5241167.0 ], [ 576511.0, 5241167.0 ], [ 576511.0, 5241166.0 ], [ 576512.0, 5241166.0 ], [ 576512.0, 5241165.0 ], [ 576513.0, 5241165.0 ], [ 576513.0, 5241164.0 ], [ 576514.0, 5241164.0 ], [ 576514.0, 5241163.0 ], [ 576515.0, 5241163.0 ], [ 576515.0, 5241162.0 ], [ 576516.0, 5241162.0 ], [ 576516.0, 5241158.0 ], [ 576515.0, 5241158.0 ], [ 576515.0, 5241157.0 ], [ 576516.0, 5241157.0 ], [ 576516.0, 5241156.0 ], [ 576521.0, 5241156.0 ], [ 576521.0, 5241155.0 ], [ 576522.0, 5241155.0 ], [ 576522.0, 5241154.0 ], [ 576523.0, 5241154.0 ], [ 576523.0, 5241153.0 ], [ 576524.0, 5241153.0 ], [ 576524.0, 5241152.0 ], [ 576525.0, 5241152.0 ], [ 576525.0, 5241151.0 ], [ 576526.0, 5241151.0 ], [ 576526.0, 5241150.0 ], [ 576527.0, 5241150.0 ], [ 576527.0, 5241149.0 ], [ 576528.0, 5241149.0 ], [ 576528.0, 5241148.0 ], [ 576529.0, 5241148.0 ], [ 576529.0, 5241147.0 ], [ 576530.0, 5241147.0 ], [ 576530.0, 5241146.0 ], [ 576531.0, 5241146.0 ], [ 576531.0, 5241144.0 ], [ 576532.0, 5241144.0 ], [ 576532.0, 5241143.0 ], [ 576533.0, 5241143.0 ], [ 576533.0, 5241142.0 ], [ 576534.0, 5241142.0 ], [ 576534.0, 5241141.0 ], [ 576535.0, 5241141.0 ], [ 576535.0, 5241140.0 ], [ 576536.0, 5241140.0 ], [ 576536.0, 5241139.0 ], [ 576537.0, 5241139.0 ], [ 576537.0, 5241137.0 ], [ 576536.0, 5241137.0 ], [ 576536.0, 5241136.0 ], [ 576535.0, 5241136.0 ], [ 576535.0, 5241135.0 ], [ 576534.0, 5241135.0 ], [ 576534.0, 5241134.0 ], [ 576533.0, 5241134.0 ], [ 576533.0, 5241132.0 ], [ 576534.0, 5241132.0 ], [ 576534.0, 5241131.0 ], [ 576535.0, 5241131.0 ], [ 576535.0, 5241130.0 ], [ 576536.0, 5241130.0 ], [ 576536.0, 5241129.0 ], [ 576535.0, 5241129.0 ], [ 576535.0, 5241128.0 ], [ 576534.0, 5241128.0 ], [ 576534.0, 5241127.0 ], [ 576533.0, 5241127.0 ], [ 576533.0, 5241126.0 ], [ 576534.0, 5241126.0 ], [ 576534.0, 5241125.0 ], [ 576535.0, 5241125.0 ], [ 576535.0, 5241124.0 ], [ 576536.0, 5241124.0 ], [ 576536.0, 5241123.0 ], [ 576537.0, 5241123.0 ], [ 576537.0, 5241122.0 ], [ 576538.0, 5241122.0 ], [ 576538.0, 5241121.0 ], [ 576539.0, 5241121.0 ], [ 576539.0, 5241120.0 ], [ 576540.0, 5241120.0 ], [ 576540.0, 5241119.0 ], [ 576541.0, 5241119.0 ], [ 576541.0, 5241118.0 ], [ 576540.0, 5241118.0 ], [ 576540.0, 5241116.0 ], [ 576539.0, 5241116.0 ], [ 576539.0, 5241113.0 ], [ 576538.0, 5241113.0 ], [ 576538.0, 5241111.0 ], [ 576539.0, 5241111.0 ], [ 576539.0, 5241110.0 ], [ 576540.0, 5241110.0 ], [ 576540.0, 5241111.0 ], [ 576542.0, 5241111.0 ], [ 576542.0, 5241112.0 ], [ 576543.0, 5241112.0 ], [ 576543.0, 5241113.0 ], [ 576544.0, 5241113.0 ], [ 576544.0, 5241114.0 ], [ 576545.0, 5241114.0 ], [ 576545.0, 5241113.0 ], [ 576547.0, 5241113.0 ], [ 576547.0, 5241114.0 ], [ 576548.0, 5241114.0 ], [ 576548.0, 5241113.0 ], [ 576549.0, 5241113.0 ], [ 576549.0, 5241114.0 ], [ 576550.0, 5241114.0 ], [ 576550.0, 5241115.0 ], [ 576551.0, 5241115.0 ], [ 576551.0, 5241114.0 ], [ 576553.0, 5241114.0 ], [ 576553.0, 5241115.0 ], [ 576554.0, 5241115.0 ], [ 576554.0, 5241116.0 ], [ 576555.0, 5241116.0 ], [ 576555.0, 5241117.0 ], [ 576556.0, 5241117.0 ], [ 576556.0, 5241118.0 ], [ 576557.0, 5241118.0 ], [ 576557.0, 5241119.0 ], [ 576558.0, 5241119.0 ], [ 576558.0, 5241118.0 ], [ 576559.0, 5241118.0 ], [ 576559.0, 5241119.0 ], [ 576560.0, 5241119.0 ], [ 576560.0, 5241120.0 ], [ 576561.0, 5241120.0 ], [ 576561.0, 5241121.0 ], [ 576562.0, 5241121.0 ], [ 576562.0, 5241120.0 ], [ 576564.0, 5241120.0 ], [ 576564.0, 5241121.0 ], [ 576568.0, 5241121.0 ], [ 576568.0, 5241122.0 ], [ 576570.0, 5241122.0 ], [ 576570.0, 5241123.0 ], [ 576572.0, 5241123.0 ], [ 576572.0, 5241124.0 ], [ 576574.0, 5241124.0 ], [ 576574.0, 5241125.0 ], [ 576575.0, 5241125.0 ], [ 576575.0, 5241126.0 ], [ 576576.0, 5241126.0 ], [ 576576.0, 5241127.0 ], [ 576577.0, 5241127.0 ], [ 576577.0, 5241128.0 ], [ 576580.0, 5241128.0 ], [ 576580.0, 5241129.0 ], [ 576582.0, 5241129.0 ], [ 576582.0, 5241130.0 ], [ 576584.0, 5241130.0 ], [ 576584.0, 5241131.0 ], [ 576586.0, 5241131.0 ], [ 576586.0, 5241132.0 ], [ 576587.0, 5241132.0 ], [ 576587.0, 5241133.0 ], [ 576590.0, 5241133.0 ], [ 576590.0, 5241134.0 ], [ 576592.0, 5241134.0 ], [ 576592.0, 5241135.0 ], [ 576594.0, 5241135.0 ], [ 576594.0, 5241136.0 ], [ 576596.0, 5241136.0 ], [ 576596.0, 5241137.0 ], [ 576598.0, 5241137.0 ], [ 576598.0, 5241138.0 ], [ 576600.0, 5241138.0 ], [ 576600.0, 5241139.0 ], [ 576602.0, 5241139.0 ], [ 576602.0, 5241140.0 ], [ 576605.0, 5241140.0 ], [ 576605.0, 5241141.0 ], [ 576607.0, 5241141.0 ], [ 576607.0, 5241142.0 ], [ 576608.0, 5241142.0 ], [ 576608.0, 5241143.0 ], [ 576609.0, 5241143.0 ], [ 576609.0, 5241144.0 ], [ 576610.0, 5241144.0 ], [ 576610.0, 5241145.0 ], [ 576613.0, 5241145.0 ], [ 576613.0, 5241146.0 ], [ 576615.0, 5241146.0 ], [ 576615.0, 5241147.0 ], [ 576616.0, 5241147.0 ], [ 576616.0, 5241148.0 ], [ 576617.0, 5241148.0 ], [ 576617.0, 5241149.0 ], [ 576622.0, 5241149.0 ], [ 576622.0, 5241150.0 ], [ 576623.0, 5241150.0 ], [ 576623.0, 5241151.0 ], [ 576624.0, 5241151.0 ], [ 576624.0, 5241152.0 ], [ 576626.0, 5241152.0 ], [ 576626.0, 5241153.0 ], [ 576628.0, 5241153.0 ], [ 576628.0, 5241154.0 ], [ 576629.0, 5241154.0 ], [ 576629.0, 5241155.0 ], [ 576630.0, 5241155.0 ], [ 576630.0, 5241156.0 ], [ 576632.0, 5241156.0 ], [ 576632.0, 5241157.0 ], [ 576634.0, 5241157.0 ], [ 576634.0, 5241158.0 ], [ 576636.0, 5241158.0 ], [ 576636.0, 5241159.0 ], [ 576637.0, 5241159.0 ], [ 576637.0, 5241160.0 ], [ 576638.0, 5241160.0 ], [ 576638.0, 5241162.0 ], [ 576639.0, 5241162.0 ], [ 576639.0, 5241163.0 ], [ 576640.0, 5241163.0 ], [ 576640.0, 5241164.0 ], [ 576641.0, 5241164.0 ], [ 576641.0, 5241165.0 ], [ 576642.0, 5241165.0 ], [ 576642.0, 5241166.0 ], [ 576643.0, 5241166.0 ], [ 576643.0, 5241167.0 ], [ 576644.0, 5241167.0 ], [ 576644.0, 5241168.0 ], [ 576648.0, 5241168.0 ], [ 576648.0, 5241169.0 ], [ 576649.0, 5241169.0 ], [ 576649.0, 5241170.0 ], [ 576650.0, 5241170.0 ], [ 576650.0, 5241171.0 ], [ 576651.0, 5241171.0 ], [ 576651.0, 5241172.0 ], [ 576653.0, 5241172.0 ], [ 576653.0, 5241171.0 ], [ 576657.0, 5241171.0 ], [ 576657.0, 5241172.0 ], [ 576659.0, 5241172.0 ], [ 576659.0, 5241173.0 ], [ 576660.0, 5241173.0 ], [ 576660.0, 5241174.0 ], [ 576661.0, 5241174.0 ], [ 576661.0, 5241175.0 ], [ 576662.0, 5241175.0 ], [ 576662.0, 5241176.0 ], [ 576665.0, 5241176.0 ], [ 576665.0, 5241177.0 ], [ 576667.0, 5241177.0 ], [ 576667.0, 5241178.0 ], [ 576669.0, 5241178.0 ], [ 576669.0, 5241179.0 ], [ 576671.0, 5241179.0 ], [ 576671.0, 5241180.0 ], [ 576673.0, 5241180.0 ], [ 576673.0, 5241181.0 ], [ 576674.0, 5241181.0 ], [ 576674.0, 5241182.0 ], [ 576676.0, 5241182.0 ], [ 576676.0, 5241183.0 ], [ 576678.0, 5241183.0 ], [ 576678.0, 5241184.0 ], [ 576680.0, 5241184.0 ], [ 576680.0, 5241185.0 ], [ 576683.0, 5241185.0 ], [ 576683.0, 5241186.0 ], [ 576684.0, 5241186.0 ], [ 576684.0, 5241187.0 ], [ 576685.0, 5241187.0 ], [ 576685.0, 5241188.0 ], [ 576686.0, 5241188.0 ], [ 576686.0, 5241189.0 ], [ 576688.0, 5241189.0 ], [ 576688.0, 5241190.0 ], [ 576690.0, 5241190.0 ], [ 576690.0, 5241191.0 ], [ 576691.0, 5241191.0 ], [ 576691.0, 5241192.0 ], [ 576692.0, 5241192.0 ], [ 576692.0, 5241191.0 ], [ 576693.0, 5241191.0 ], [ 576693.0, 5241192.0 ], [ 576696.0, 5241192.0 ], [ 576696.0, 5241193.0 ], [ 576698.0, 5241193.0 ], [ 576698.0, 5241194.0 ], [ 576701.0, 5241194.0 ], [ 576701.0, 5241195.0 ], [ 576702.0, 5241195.0 ], [ 576702.0, 5241196.0 ], [ 576703.0, 5241196.0 ], [ 576703.0, 5241197.0 ], [ 576704.0, 5241197.0 ], [ 576704.0, 5241198.0 ], [ 576705.0, 5241198.0 ], [ 576705.0, 5241199.0 ], [ 576706.0, 5241199.0 ], [ 576706.0, 5241200.0 ], [ 576707.0, 5241200.0 ], [ 576707.0, 5241201.0 ], [ 576710.0, 5241201.0 ], [ 576710.0, 5241202.0 ], [ 576711.0, 5241202.0 ], [ 576711.0, 5241203.0 ], [ 576712.0, 5241203.0 ], [ 576712.0, 5241204.0 ], [ 576713.0, 5241204.0 ], [ 576713.0, 5241205.0 ], [ 576714.0, 5241205.0 ], [ 576714.0, 5241206.0 ], [ 576717.0, 5241206.0 ], [ 576717.0, 5241207.0 ], [ 576718.0, 5241207.0 ], [ 576718.0, 5241208.0 ], [ 576724.0, 5241208.0 ], [ 576724.0, 5241207.0 ], [ 576726.0, 5241207.0 ], [ 576726.0, 5241208.0 ], [ 576727.0, 5241208.0 ], [ 576727.0, 5241209.0 ], [ 576731.0, 5241209.0 ], [ 576731.0, 5241210.0 ], [ 576733.0, 5241210.0 ], [ 576733.0, 5241211.0 ], [ 576734.0, 5241211.0 ], [ 576734.0, 5241210.0 ], [ 576735.0, 5241210.0 ], [ 576735.0, 5241211.0 ], [ 576736.0, 5241211.0 ], [ 576736.0, 5241212.0 ], [ 576737.0, 5241212.0 ], [ 576737.0, 5241213.0 ], [ 576738.0, 5241213.0 ], [ 576738.0, 5241216.0 ], [ 576739.0, 5241216.0 ], [ 576739.0, 5241219.0 ], [ 576740.0, 5241219.0 ], [ 576740.0, 5241220.0 ], [ 576739.0, 5241220.0 ], [ 576739.0, 5241221.0 ], [ 576740.0, 5241221.0 ], [ 576740.0, 5241227.0 ], [ 576739.0, 5241227.0 ], [ 576739.0, 5241228.0 ], [ 576738.0, 5241228.0 ], [ 576738.0, 5241230.0 ], [ 576737.0, 5241230.0 ], [ 576737.0, 5241232.0 ], [ 576738.0, 5241232.0 ], [ 576738.0, 5241235.0 ], [ 576739.0, 5241235.0 ], [ 576739.0, 5241236.0 ], [ 576738.0, 5241236.0 ], [ 576738.0, 5241240.0 ], [ 576737.0, 5241240.0 ], [ 576737.0, 5241246.0 ], [ 576736.0, 5241246.0 ], [ 576736.0, 5241248.0 ], [ 576735.0, 5241248.0 ], [ 576735.0, 5241250.0 ], [ 576734.0, 5241250.0 ], [ 576734.0, 5241252.0 ], [ 576733.0, 5241252.0 ], [ 576733.0, 5241254.0 ], [ 576732.0, 5241254.0 ], [ 576732.0, 5241255.0 ], [ 576731.0, 5241255.0 ], [ 576731.0, 5241256.0 ], [ 576730.0, 5241256.0 ], [ 576730.0, 5241257.0 ], [ 576729.0, 5241257.0 ], [ 576729.0, 5241258.0 ], [ 576728.0, 5241258.0 ], [ 576728.0, 5241260.0 ], [ 576727.0, 5241260.0 ], [ 576727.0, 5241263.0 ], [ 576726.0, 5241263.0 ], [ 576726.0, 5241264.0 ], [ 576725.0, 5241264.0 ], [ 576725.0, 5241266.0 ], [ 576724.0, 5241266.0 ], [ 576724.0, 5241267.0 ], [ 576723.0, 5241267.0 ], [ 576723.0, 5241268.0 ], [ 576722.0, 5241268.0 ], [ 576722.0, 5241269.0 ], [ 576721.0, 5241269.0 ], [ 576721.0, 5241271.0 ], [ 576720.0, 5241271.0 ], [ 576720.0, 5241272.0 ], [ 576719.0, 5241272.0 ], [ 576719.0, 5241273.0 ], [ 576718.0, 5241273.0 ], [ 576718.0, 5241274.0 ], [ 576717.0, 5241274.0 ], [ 576717.0, 5241276.0 ], [ 576716.0, 5241276.0 ], [ 576716.0, 5241279.0 ], [ 576715.0, 5241279.0 ], [ 576715.0, 5241284.0 ], [ 576714.0, 5241284.0 ], [ 576714.0, 5241286.0 ], [ 576715.0, 5241286.0 ], [ 576715.0, 5241289.0 ], [ 576716.0, 5241289.0 ], [ 576716.0, 5241290.0 ], [ 576717.0, 5241290.0 ], [ 576717.0, 5241291.0 ], [ 576718.0, 5241291.0 ], [ 576718.0, 5241292.0 ], [ 576719.0, 5241292.0 ], [ 576719.0, 5241293.0 ], [ 576720.0, 5241293.0 ], [ 576720.0, 5241294.0 ], [ 576721.0, 5241294.0 ], [ 576721.0, 5241295.0 ], [ 576722.0, 5241295.0 ], [ 576722.0, 5241296.0 ], [ 576723.0, 5241296.0 ], [ 576723.0, 5241297.0 ], [ 576724.0, 5241297.0 ], [ 576724.0, 5241298.0 ], [ 576725.0, 5241298.0 ], [ 576725.0, 5241299.0 ], [ 576727.0, 5241299.0 ], [ 576727.0, 5241300.0 ], [ 576729.0, 5241300.0 ], [ 576729.0, 5241301.0 ], [ 576732.0, 5241301.0 ], [ 576732.0, 5241302.0 ], [ 576735.0, 5241302.0 ], [ 576735.0, 5241303.0 ], [ 576741.0, 5241303.0 ], [ 576741.0, 5241304.0 ], [ 576744.0, 5241304.0 ], [ 576744.0, 5241305.0 ], [ 576747.0, 5241305.0 ], [ 576747.0, 5241306.0 ], [ 576748.0, 5241306.0 ], [ 576748.0, 5241307.0 ], [ 576749.0, 5241307.0 ], [ 576749.0, 5241306.0 ], [ 576750.0, 5241306.0 ], [ 576750.0, 5241307.0 ], [ 576751.0, 5241307.0 ], [ 576751.0, 5241306.0 ], [ 576753.0, 5241306.0 ], [ 576753.0, 5241307.0 ], [ 576754.0, 5241307.0 ], [ 576754.0, 5241308.0 ], [ 576766.0, 5241308.0 ], [ 576766.0, 5241309.0 ], [ 576767.0, 5241309.0 ], [ 576767.0, 5241308.0 ], [ 576768.0, 5241308.0 ], [ 576768.0, 5241309.0 ], [ 576774.0, 5241309.0 ], [ 576774.0, 5241310.0 ], [ 576775.0, 5241310.0 ], [ 576775.0, 5241309.0 ], [ 576776.0, 5241309.0 ], [ 576776.0, 5241310.0 ], [ 576777.0, 5241310.0 ], [ 576777.0, 5241309.0 ], [ 576780.0, 5241309.0 ], [ 576780.0, 5241310.0 ], [ 576781.0, 5241310.0 ], [ 576781.0, 5241309.0 ], [ 576782.0, 5241309.0 ], [ 576782.0, 5241310.0 ], [ 576787.0, 5241310.0 ], [ 576787.0, 5241309.0 ], [ 576793.0, 5241309.0 ], [ 576793.0, 5241310.0 ], [ 576801.0, 5241310.0 ], [ 576801.0, 5241311.0 ], [ 576802.0, 5241311.0 ], [ 576802.0, 5241310.0 ], [ 576804.0, 5241310.0 ], [ 576804.0, 5241311.0 ], [ 576807.0, 5241311.0 ], [ 576807.0, 5241312.0 ], [ 576810.0, 5241312.0 ], [ 576810.0, 5241313.0 ], [ 576811.0, 5241313.0 ], [ 576811.0, 5241312.0 ], [ 576812.0, 5241312.0 ], [ 576812.0, 5241313.0 ], [ 576820.0, 5241313.0 ], [ 576820.0, 5241314.0 ], [ 576821.0, 5241314.0 ], [ 576821.0, 5241315.0 ], [ 576822.0, 5241315.0 ], [ 576822.0, 5241316.0 ], [ 576823.0, 5241316.0 ], [ 576823.0, 5241317.0 ], [ 576824.0, 5241317.0 ], [ 576824.0, 5241318.0 ], [ 576826.0, 5241318.0 ], [ 576826.0, 5241319.0 ], [ 576827.0, 5241319.0 ], [ 576827.0, 5241320.0 ], [ 576828.0, 5241320.0 ], [ 576828.0, 5241322.0 ], [ 576827.0, 5241322.0 ], [ 576827.0, 5241323.0 ], [ 576826.0, 5241323.0 ], [ 576826.0, 5241324.0 ], [ 576825.0, 5241324.0 ], [ 576825.0, 5241325.0 ], [ 576819.0, 5241325.0 ], [ 576819.0, 5241326.0 ], [ 576810.0, 5241326.0 ], [ 576810.0, 5241327.0 ], [ 576809.0, 5241327.0 ], [ 576809.0, 5241326.0 ], [ 576808.0, 5241326.0 ], [ 576808.0, 5241327.0 ], [ 576803.0, 5241327.0 ], [ 576803.0, 5241326.0 ], [ 576799.0, 5241326.0 ], [ 576799.0, 5241325.0 ], [ 576797.0, 5241325.0 ], [ 576797.0, 5241324.0 ], [ 576793.0, 5241324.0 ], [ 576793.0, 5241323.0 ], [ 576792.0, 5241323.0 ], [ 576792.0, 5241322.0 ], [ 576791.0, 5241322.0 ], [ 576791.0, 5241323.0 ], [ 576790.0, 5241323.0 ], [ 576790.0, 5241324.0 ], [ 576789.0, 5241324.0 ], [ 576789.0, 5241325.0 ], [ 576788.0, 5241325.0 ], [ 576788.0, 5241326.0 ], [ 576787.0, 5241326.0 ], [ 576787.0, 5241327.0 ], [ 576786.0, 5241327.0 ], [ 576786.0, 5241333.0 ], [ 576785.0, 5241333.0 ], [ 576785.0, 5241335.0 ], [ 576784.0, 5241335.0 ], [ 576784.0, 5241337.0 ], [ 576783.0, 5241337.0 ], [ 576783.0, 5241341.0 ], [ 576784.0, 5241341.0 ], [ 576784.0, 5241342.0 ], [ 576785.0, 5241342.0 ], [ 576785.0, 5241343.0 ], [ 576786.0, 5241343.0 ], [ 576786.0, 5241344.0 ], [ 576787.0, 5241344.0 ], [ 576787.0, 5241345.0 ], [ 576788.0, 5241345.0 ], [ 576788.0, 5241346.0 ], [ 576789.0, 5241346.0 ], [ 576789.0, 5241347.0 ], [ 576790.0, 5241347.0 ], [ 576790.0, 5241348.0 ], [ 576791.0, 5241348.0 ], [ 576791.0, 5241349.0 ], [ 576792.0, 5241349.0 ], [ 576792.0, 5241350.0 ], [ 576791.0, 5241350.0 ], [ 576791.0, 5241351.0 ], [ 576790.0, 5241351.0 ], [ 576790.0, 5241352.0 ], [ 576789.0, 5241352.0 ], [ 576789.0, 5241353.0 ], [ 576788.0, 5241353.0 ], [ 576788.0, 5241354.0 ], [ 576785.0, 5241354.0 ], [ 576785.0, 5241353.0 ], [ 576783.0, 5241353.0 ], [ 576783.0, 5241354.0 ], [ 576780.0, 5241354.0 ], [ 576780.0, 5241353.0 ], [ 576771.0, 5241353.0 ], [ 576771.0, 5241352.0 ], [ 576765.0, 5241352.0 ], [ 576765.0, 5241351.0 ], [ 576762.0, 5241351.0 ], [ 576762.0, 5241350.0 ], [ 576761.0, 5241350.0 ], [ 576761.0, 5241349.0 ], [ 576759.0, 5241349.0 ], [ 576759.0, 5241348.0 ], [ 576758.0, 5241348.0 ], [ 576758.0, 5241347.0 ], [ 576757.0, 5241347.0 ], [ 576757.0, 5241348.0 ], [ 576753.0, 5241348.0 ], [ 576753.0, 5241349.0 ], [ 576752.0, 5241349.0 ], [ 576752.0, 5241350.0 ], [ 576750.0, 5241350.0 ], [ 576750.0, 5241351.0 ], [ 576747.0, 5241351.0 ], [ 576747.0, 5241352.0 ], [ 576743.0, 5241352.0 ], [ 576743.0, 5241353.0 ], [ 576740.0, 5241353.0 ], [ 576740.0, 5241354.0 ], [ 576739.0, 5241354.0 ], [ 576739.0, 5241355.0 ], [ 576738.0, 5241355.0 ], [ 576738.0, 5241356.0 ], [ 576737.0, 5241356.0 ], [ 576737.0, 5241357.0 ], [ 576736.0, 5241357.0 ], [ 576736.0, 5241358.0 ], [ 576735.0, 5241358.0 ], [ 576735.0, 5241360.0 ], [ 576734.0, 5241360.0 ], [ 576734.0, 5241361.0 ], [ 576733.0, 5241361.0 ], [ 576733.0, 5241362.0 ], [ 576727.0, 5241362.0 ], [ 576727.0, 5241363.0 ], [ 576726.0, 5241363.0 ], [ 576726.0, 5241362.0 ], [ 576725.0, 5241362.0 ], [ 576725.0, 5241363.0 ], [ 576716.0, 5241363.0 ], [ 576716.0, 5241364.0 ], [ 576714.0, 5241364.0 ], [ 576714.0, 5241365.0 ], [ 576710.0, 5241365.0 ], [ 576710.0, 5241366.0 ], [ 576709.0, 5241366.0 ], [ 576709.0, 5241367.0 ], [ 576707.0, 5241367.0 ], [ 576707.0, 5241368.0 ], [ 576706.0, 5241368.0 ], [ 576706.0, 5241369.0 ], [ 576705.0, 5241369.0 ], [ 576705.0, 5241370.0 ], [ 576704.0, 5241370.0 ], [ 576704.0, 5241371.0 ], [ 576703.0, 5241371.0 ], [ 576703.0, 5241372.0 ], [ 576701.0, 5241372.0 ], [ 576701.0, 5241373.0 ], [ 576699.0, 5241373.0 ], [ 576699.0, 5241374.0 ], [ 576696.0, 5241374.0 ], [ 576696.0, 5241375.0 ], [ 576694.0, 5241375.0 ], [ 576694.0, 5241376.0 ], [ 576693.0, 5241376.0 ], [ 576693.0, 5241377.0 ], [ 576690.0, 5241377.0 ], [ 576690.0, 5241378.0 ], [ 576687.0, 5241378.0 ], [ 576687.0, 5241379.0 ], [ 576686.0, 5241379.0 ], [ 576686.0, 5241380.0 ], [ 576685.0, 5241380.0 ], [ 576685.0, 5241381.0 ], [ 576684.0, 5241381.0 ], [ 576684.0, 5241382.0 ], [ 576683.0, 5241382.0 ], [ 576683.0, 5241383.0 ], [ 576682.0, 5241383.0 ], [ 576682.0, 5241386.0 ], [ 576681.0, 5241386.0 ], [ 576681.0, 5241388.0 ], [ 576680.0, 5241388.0 ], [ 576680.0, 5241390.0 ], [ 576679.0, 5241390.0 ], [ 576679.0, 5241391.0 ], [ 576678.0, 5241391.0 ], [ 576678.0, 5241392.0 ], [ 576677.0, 5241392.0 ], [ 576677.0, 5241393.0 ], [ 576676.0, 5241393.0 ], [ 576676.0, 5241394.0 ], [ 576675.0, 5241394.0 ], [ 576675.0, 5241397.0 ], [ 576674.0, 5241397.0 ], [ 576674.0, 5241398.0 ], [ 576673.0, 5241398.0 ], [ 576673.0, 5241399.0 ], [ 576672.0, 5241399.0 ], [ 576672.0, 5241400.0 ], [ 576671.0, 5241400.0 ], [ 576671.0, 5241401.0 ], [ 576670.0, 5241401.0 ], [ 576670.0, 5241402.0 ], [ 576669.0, 5241402.0 ], [ 576669.0, 5241403.0 ], [ 576668.0, 5241403.0 ], [ 576668.0, 5241408.0 ], [ 576669.0, 5241408.0 ], [ 576669.0, 5241410.0 ], [ 576668.0, 5241410.0 ], [ 576668.0, 5241412.0 ], [ 576669.0, 5241412.0 ], [ 576669.0, 5241416.0 ], [ 576668.0, 5241416.0 ], [ 576668.0, 5241417.0 ], [ 576667.0, 5241417.0 ], [ 576667.0, 5241422.0 ], [ 576666.0, 5241422.0 ], [ 576666.0, 5241423.0 ], [ 576667.0, 5241423.0 ], [ 576667.0, 5241425.0 ], [ 576666.0, 5241425.0 ], [ 576666.0, 5241428.0 ], [ 576665.0, 5241428.0 ], [ 576665.0, 5241430.0 ], [ 576664.0, 5241430.0 ], [ 576664.0, 5241432.0 ], [ 576663.0, 5241432.0 ], [ 576663.0, 5241434.0 ], [ 576664.0, 5241434.0 ], [ 576664.0, 5241438.0 ], [ 576663.0, 5241438.0 ], [ 576663.0, 5241442.0 ], [ 576662.0, 5241442.0 ], [ 576662.0, 5241444.0 ], [ 576661.0, 5241444.0 ], [ 576661.0, 5241445.0 ], [ 576660.0, 5241445.0 ], [ 576660.0, 5241446.0 ], [ 576659.0, 5241446.0 ], [ 576659.0, 5241447.0 ], [ 576658.0, 5241447.0 ], [ 576658.0, 5241448.0 ], [ 576657.0, 5241448.0 ], [ 576657.0, 5241449.0 ], [ 576656.0, 5241449.0 ], [ 576656.0, 5241452.0 ], [ 576655.0, 5241452.0 ], [ 576655.0, 5241453.0 ], [ 576656.0, 5241453.0 ], [ 576656.0, 5241458.0 ], [ 576655.0, 5241458.0 ], [ 576655.0, 5241459.0 ], [ 576654.0, 5241459.0 ], [ 576654.0, 5241462.0 ], [ 576653.0, 5241462.0 ], [ 576653.0, 5241463.0 ], [ 576652.0, 5241463.0 ], [ 576652.0, 5241464.0 ], [ 576651.0, 5241464.0 ], [ 576651.0, 5241466.0 ], [ 576650.0, 5241466.0 ], [ 576650.0, 5241467.0 ], [ 576647.0, 5241467.0 ], [ 576647.0, 5241468.0 ], [ 576646.0, 5241468.0 ], [ 576646.0, 5241469.0 ], [ 576644.0, 5241469.0 ], [ 576644.0, 5241470.0 ], [ 576643.0, 5241470.0 ], [ 576643.0, 5241471.0 ], [ 576642.0, 5241471.0 ], [ 576642.0, 5241472.0 ], [ 576641.0, 5241472.0 ], [ 576641.0, 5241473.0 ], [ 576640.0, 5241473.0 ], [ 576640.0, 5241474.0 ], [ 576639.0, 5241474.0 ], [ 576639.0, 5241475.0 ], [ 576638.0, 5241475.0 ], [ 576638.0, 5241476.0 ], [ 576637.0, 5241476.0 ], [ 576637.0, 5241477.0 ], [ 576627.0, 5241477.0 ], [ 576627.0, 5241478.0 ], [ 576625.0, 5241478.0 ], [ 576625.0, 5241479.0 ], [ 576624.0, 5241479.0 ], [ 576624.0, 5241480.0 ], [ 576623.0, 5241480.0 ], [ 576623.0, 5241481.0 ], [ 576622.0, 5241481.0 ], [ 576622.0, 5241482.0 ], [ 576621.0, 5241482.0 ], [ 576621.0, 5241483.0 ], [ 576620.0, 5241483.0 ], [ 576620.0, 5241484.0 ], [ 576619.0, 5241484.0 ], [ 576619.0, 5241485.0 ], [ 576614.0, 5241485.0 ], [ 576614.0, 5241484.0 ], [ 576613.0, 5241484.0 ], [ 576613.0, 5241485.0 ], [ 576612.0, 5241485.0 ], [ 576612.0, 5241486.0 ], [ 576611.0, 5241486.0 ], [ 576611.0, 5241487.0 ], [ 576610.0, 5241487.0 ], [ 576610.0, 5241488.0 ], [ 576609.0, 5241488.0 ], [ 576609.0, 5241489.0 ], [ 576608.0, 5241489.0 ], [ 576608.0, 5241490.0 ], [ 576606.0, 5241490.0 ], [ 576606.0, 5241489.0 ], [ 576604.0, 5241489.0 ], [ 576604.0, 5241488.0 ], [ 576601.0, 5241488.0 ], [ 576601.0, 5241487.0 ], [ 576600.0, 5241487.0 ], [ 576600.0, 5241486.0 ], [ 576595.0, 5241486.0 ], [ 576595.0, 5241485.0 ], [ 576594.0, 5241485.0 ], [ 576594.0, 5241486.0 ], [ 576592.0, 5241486.0 ], [ 576592.0, 5241485.0 ], [ 576591.0, 5241485.0 ], [ 576591.0, 5241486.0 ], [ 576589.0, 5241486.0 ], [ 576589.0, 5241485.0 ], [ 576585.0, 5241485.0 ], [ 576585.0, 5241484.0 ], [ 576583.0, 5241484.0 ], [ 576583.0, 5241485.0 ], [ 576582.0, 5241485.0 ], [ 576582.0, 5241486.0 ], [ 576580.0, 5241486.0 ], [ 576580.0, 5241487.0 ], [ 576578.0, 5241487.0 ], [ 576578.0, 5241488.0 ], [ 576576.0, 5241488.0 ], [ 576576.0, 5241489.0 ], [ 576575.0, 5241489.0 ], [ 576575.0, 5241490.0 ], [ 576574.0, 5241490.0 ], [ 576574.0, 5241491.0 ], [ 576570.0, 5241491.0 ], [ 576570.0, 5241492.0 ], [ 576560.0, 5241492.0 ], [ 576560.0, 5241491.0 ], [ 576559.0, 5241491.0 ], [ 576559.0, 5241492.0 ], [ 576558.0, 5241492.0 ] ] ] } },
{ "type": "Feature", "properties": { "id": 8, "level_m": 230.55, "level_iqr_m": 0.05, "area_m2": 711, "n_points": 2556 }, "geometry": { "type": "Polygon", "coordinates": [ [ [ 576256.0, 5241116.0 ], [ 576256.0, 5241115.0 ], [ 576254.0, 5241115.0 ], [ 576254.0, 5241114.0 ], [ 576253.0, 5241114.0 ], [ 576253.0, 5241113.0 ], [ 576252.0, 5241113.0 ], [ 576252.0, 5241112.0 ], [ 576251.0, 5241112.0 ], [ 576251.0, 5241111.0 ], [ 576250.0, 5241111.0 ], [ 576250.0, 5241110.0 ], [ 576249.0, 5241110.0 ], [ 576249.0, 5241109.0 ], [ 576248.0, 5241109.0 ], [ 576248.0, 5241108.0 ], [ 576247.0, 5241108.0 ], [ 576247.0, 5241107.0 ], [ 576246.0, 5241107.0 ], [ 576246.0, 5241106.0 ], [ 576245.0, 5241106.0 ], [ 576245.0, 5241105.0 ], [ 576244.0, 5241105.0 ], [ 576244.0, 5241104.0 ], [ 576245.0, 5241104.0 ], [ 576245.0, 5241102.0 ], [ 576246.0, 5241102.0 ], [ 576246.0, 5241101.0 ], [ 576245.0, 5241101.0 ], [ 576245.0, 5241096.0 ], [ 576244.0, 5241096.0 ], [ 576244.0, 5241092.0 ], [ 576245.0, 5241092.0 ], [ 576245.0, 5241091.0 ], [ 576246.0, 5241091.0 ], [ 576246.0, 5241090.0 ], [ 576247.0, 5241090.0 ], [ 576247.0, 5241089.0 ], [ 576248.0, 5241089.0 ], [ 576248.0, 5241088.0 ], [ 576249.0, 5241088.0 ], [ 576249.0, 5241087.0 ], [ 576250.0, 5241087.0 ], [ 576250.0, 5241086.0 ], [ 576251.0, 5241086.0 ], [ 576251.0, 5241085.0 ], [ 576252.0, 5241085.0 ], [ 576252.0, 5241084.0 ], [ 576253.0, 5241084.0 ], [ 576253.0, 5241083.0 ], [ 576254.0, 5241083.0 ], [ 576254.0, 5241081.0 ], [ 576255.0, 5241081.0 ], [ 576255.0, 5241077.0 ], [ 576256.0, 5241077.0 ], [ 576256.0, 5241073.0 ], [ 576257.0, 5241073.0 ], [ 576257.0, 5241071.0 ], [ 576258.0, 5241071.0 ], [ 576258.0, 5241070.0 ], [ 576259.0, 5241070.0 ], [ 576259.0, 5241068.0 ], [ 576260.0, 5241068.0 ], [ 576260.0, 5241066.0 ], [ 576261.0, 5241066.0 ], [ 576261.0, 5241065.0 ], [ 576262.0, 5241065.0 ], [ 576262.0, 5241061.0 ], [ 576263.0, 5241061.0 ], [ 576263.0, 5241060.0 ], [ 576262.0, 5241060.0 ], [ 576262.0, 5241059.0 ], [ 576263.0, 5241059.0 ], [ 576263.0, 5241057.0 ], [ 576264.0, 5241057.0 ], [ 576264.0, 5241055.0 ], [ 576265.0, 5241055.0 ], [ 576265.0, 5241052.0 ], [ 576266.0, 5241052.0 ], [ 576266.0, 5241051.0 ], [ 576267.0, 5241051.0 ], [ 576267.0, 5241048.0 ], [ 576268.0, 5241048.0 ], [ 576268.0, 5241045.0 ], [ 576269.0, 5241045.0 ], [ 576269.0, 5241041.0 ], [ 576270.0, 5241041.0 ], [ 576270.0, 5241039.0 ], [ 576271.0, 5241039.0 ], [ 576271.0, 5241036.0 ], [ 576272.0, 5241036.0 ], [ 576272.0, 5241035.0 ], [ 576273.0, 5241035.0 ], [ 576273.0, 5241034.0 ], [ 576274.0, 5241034.0 ], [ 576274.0, 5241035.0 ], [ 576275.0, 5241035.0 ], [ 576275.0, 5241036.0 ], [ 576274.0, 5241036.0 ], [ 576274.0, 5241038.0 ], [ 576273.0, 5241038.0 ], [ 576273.0, 5241039.0 ], [ 576274.0, 5241039.0 ], [ 576274.0, 5241040.0 ], [ 576275.0, 5241040.0 ], [ 576275.0, 5241041.0 ], [ 576276.0, 5241041.0 ], [ 576276.0, 5241042.0 ], [ 576277.0, 5241042.0 ], [ 576277.0, 5241043.0 ], [ 576276.0, 5241043.0 ], [ 576276.0, 5241044.0 ], [ 576277.0, 5241044.0 ], [ 576277.0, 5241045.0 ], [ 576278.0, 5241045.0 ], [ 576278.0, 5241046.0 ], [ 576279.0, 5241046.0 ], [ 576279.0, 5241047.0 ], [ 576280.0, 5241047.0 ], [ 576280.0, 5241048.0 ], [ 576281.0, 5241048.0 ], [ 576281.0, 5241049.0 ], [ 576280.0, 5241049.0 ], [ 576280.0, 5241050.0 ], [ 576281.0, 5241050.0 ], [ 576281.0, 5241051.0 ], [ 576282.0, 5241051.0 ], [ 576282.0, 5241054.0 ], [ 576281.0, 5241054.0 ], [ 576281.0, 5241055.0 ], [ 576280.0, 5241055.0 ], [ 576280.0, 5241056.0 ], [ 576279.0, 5241056.0 ], [ 576279.0, 5241057.0 ], [ 576278.0, 5241057.0 ], [ 576278.0, 5241058.0 ], [ 576277.0, 5241058.0 ], [ 576277.0, 5241059.0 ], [ 576276.0, 5241059.0 ], [ 576276.0, 5241060.0 ], [ 576275.0, 5241060.0 ], [ 576275.0, 5241061.0 ], [ 576274.0, 5241061.0 ], [ 576274.0, 5241062.0 ], [ 576273.0, 5241062.0 ], [ 576273.0, 5241063.0 ], [ 576272.0, 5241063.0 ], [ 576272.0, 5241064.0 ], [ 576271.0, 5241064.0 ], [ 576271.0, 5241065.0 ], [ 576270.0, 5241065.0 ], [ 576270.0, 5241066.0 ], [ 576269.0, 5241066.0 ], [ 576269.0, 5241067.0 ], [ 576268.0, 5241067.0 ], [ 576268.0, 5241068.0 ], [ 576267.0, 5241068.0 ], [ 576267.0, 5241069.0 ], [ 576266.0, 5241069.0 ], [ 576266.0, 5241073.0 ], [ 576265.0, 5241073.0 ], [ 576265.0, 5241074.0 ], [ 576264.0, 5241074.0 ], [ 576264.0, 5241075.0 ], [ 576263.0, 5241075.0 ], [ 576263.0, 5241078.0 ], [ 576262.0, 5241078.0 ], [ 576262.0, 5241079.0 ], [ 576261.0, 5241079.0 ], [ 576261.0, 5241082.0 ], [ 576260.0, 5241082.0 ], [ 576260.0, 5241083.0 ], [ 576259.0, 5241083.0 ], [ 576259.0, 5241086.0 ], [ 576258.0, 5241086.0 ], [ 576258.0, 5241087.0 ], [ 576257.0, 5241087.0 ], [ 576257.0, 5241088.0 ], [ 576256.0, 5241088.0 ], [ 576256.0, 5241091.0 ], [ 576255.0, 5241091.0 ], [ 576255.0, 5241095.0 ], [ 576254.0, 5241095.0 ], [ 576254.0, 5241096.0 ], [ 576253.0, 5241096.0 ], [ 576253.0, 5241097.0 ], [ 576252.0, 5241097.0 ], [ 576252.0, 5241098.0 ], [ 576251.0, 5241098.0 ], [ 576251.0, 5241100.0 ], [ 576250.0, 5241100.0 ], [ 576250.0, 5241102.0 ], [ 576251.0, 5241102.0 ], [ 576251.0, 5241104.0 ], [ 576252.0, 5241104.0 ], [ 576252.0, 5241105.0 ], [ 576253.0, 5241105.0 ], [ 576253.0, 5241106.0 ], [ 576254.0, 5241106.0 ], [ 576254.0, 5241107.0 ], [ 576255.0, 5241107.0 ], [ 576255.0, 5241108.0 ], [ 576256.0, 5241108.0 ], [ 576256.0, 5241109.0 ], [ 576257.0, 5241109.0 ], [ 576257.0, 5241110.0 ], [ 576258.0, 5241110.0 ], [ 576258.0, 5241111.0 ], [ 576259.0, 5241111.0 ], [ 576259.0, 5241112.0 ], [ 576260.0, 5241112.0 ], [ 576260.0, 5241113.0 ], [ 576261.0, 5241113.0 ], [ 576261.0, 5241114.0 ], [ 576260.0, 5241114.0 ], [ 576260.0, 5241115.0 ], [ 576259.0, 5241115.0 ], [ 576259.0, 5241116.0 ], [ 576256.0, 5241116.0 ] ] ] } },
{ "type": "Feature", "properties": { "id": 9, "level_m": 230.54, "level_iqr_m": 0.07, "area_m2": 1663, "n_points": 5625 }, "geometry": { "type": "Polygon", "coordinates": [ [ [ 576311.0, 5241033.0 ], [ 576311.0, 5241032.0 ], [ 576310.0, 5241032.0 ], [ 576310.0, 5241031.0 ], [ 576309.0, 5241031.0 ], [ 576309.0, 5241030.0 ], [ 576308.0, 5241030.0 ], [ 576308.0, 5241029.0 ], [ 576307.0, 5241029.0 ], [ 576307.0, 5241028.0 ], [ 576306.0, 5241028.0 ], [ 576306.0, 5241027.0 ], [ 576305.0, 5241027.0 ], [ 576305.0, 5241026.0 ], [ 576303.0, 5241026.0 ], [ 576303.0, 5241027.0 ], [ 576302.0, 5241027.0 ], [ 576302.0, 5241026.0 ], [ 576301.0, 5241026.0 ], [ 576301.0, 5241025.0 ], [ 576300.0, 5241025.0 ], [ 576300.0, 5241024.0 ], [ 576297.0, 5241024.0 ], [ 576297.0, 5241025.0 ], [ 576295.0, 5241025.0 ], [ 576295.0, 5241024.0 ], [ 576294.0, 5241024.0 ], [ 576294.0, 5241023.0 ], [ 576293.0, 5241023.0 ], [ 576293.0, 5241022.0 ], [ 576292.0, 5241022.0 ], [ 576292.0, 5241021.0 ], [ 576291.0, 5241021.0 ], [ 576291.0, 5241020.0 ], [ 576290.0, 5241020.0 ], [ 576290.0, 5241019.0 ], [ 576289.0, 5241019.0 ], [ 576289.0, 5241018.0 ], [ 576288.0, 5241018.0 ], [ 576288.0, 5241017.0 ], [ 576287.0, 5241017.0 ], [ 576287.0, 5241016.0 ], [ 576285.0, 5241016.0 ], [ 576285.0, 5241017.0 ], [ 576284.0, 5241017.0 ], [ 576284.0, 5241016.0 ], [ 576283.0, 5241016.0 ], [ 576283.0, 5241014.0 ], [ 576284.0, 5241014.0 ], [ 576284.0, 5241012.0 ], [ 576285.0, 5241012.0 ], [ 576285.0, 5241010.0 ], [ 576286.0, 5241010.0 ], [ 576286.0, 5241006.0 ], [ 576287.0, 5241006.0 ], [ 576287.0, 5241005.0 ], [ 576288.0, 5241005.0 ], [ 576288.0, 5241003.0 ], [ 576289.0, 5241003.0 ], [ 576289.0, 5241001.0 ], [ 576290.0, 5241001.0 ], [ 576290.0, 5241000.0 ], [ 576291.0, 5241000.0 ], [ 576291.0, 5240998.0 ], [ 576292.0, 5240998.0 ], [ 576292.0, 5240996.0 ], [ 576293.0, 5240996.0 ], [ 576293.0, 5240995.0 ], [ 576295.0, 5240995.0 ], [ 576295.0, 5240994.0 ], [ 576296.0, 5240994.0 ], [ 576296.0, 5240993.0 ], [ 576298.0, 5240993.0 ], [ 576298.0, 5240992.0 ], [ 576299.0, 5240992.0 ], [ 576299.0, 5240991.0 ], [ 576301.0, 5240991.0 ], [ 576301.0, 5240990.0 ], [ 576303.0, 5240990.0 ], [ 576303.0, 5240989.0 ], [ 576306.0, 5240989.0 ], [ 576306.0, 5240990.0 ], [ 576307.0, 5240990.0 ], [ 576307.0, 5240991.0 ], [ 576308.0, 5240991.0 ], [ 576308.0, 5240992.0 ], [ 576309.0, 5240992.0 ], [ 576309.0, 5240993.0 ], [ 576310.0, 5240993.0 ], [ 576310.0, 5240994.0 ], [ 576311.0, 5240994.0 ], [ 576311.0, 5240995.0 ], [ 576312.0, 5240995.0 ], [ 576312.0, 5240996.0 ], [ 576314.0, 5240996.0 ], [ 576314.0, 5240997.0 ], [ 576322.0, 5240997.0 ], [ 576322.0, 5240998.0 ], [ 576323.0, 5240998.0 ], [ 576323.0, 5240999.0 ], [ 576324.0, 5240999.0 ], [ 576324.0, 5241000.0 ], [ 576326.0, 5241000.0 ], [ 576326.0, 5241001.0 ], [ 576327.0, 5241001.0 ], [ 576327.0, 5241002.0 ], [ 576329.0, 5241002.0 ], [ 576329.0, 5241003.0 ], [ 576330.0, 5241003.0 ], [ 576330.0, 5241004.0 ], [ 576331.0, 5241004.0 ], [ 576331.0, 5241005.0 ], [ 576332.0, 5241005.0 ], [ 576332.0, 5241006.0 ], [ 576333.0, 5241006.0 ], [ 576333.0, 5241007.0 ], [ 576334.0, 5241007.0 ], [ 576334.0, 5241008.0 ], [ 576336.0, 5241008.0 ], [ 576336.0, 5241009.0 ], [ 576338.0, 5241009.0 ], [ 576338.0, 5241008.0 ], [ 576344.0, 5241008.0 ], [ 576344.0, 5241009.0 ], [ 576347.0, 5241009.0 ], [ 576347.0, 5241010.0 ], [ 576348.0, 5241010.0 ], [ 576348.0, 5241011.0 ], [ 576349.0, 5241011.0 ], [ 576349.0, 5241012.0 ], [ 576351.0, 5241012.0 ], [ 576351.0, 5241013.0 ], [ 576353.0, 5241013.0 ], [ 576353.0, 5241014.0 ], [ 576356.0, 5241014.0 ], [ 576356.0, 5241015.0 ], [ 576358.0, 5241015.0 ], [ 576358.0, 5241016.0 ], [ 576361.0, 5241016.0 ], [ 576361.0, 5241017.0 ], [ 576362.0, 5241017.0 ], [ 576362.0, 5241018.0 ], [ 576363.0, 5241018.0 ], [ 576363.0, 5241019.0 ], [ 576364.0, 5241019.0 ], [ 576364.0, 5241020.0 ], [ 576365.0, 5241020.0 ], [ 576365.0, 5241021.0 ], [ 576366.0, 5241021.0 ], [ 576366.0, 5241022.0 ], [ 576369.0, 5241022.0 ], [ 576369.0, 5241023.0 ], [ 576370.0, 5241023.0 ], [ 576370.0, 5241024.0 ], [ 576371.0, 5241024.0 ], [ 576371.0, 5241025.0 ], [ 576370.0, 5241025.0 ], [ 576370.0, 5241026.0 ], [ 576369.0, 5241026.0 ], [ 576369.0, 5241025.0 ], [ 576366.0, 5241025.0 ], [ 576366.0, 5241024.0 ], [ 576365.0, 5241024.0 ], [ 576365.0, 5241023.0 ], [ 576363.0, 5241023.0 ], [ 576363.0, 5241022.0 ], [ 576362.0, 5241022.0 ], [ 576362.0, 5241021.0 ], [ 576360.0, 5241021.0 ], [ 576360.0, 5241020.0 ], [ 576359.0, 5241020.0 ], [ 576359.0, 5241021.0 ], [ 576358.0, 5241021.0 ], [ 576358.0, 5241022.0 ], [ 576355.0, 5241022.0 ], [ 576355.0, 5241021.0 ], [ 576354.0, 5241021.0 ], [ 576354.0, 5241020.0 ], [ 576353.0, 5241020.0 ], [ 576353.0, 5241019.0 ], [ 576352.0, 5241019.0 ], [ 576352.0, 5241020.0 ], [ 576350.0, 5241020.0 ], [ 576350.0, 5241019.0 ], [ 576348.0, 5241019.0 ], [ 576348.0, 5241020.0 ], [ 576346.0, 5241020.0 ], [ 576346.0, 5241019.0 ], [ 576345.0, 5241019.0 ], [ 576345.0, 5241018.0 ], [ 576344.0, 5241018.0 ], [ 576344.0, 5241019.0 ], [ 576343.0, 5241019.0 ], [ 576343.0, 5241020.0 ], [ 576342.0, 5241020.0 ], [ 576342.0, 5241021.0 ], [ 576340.0, 5241021.0 ], [ 576340.0, 5241022.0 ], [ 576339.0, 5241022.0 ], [ 576339.0, 5241023.0 ], [ 576338.0, 5241023.0 ], [ 576338.0, 5241024.0 ], [ 576337.0, 5241024.0 ], [ 576337.0, 5241025.0 ], [ 576336.0, 5241025.0 ], [ 576336.0, 5241026.0 ], [ 576335.0, 5241026.0 ], [ 576335.0, 5241027.0 ], [ 576334.0, 5241027.0 ], [ 576334.0, 5241026.0 ], [ 576332.0, 5241026.0 ], [ 576332.0, 5241027.0 ], [ 576331.0, 5241027.0 ], [ 576331.0, 5241028.0 ], [ 576330.0, 5241028.0 ], [ 576330.0, 5241027.0 ], [ 576326.0, 5241027.0 ], [ 576326.0, 5241026.0 ], [ 576325.0, 5241026.0 ], [ 576325.0, 5241025.0 ], [ 576324.0, 5241025.0 ], [ 576324.0, 5241024.0 ], [ 576322.0, 5241024.0 ], [ 576322.0, 5241025.0 ], [ 576321.0, 5241025.0 ], [ 576321.0, 5241024.0 ], [ 576319.0, 5241024.0 ], [ 576319.0, 5241023.0 ], [ 576318.0, 5241023.0 ], [ 576318.0, 5241022.0 ], [ 576317.0, 5241022.0 ], [ 576317.0, 5241023.0 ], [ 576316.0, 5241023.0 ], [ 576316.0, 5241024.0 ], [ 576315.0, 5241024.0 ], [ 576315.0, 5241025.0 ], [ 576314.0, 5241025.0 ], [ 576314.0, 5241026.0 ], [ 576313.0, 5241026.0 ], [ 576313.0, 5241027.0 ], [ 576312.0, 5241027.0 ], [ 576312.0, 5241028.0 ], [ 576311.0, 5241028.0 ], [ 576311.0, 5241030.0 ], [ 576312.0, 5241030.0 ], [ 576312.0, 5241031.0 ], [ 576313.0, 5241031.0 ], [ 576313.0, 5241032.0 ], [ 576312.0, 5241032.0 ], [ 576312.0, 5241033.0 ], [ 576311.0, 5241033.0 ] ] ] } },
{ "type": "Feature", "properties": { "id": 10, "level_m": 230.43, "level_iqr_m": 0.06, "area_m2": 17320, "n_points": 26487 }, "geometry": { "type": "Polygon", "coordinates": [ [ [ 575990.0, 5240996.0 ], [ 575990.0, 5240995.0 ], [ 575985.0, 5240995.0 ], [ 575985.0, 5240994.0 ], [ 575984.0, 5240994.0 ], [ 575984.0, 5240993.0 ], [ 575983.0, 5240993.0 ], [ 575983.0, 5240992.0 ], [ 575982.0, 5240992.0 ], [ 575982.0, 5240991.0 ], [ 575981.0, 5240991.0 ], [ 575981.0, 5240990.0 ], [ 575980.0, 5240990.0 ], [ 575980.0, 5240989.0 ], [ 575979.0, 5240989.0 ], [ 575979.0, 5240988.0 ], [ 575977.0, 5240988.0 ], [ 575977.0, 5240989.0 ], [ 575976.0, 5240989.0 ], [ 575976.0, 5240988.0 ], [ 575974.0, 5240988.0 ], [ 575974.0, 5240987.0 ], [ 575973.0, 5240987.0 ], [ 575973.0, 5240986.0 ], [ 575969.0, 5240986.0 ], [ 575969.0, 5240987.0 ], [ 575967.0, 5240987.0 ], [ 575967.0, 5240988.0 ], [ 575966.0, 5240988.0 ], [ 575966.0, 5240987.0 ], [ 575960.0, 5240987.0 ], [ 575960.0, 5240988.0 ], [ 575958.0, 5240988.0 ], [ 575958.0, 5240989.0 ], [ 575957.0, 5240989.0 ], [ 575957.0, 5240988.0 ], [ 575955.0, 5240988.0 ], [ 575955.0, 5240989.0 ], [ 575953.0, 5240989.0 ], [ 575953.0, 5240988.0 ], [ 575952.0, 5240988.0 ], [ 575952.0, 5240987.0 ], [ 575951.0, 5240987.0 ], [ 575951.0, 5240986.0 ], [ 575952.0, 5240986.0 ], [ 575952.0, 5240985.0 ], [ 575951.0, 5240985.0 ], [ 575951.0, 5240984.0 ], [ 575950.0, 5240984.0 ], [ 575950.0, 5240983.0 ], [ 575949.0, 5240983.0 ], [ 575949.0, 5240982.0 ], [ 575948.0, 5240982.0 ], [ 575948.0, 5240981.0 ], [ 575947.0, 5240981.0 ], [ 575947.0, 5240980.0 ], [ 575945.0, 5240980.0 ], [ 575945.0, 5240979.0 ], [ 575944.0, 5240979.0 ], [ 575944.0, 5240980.0 ], [ 575943.0, 5240980.0 ], [ 575943.0, 5240981.0 ], [ 575942.0, 5240981.0 ], [ 575942.0, 5240980.0 ], [ 575941.0, 5240980.0 ], [ 575941.0, 5240979.0 ], [ 575940.0, 5240979.0 ], [ 575940.0, 5240978.0 ], [ 575938.0, 5240978.0 ], [ 575938.0, 5240979.0 ], [ 575937.0, 5240979.0 ], [ 575937.0, 5240978.0 ], [ 575936.0, 5240978.0 ], [ 575936.0, 5240977.0 ], [ 575934.0, 5240977.0 ], [ 575934.0, 5240978.0 ], [ 575933.0, 5240978.0 ], [ 575933.0, 5240979.0 ], [ 575931.0, 5240979.0 ], [ 575931.0, 5240978.0 ], [ 575930.0, 5240978.0 ], [ 575930.0, 5240977.0 ], [ 575929.0, 5240977.0 ], [ 575929.0, 5240976.0 ], [ 575927.0, 5240976.0 ], [ 575927.0, 5240975.0 ], [ 575926.0, 5240975.0 ], [ 575926.0, 5240974.0 ], [ 575924.0, 5240974.0 ], [ 575924.0, 5240973.0 ], [ 575922.0, 5240973.0 ], [ 575922.0, 5240972.0 ], [ 575920.0, 5240972.0 ], [ 575920.0, 5240971.0 ], [ 575918.0, 5240971.0 ], [ 575918.0, 5240970.0 ], [ 575917.0, 5240970.0 ], [ 575917.0, 5240969.0 ], [ 575916.0, 5240969.0 ], [ 575916.0, 5240968.0 ], [ 575915.0, 5240968.0 ], [ 575915.0, 5240969.0 ], [ 575912.0, 5240969.0 ], [ 575912.0, 5240968.0 ], [ 575911.0, 5240968.0 ], [ 575911.0, 5240969.0 ], [ 575910.0, 5240969.0 ], [ 575910.0, 5240970.0 ], [ 575909.0, 5240970.0 ], [ 575909.0, 5240969.0 ], [ 575907.0, 5240969.0 ], [ 575907.0, 5240970.0 ], [ 575906.0, 5240970.0 ], [ 575906.0, 5240969.0 ], [ 575905.0, 5240969.0 ], [ 575905.0, 5240968.0 ], [ 575903.0, 5240968.0 ], [ 575903.0, 5240969.0 ], [ 575902.0, 5240969.0 ], [ 575902.0, 5240970.0 ], [ 575901.0, 5240970.0 ], [ 575901.0, 5240971.0 ], [ 575900.0, 5240971.0 ], [ 575900.0, 5240970.0 ], [ 575899.0, 5240970.0 ], [ 575899.0, 5240969.0 ], [ 575898.0, 5240969.0 ], [ 575898.0, 5240968.0 ], [ 575896.0, 5240968.0 ], [ 575896.0, 5240969.0 ], [ 575895.0, 5240969.0 ], [ 575895.0, 5240968.0 ], [ 575894.0, 5240968.0 ], [ 575894.0, 5240965.0 ], [ 575893.0, 5240965.0 ], [ 575893.0, 5240964.0 ], [ 575892.0, 5240964.0 ], [ 575892.0, 5240963.0 ], [ 575891.0, 5240963.0 ], [ 575891.0, 5240962.0 ], [ 575890.0, 5240962.0 ], [ 575890.0, 5240961.0 ], [ 575889.0, 5240961.0 ], [ 575889.0, 5240960.0 ], [ 575888.0, 5240960.0 ], [ 575888.0, 5240958.0 ], [ 575887.0, 5240958.0 ], [ 575887.0, 5240957.0 ], [ 575886.0, 5240957.0 ], [ 575886.0, 5240956.0 ], [ 575885.0, 5240956.0 ], [ 575885.0, 5240954.0 ], [ 575884.0, 5240954.0 ], [ 575884.0, 5240953.0 ], [ 575883.0, 5240953.0 ], [ 575883.0, 5240952.0 ], [ 575882.0, 5240952.0 ], [ 575882.0, 5240951.0 ], [ 575883.0, 5240951.0 ], [ 575883.0, 5240950.0 ], [ 575882.0, 5240950.0 ], [ 575882.0, 5240949.0 ], [ 575883.0, 5240949.0 ], [ 575883.0, 5240948.0 ], [ 575882.0, 5240948.0 ], [ 575882.0, 5240947.0 ], [ 575881.0, 5240947.0 ], [ 575881.0, 5240946.0 ], [ 575880.0, 5240946.0 ], [ 575880.0, 5240943.0 ], [ 575879.0, 5240943.0 ], [ 575879.0, 5240942.0 ], [ 575878.0, 5240942.0 ], [ 575878.0, 5240940.0 ], [ 575877.0, 5240940.0 ], [ 575877.0, 5240939.0 ], [ 575876.0, 5240939.0 ], [ 575876.0, 5240937.0 ], [ 575875.0, 5240937.0 ], [ 575875.0, 5240936.0 ], [ 575874.0, 5240936.0 ], [ 575874.0, 5240935.0 ], [ 575873.0, 5240935.0 ], [ 575873.0, 5240934.0 ], [ 575872.0, 5240934.0 ], [ 575872.0, 5240933.0 ], [ 575871.0, 5240933.0 ], [ 575871.0, 5240932.0 ], [ 575872.0, 5240932.0 ], [ 575872.0, 5240931.0 ], [ 575871.0, 5240931.0 ], [ 575871.0, 5240930.0 ], [ 575870.0, 5240930.0 ], [ 575870.0, 5240928.0 ], [ 575871.0, 5240928.0 ], [ 575871.0, 5240927.0 ], [ 575870.0, 5240927.0 ], [ 575870.0, 5240926.0 ], [ 575869.0, 5240926.0 ], [ 575869.0, 5240924.0 ], [ 575868.0, 5240924.0 ], [ 575868.0, 5240920.0 ], [ 575867.0, 5240920.0 ], [ 575867.0, 5240915.0 ], [ 575866.0, 5240915.0 ], [ 575866.0, 5240914.0 ], [ 575867.0, 5240914.0 ], [ 575867.0, 5240913.0 ], [ 575866.0, 5240913.0 ], [ 575866.0, 5240909.0 ], [ 575865.0, 5240909.0 ], [ 575865.0, 5240908.0 ], [ 575864.0, 5240908.0 ], [ 575864.0, 5240906.0 ], [ 575863.0, 5240906.0 ], [ 575863.0, 5240905.0 ], [ 575864.0, 5240905.0 ], [ 575864.0, 5240904.0 ], [ 575863.0, 5240904.0 ], [ 575863.0, 5240903.0 ], [ 575862.0, 5240903.0 ], [ 575862.0, 5240902.0 ], [ 575861.0, 5240902.0 ], [ 575861.0, 5240900.0 ], [ 575860.0, 5240900.0 ], [ 575860.0, 5240899.0 ], [ 575859.0, 5240899.0 ], [ 575859.0, 5240898.0 ], [ 575858.0, 5240898.0 ], [ 575858.0, 5240897.0 ], [ 575857.0, 5240897.0 ], [ 575857.0, 5240896.0 ], [ 575856.0, 5240896.0 ], [ 575856.0, 5240895.0 ], [ 575855.0, 5240895.0 ], [ 575855.0, 5240894.0 ], [ 575854.0, 5240894.0 ], [ 575854.0, 5240895.0 ], [ 575853.0, 5240895.0 ], [ 575853.0, 5240894.0 ], [ 575852.0, 5240894.0 ], [ 575852.0, 5240893.0 ], [ 575851.0, 5240893.0 ], [ 575851.0, 5240892.0 ], [ 575850.0, 5240892.0 ], [ 575850.0, 5240891.0 ], [ 575851.0, 5240891.0 ], [ 575851.0, 5240890.0 ], [ 575850.0, 5240890.0 ], [ 575850.0, 5240889.0 ], [ 575851.0, 5240889.0 ], [ 575851.0, 5240888.0 ], [ 575852.0, 5240888.0 ], [ 575852.0, 5240887.0 ], [ 575853.0, 5240887.0 ], [ 575853.0, 5240886.0 ], [ 575854.0, 5240886.0 ], [ 575854.0, 5240885.0 ], [ 575855.0, 5240885.0 ], [ 575855.0, 5240884.0 ], [ 575856.0, 5240884.0 ], [ 575856.0, 5240883.0 ], [ 575857.0, 5240883.0 ], [ 575857.0, 5240881.0 ], [ 575858.0, 5240881.0 ], [ 575858.0, 5240880.0 ], [ 575859.0, 5240880.0 ], [ 575859.0, 5240879.0 ], [ 575860.0, 5240879.0 ], [ 575860.0, 5240878.0 ], [ 575861.0, 5240878.0 ], [ 575861.0, 5240877.0 ], [ 575860.0, 5240877.0 ], [ 575860.0, 5240876.0 ], [ 575859.0, 5240876.0 ], [ 575859.0, 5240875.0 ], [ 575860.0, 5240875.0 ], [ 575860.0, 5240871.0 ], [ 575859.0, 5240871.0 ], [ 575859.0, 5240870.0 ], [ 575858.0, 5240870.0 ], [ 575858.0, 5240869.0 ], [ 575857.0, 5240869.0 ], [ 575857.0, 5240868.0 ], [ 575858.0, 5240868.0 ], [ 575858.0, 5240867.0 ], [ 575859.0, 5240867.0 ], [ 575859.0, 5240866.0 ], [ 575860.0, 5240866.0 ], [ 575860.0, 5240865.0 ], [ 575861.0, 5240865.0 ], [ 575861.0, 5240864.0 ], [ 575860.0, 5240864.0 ], [ 575860.0, 5240863.0 ], [ 575859.0, 5240863.0 ], [ 575859.0, 5240862.0 ], [ 575858.0, 5240862.0 ], [ 575858.0, 5240861.0 ], [ 575859.0, 5240861.0 ], [ 575859.0, 5240859.0 ], [ 575860.0, 5240859.0 ], [ 575860.0, 5240858.0 ], [ 575861.0, 5240858.0 ], [ 575861.0, 5240857.0 ], [ 575862.0, 5240857.0 ], [ 575862.0, 5240856.0 ], [ 575861.0, 5240856.0 ], [ 575861.0, 5240855.0 ], [ 575860.0, 5240855.0 ], [ 575860.0, 5240852.0 ], [ 575859.0, 5240852.0 ], [ 575859.0, 5240848.0 ], [ 575860.0, 5240848.0 ], [ 575860.0, 5240847.0 ], [ 575861.0, 5240847.0 ], [ 575861.0, 5240846.0 ], [ 575862.0, 5240846.0 ], [ 575862.0, 5240845.0 ], [ 575863.0, 5240845.0 ], [ 575863.0, 5240844.0 ], [ 575864.0, 5240844.0 ], [ 575864.0, 5240843.0 ], [ 575865.0, 5240843.0 ], [ 575865.0, 5240842.0 ], [ 575866.0, 5240842.0 ], [ 575866.0, 5240843.0 ], [ 575869.0, 5240843.0 ], [ 575869.0, 5240842.0 ], [ 575871.0, 5240842.0 ], [ 575871.0, 5240841.0 ], [ 575872.0, 5240841.0 ], [ 575872.0, 5240842.0 ], [ 575873.0, 5240842.0 ], [ 575873.0, 5240843.0 ], [ 575875.0, 5240843.0 ], [ 575875.0, 5240842.0 ], [ 575876.0, 5240842.0 ], [ 575876.0, 5240841.0 ], [ 575877.0, 5240841.0 ], [ 575877.0, 5240840.0 ], [ 575878.0, 5240840.0 ], [ 575878.0, 5240839.0 ], [ 575879.0, 5240839.0 ], [ 575879.0, 5240838.0 ], [ 575880.0, 5240838.0 ], [ 575880.0, 5240839.0 ], [ 575881.0, 5240839.0 ], [ 575881.0, 5240840.0 ], [ 575882.0, 5240840.0 ], [ 575882.0, 5240841.0 ], [ 575884.0, 5240841.0 ], [ 575884.0, 5240842.0 ], [ 575885.0, 5240842.0 ], [ 575885.0, 5240843.0 ], [ 575888.0, 5240843.0 ], [ 575888.0, 5240844.0 ], [ 575890.0, 5240844.0 ], [ 575890.0, 5240843.0 ], [ 575893.0, 5240843.0 ], [ 575893.0, 5240842.0 ], [ 575894.0, 5240842.0 ], [ 575894.0, 5240841.0 ], [ 575895.0, 5240841.0 ], [ 575895.0, 5240840.0 ], [ 575896.0, 5240840.0 ], [ 575896.0, 5240839.0 ], [ 575897.0, 5240839.0 ], [ 575897.0, 5240838.0 ], [ 575898.0, 5240838.0 ], [ 575898.0, 5240836.0 ], [ 575899.0, 5240836.0 ], [ 575899.0, 5240835.0 ], [ 575900.0, 5240835.0 ], [ 575900.0, 5240834.0 ], [ 575901.0, 5240834.0 ], [ 575901.0, 5240833.0 ], [ 575902.0, 5240833.0 ], [ 575902.0, 5240831.0 ], [ 575901.0, 5240831.0 ], [ 575901.0, 5240830.0 ], [ 575900.0, 5240830.0 ], [ 575900.0, 5240826.0 ], [ 575901.0, 5240826.0 ], [ 575901.0, 5240824.0 ], [ 575902.0, 5240824.0 ], [ 575902.0, 5240823.0 ], [ 575903.0, 5240823.0 ], [ 575903.0, 5240822.0 ], [ 575905.0, 5240822.0 ], [ 575905.0, 5240821.0 ], [ 575906.0, 5240821.0 ], [ 575906.0, 5240820.0 ], [ 575907.0, 5240820.0 ], [ 575907.0, 5240821.0 ], [ 575908.0, 5240821.0 ], [ 575908.0, 5240822.0 ], [ 575909.0, 5240822.0 ], [ 575909.0, 5240823.0 ], [ 575910.0, 5240823.0 ], [ 575910.0, 5240824.0 ], [ 575911.0, 5240824.0 ], [ 575911.0, 5240825.0 ], [ 575912.0, 5240825.0 ], [ 575912.0, 5240826.0 ], [ 575913.0, 5240826.0 ], [ 575913.0, 5240825.0 ], [ 575914.0, 5240825.0 ], [ 575914.0, 5240824.0 ], [ 575916.0, 5240824.0 ], [ 575916.0, 5240823.0 ], [ 575917.0, 5240823.0 ], [ 575917.0, 5240822.0 ], [ 575918.0, 5240822.0 ], [ 575918.0, 5240821.0 ], [ 575919.0, 5240821.0 ], [ 575919.0, 5240820.0 ], [ 575920.0, 5240820.0 ], [ 575920.0, 5240819.0 ], [ 575921.0, 5240819.0 ], [ 575921.0, 5240820.0 ], [ 575923.0, 5240820.0 ], [ 575923.0, 5240819.0 ], [ 575925.0, 5240819.0 ], [ 575925.0, 5240820.0 ], [ 575927.0, 5240820.0 ], [ 575927.0, 5240821.0 ], [ 575929.0, 5240821.0 ], [ 575929.0, 5240822.0 ], [ 575930.0, 5240822.0 ], [ 575930.0, 5240823.0 ], [ 575931.0, 5240823.0 ], [ 575931.0, 5240824.0 ], [ 575932.0, 5240824.0 ], [ 575932.0, 5240825.0 ], [ 575933.0, 5240825.0 ], [ 575933.0, 5240826.0 ], [ 575934.0, 5240826.0 ], [ 575934.0, 5240825.0 ], [ 575935.0, 5240825.0 ], [ 575935.0, 5240826.0 ], [ 575937.0, 5240826.0 ], [ 575937.0, 5240825.0 ], [ 575940.0, 5240825.0 ], [ 575940.0, 5240824.0 ], [ 575943.0, 5240824.0 ], [ 575943.0, 5240823.0 ], [ 575944.0, 5240823.0 ], [ 575944.0, 5240822.0 ], [ 575946.0, 5240822.0 ], [ 575946.0, 5240821.0 ], [ 575948.0, 5240821.0 ], [ 575948.0, 5240822.0 ], [ 575950.0, 5240822.0 ], [ 575950.0, 5240823.0 ], [ 575952.0, 5240823.0 ], [ 575952.0, 5240824.0 ], [ 575953.0, 5240824.0 ], [ 575953.0, 5240827.0 ], [ 575954.0, 5240827.0 ], [ 575954.0, 5240829.0 ], [ 575955.0, 5240829.0 ], [ 575955.0, 5240831.0 ], [ 575954.0, 5240831.0 ], [ 575954.0, 5240832.0 ], [ 575955.0, 5240832.0 ], [ 575955.0, 5240834.0 ], [ 575956.0, 5240834.0 ], [ 575956.0, 5240835.0 ], [ 575955.0, 5240835.0 ], [ 575955.0, 5240837.0 ], [ 575956.0, 5240837.0 ], [ 575956.0, 5240838.0 ], [ 575957.0, 5240838.0 ], [ 575957.0, 5240839.0 ], [ 575958.0, 5240839.0 ], [ 575958.0, 5240840.0 ], [ 575959.0, 5240840.0 ], [ 575959.0, 5240841.0 ], [ 575960.0, 5240841.0 ], [ 575960.0, 5240842.0 ], [ 575961.0, 5240842.0 ], [ 575961.0, 5240843.0 ], [ 575963.0, 5240843.0 ], [ 575963.0, 5240844.0 ], [ 575964.0, 5240844.0 ], [ 575964.0, 5240845.0 ], [ 575965.0, 5240845.0 ], [ 575965.0, 5240844.0 ], [ 575966.0, 5240844.0 ], [ 575966.0, 5240843.0 ], [ 575968.0, 5240843.0 ], [ 575968.0, 5240842.0 ], [ 575969.0, 5240842.0 ], [ 575969.0, 5240841.0 ], [ 575972.0, 5240841.0 ], [ 575972.0, 5240840.0 ], [ 575976.0, 5240840.0 ], [ 575976.0, 5240841.0 ], [ 575977.0, 5240841.0 ], [ 575977.0, 5240842.0 ], [ 575978.0, 5240842.0 ], [ 575978.0, 5240843.0 ], [ 575980.0, 5240843.0 ], [ 575980.0, 5240844.0 ], [ 575981.0, 5240844.0 ], [ 575981.0, 5240846.0 ], [ 575982.0, 5240846.0 ], [ 575982.0, 5240848.0 ], [ 575983.0, 5240848.0 ], [ 575983.0, 5240849.0 ], [ 575984.0, 5240849.0 ], [ 575984.0, 5240850.0 ], [ 575985.0, 5240850.0 ], [ 575985.0, 5240854.0 ], [ 575984.0, 5240854.0 ], [ 575984.0, 5240855.0 ], [ 575983.0, 5240855.0 ], [ 575983.0, 5240857.0 ], [ 575982.0, 5240857.0 ], [ 575982.0, 5240858.0 ], [ 575981.0, 5240858.0 ], [ 575981.0, 5240859.0 ], [ 575980.0, 5240859.0 ], [ 575980.0, 5240860.0 ], [ 575979.0, 5240860.0 ], [ 575979.0, 5240861.0 ], [ 575978.0, 5240861.0 ], [ 575978.0, 5240862.0 ], [ 575977.0, 5240862.0 ], [ 575977.0, 5240863.0 ], [ 575976.0, 5240863.0 ], [ 575976.0, 5240864.0 ], [ 575975.0, 5240864.0 ], [ 575975.0, 5240865.0 ], [ 575974.0, 5240865.0 ], [ 575974.0, 5240866.0 ], [ 575973.0, 5240866.0 ], [ 575973.0, 5240867.0 ], [ 575972.0, 5240867.0 ], [ 575972.0, 5240868.0 ], [ 575971.0, 5240868.0 ], [ 575971.0, 5240869.0 ], [ 575970.0, 5240869.0 ], [ 575970.0, 5240870.0 ], [ 575969.0, 5240870.0 ], [ 575969.0, 5240872.0 ], [ 575970.0, 5240872.0 ], [ 575970.0, 5240873.0 ], [ 575969.0, 5240873.0 ], [ 575969.0, 5240876.0 ], [ 575968.0, 5240876.0 ], [ 575968.0, 5240877.0 ], [ 575966.0, 5240877.0 ], [ 575966.0, 5240878.0 ], [ 575965.0, 5240878.0 ], [ 575965.0, 5240879.0 ], [ 575964.0, 5240879.0 ], [ 575964.0, 5240880.0 ], [ 575963.0, 5240880.0 ], [ 575963.0, 5240881.0 ], [ 575962.0, 5240881.0 ], [ 575962.0, 5240882.0 ], [ 575961.0, 5240882.0 ], [ 575961.0, 5240883.0 ], [ 575960.0, 5240883.0 ], [ 575960.0, 5240885.0 ], [ 575959.0, 5240885.0 ], [ 575959.0, 5240886.0 ], [ 575958.0, 5240886.0 ], [ 575958.0, 5240887.0 ], [ 575957.0, 5240887.0 ], [ 575957.0, 5240888.0 ], [ 575956.0, 5240888.0 ], [ 575956.0, 5240889.0 ], [ 575955.0, 5240889.0 ], [ 575955.0, 5240891.0 ], [ 575956.0, 5240891.0 ], [ 575956.0, 5240892.0 ], [ 575955.0, 5240892.0 ], [ 575955.0, 5240893.0 ], [ 575954.0, 5240893.0 ], [ 575954.0, 5240894.0 ], [ 575953.0, 5240894.0 ], [ 575953.0, 5240895.0 ], [ 575952.0, 5240895.0 ], [ 575952.0, 5240896.0 ], [ 575951.0, 5240896.0 ], [ 575951.0, 5240895.0 ], [ 575949.0, 5240895.0 ], [ 575949.0, 5240896.0 ], [ 575948.0, 5240896.0 ], [ 575948.0, 5240897.0 ], [ 575947.0, 5240897.0 ], [ 575947.0, 5240898.0 ], [ 575946.0, 5240898.0 ], [ 575946.0, 5240899.0 ], [ 575945.0, 5240899.0 ], [ 575945.0, 5240900.0 ], [ 575944.0, 5240900.0 ], [ 575944.0, 5240901.0 ], [ 575945.0, 5240901.0 ], [ 575945.0, 5240902.0 ], [ 575944.0, 5240902.0 ], [ 575944.0, 5240903.0 ], [ 575945.0, 5240903.0 ], [ 575945.0, 5240904.0 ], [ 575944.0, 5240904.0 ], [ 575944.0, 5240906.0 ], [ 575945.0, 5240906.0 ], [ 575945.0, 5240907.0 ], [ 575944.0, 5240907.0 ], [ 575944.0, 5240908.0 ], [ 575945.0, 5240908.0 ], [ 575945.0, 5240909.0 ], [ 575944.0, 5240909.0 ], [ 575944.0, 5240910.0 ], [ 575943.0, 5240910.0 ], [ 575943.0, 5240911.0 ], [ 575942.0, 5240911.0 ], [ 575942.0, 5240912.0 ], [ 575941.0, 5240912.0 ], [ 575941.0, 5240913.0 ], [ 575940.0, 5240913.0 ], [ 575940.0, 5240914.0 ], [ 575939.0, 5240914.0 ], [ 575939.0, 5240916.0 ], [ 575938.0, 5240916.0 ], [ 575938.0, 5240917.0 ], [ 575939.0, 5240917.0 ], [ 575939.0, 5240918.0 ], [ 575938.0, 5240918.0 ], [ 575938.0, 5240920.0 ], [ 575939.0, 5240920.0 ], [ 575939.0, 5240923.0 ], [ 575940.0, 5240923.0 ], [ 575940.0, 5240925.0 ], [ 575939.0, 5240925.0 ], [ 575939.0, 5240926.0 ], [ 575940.0, 5240926.0 ], [ 575940.0, 5240927.0 ], [ 575941.0, 5240927.0 ], [ 575941.0, 5240928.0 ], [ 575940.0, 5240928.0 ], [ 575940.0, 5240929.0 ], [ 575941.0, 5240929.0 ], [ 575941.0, 5240930.0 ], [ 575942.0, 5240930.0 ], [ 575942.0, 5240931.0 ], [ 575943.0, 5240931.0 ], [ 575943.0, 5240932.0 ], [ 575944.0, 5240932.0 ], [ 575944.0, 5240933.0 ], [ 575945.0, 5240933.0 ], [ 575945.0, 5240934.0 ], [ 575946.0, 5240934.0 ], [ 575946.0, 5240935.0 ], [ 575948.0, 5240935.0 ], [ 575948.0, 5240936.0 ], [ 575949.0, 5240936.0 ], [ 575949.0, 5240937.0 ], [ 575951.0, 5240937.0 ], [ 575951.0, 5240936.0 ], [ 575952.0, 5240936.0 ], [ 575952.0, 5240937.0 ], [ 575953.0, 5240937.0 ], [ 575953.0, 5240938.0 ], [ 575954.0, 5240938.0 ], [ 575954.0, 5240939.0 ], [ 575955.0, 5240939.0 ], [ 575955.0, 5240940.0 ], [ 575956.0, 5240940.0 ], [ 575956.0, 5240941.0 ], [ 575959.0, 5240941.0 ], [ 575959.0, 5240940.0 ], [ 575961.0, 5240940.0 ], [ 575961.0, 5240941.0 ], [ 575963.0, 5240941.0 ], [ 575963.0, 5240942.0 ], [ 575966.0, 5240942.0 ], [ 575966.0, 5240941.0 ], [ 575967.0, 5240941.0 ], [ 575967.0, 5240940.0 ], [ 575968.0, 5240940.0 ], [ 575968.0, 5240939.0 ], [ 575969.0, 5240939.0 ], [ 575969.0, 5240938.0 ], [ 575973.0, 5240938.0 ], [ 575973.0, 5240937.0 ], [ 575977.0, 5240937.0 ], [ 575977.0, 5240936.0 ], [ 575978.0, 5240936.0 ], [ 575978.0, 5240935.0 ], [ 575979.0, 5240935.0 ], [ 575979.0, 5240934.0 ], [ 575980.0, 5240934.0 ], [ 575980.0, 5240933.0 ], [ 575981.0, 5240933.0 ], [ 575981.0, 5240932.0 ], [ 575982.0, 5240932.0 ], [ 575982.0, 5240928.0 ], [ 575983.0, 5240928.0 ], [ 575983.0, 5240927.0 ], [ 575984.0, 5240927.0 ], [ 575984.0, 5240926.0 ], [ 575985.0, 5240926.0 ], [ 575985.0, 5240925.0 ], [ 575986.0, 5240925.0 ], [ 575986.0, 5240924.0 ], [ 575989.0, 5240924.0 ], [ 575989.0, 5240925.0 ], [ 575991.0, 5240925.0 ], [ 575991.0, 5240924.0 ], [ 575992.0, 5240924.0 ], [ 575992.0, 5240923.0 ], [ 575993.0, 5240923.0 ], [ 575993.0, 5240922.0 ], [ 575994.0, 5240922.0 ], [ 575994.0, 5240921.0 ], [ 575995.0, 5240921.0 ], [ 575995.0, 5240920.0 ], [ 575998.0, 5240920.0 ], [ 575998.0, 5240921.0 ], [ 575999.0, 5240921.0 ], [ 575999.0, 5240922.0 ], [ 576000.0, 5240922.0 ], [ 576000.0, 5240923.0 ], [ 576001.0, 5240923.0 ], [ 576001.0, 5240925.0 ], [ 576002.0, 5240925.0 ], [ 576002.0, 5240927.0 ], [ 576003.0, 5240927.0 ], [ 576003.0, 5240928.0 ], [ 576004.0, 5240928.0 ], [ 576004.0, 5240932.0 ], [ 576003.0, 5240932.0 ], [ 576003.0, 5240933.0 ], [ 576002.0, 5240933.0 ], [ 576002.0, 5240934.0 ], [ 576001.0, 5240934.0 ], [ 576001.0, 5240935.0 ], [ 576002.0, 5240935.0 ], [ 576002.0, 5240936.0 ], [ 576003.0, 5240936.0 ], [ 576003.0, 5240937.0 ], [ 576004.0, 5240937.0 ], [ 576004.0, 5240938.0 ], [ 576005.0, 5240938.0 ], [ 576005.0, 5240939.0 ], [ 576006.0, 5240939.0 ], [ 576006.0, 5240940.0 ], [ 576008.0, 5240940.0 ], [ 576008.0, 5240941.0 ], [ 576009.0, 5240941.0 ], [ 576009.0, 5240942.0 ], [ 576012.0, 5240942.0 ], [ 576012.0, 5240943.0 ], [ 576014.0, 5240943.0 ], [ 576014.0, 5240944.0 ], [ 576015.0, 5240944.0 ], [ 576015.0, 5240943.0 ], [ 576016.0, 5240943.0 ], [ 576016.0, 5240944.0 ], [ 576017.0, 5240944.0 ], [ 576017.0, 5240945.0 ], [ 576018.0, 5240945.0 ], [ 576018.0, 5240946.0 ], [ 576020.0, 5240946.0 ], [ 576020.0, 5240945.0 ], [ 576021.0, 5240945.0 ], [ 576021.0, 5240946.0 ], [ 576024.0, 5240946.0 ], [ 576024.0, 5240947.0 ], [ 576025.0, 5240947.0 ], [ 576025.0, 5240948.0 ], [ 576026.0, 5240948.0 ], [ 576026.0, 5240949.0 ], [ 576027.0, 5240949.0 ], [ 576027.0, 5240948.0 ], [ 576029.0, 5240948.0 ], [ 576029.0, 5240947.0 ], [ 576030.0, 5240947.0 ], [ 576030.0, 5240948.0 ], [ 576031.0, 5240948.0 ], [ 576031.0, 5240949.0 ], [ 576032.0, 5240949.0 ], [ 576032.0, 5240948.0 ], [ 576035.0, 5240948.0 ], [ 576035.0, 5240947.0 ], [ 576036.0, 5240947.0 ], [ 576036.0, 5240948.0 ], [ 576037.0, 5240948.0 ], [ 576037.0, 5240949.0 ], [ 576038.0, 5240949.0 ], [ 576038.0, 5240950.0 ], [ 576037.0, 5240950.0 ], [ 576037.0, 5240951.0 ], [ 576038.0, 5240951.0 ], [ 576038.0, 5240952.0 ], [ 576039.0, 5240952.0 ], [ 576039.0, 5240953.0 ], [ 576040.0, 5240953.0 ], [ 576040.0, 5240954.0 ], [ 576041.0, 5240954.0 ], [ 576041.0, 5240955.0 ], [ 576042.0, 5240955.0 ], [ 576042.0, 5240956.0 ], [ 576043.0, 5240956.0 ], [ 576043.0, 5240957.0 ], [ 576044.0, 5240957.0 ], [ 576044.0, 5240958.0 ], [ 576045.0, 5240958.0 ], [ 576045.0, 5240959.0 ], [ 576046.0, 5240959.0 ], [ 576046.0, 5240960.0 ], [ 576047.0, 5240960.0 ], [ 576047.0, 5240961.0 ], [ 576050.0, 5240961.0 ], [ 576050.0, 5240962.0 ], [ 576051.0, 5240962.0 ], [ 576051.0, 5240964.0 ], [ 576050.0, 5240964.0 ], [ 576050.0, 5240965.0 ], [ 576049.0, 5240965.0 ], [ 576049.0, 5240966.0 ], [ 576048.0, 5240966.0 ], [ 576048.0, 5240969.0 ], [ 576047.0, 5240969.0 ], [ 576047.0, 5240970.0 ], [ 576046.0, 5240970.0 ], [ 576046.0, 5240971.0 ], [ 576045.0, 5240971.0 ], [ 576045.0, 5240974.0 ], [ 576046.0, 5240974.0 ], [ 576046.0, 5240979.0 ], [ 576045.0, 5240979.0 ], [ 576045.0, 5240980.0 ], [ 576044.0, 5240980.0 ], [ 576044.0, 5240982.0 ], [ 576043.0, 5240982.0 ], [ 576043.0, 5240983.0 ], [ 576041.0, 5240983.0 ], [ 576041.0, 5240984.0 ], [ 576040.0, 5240984.0 ], [ 576040.0, 5240985.0 ], [ 576039.0, 5240985.0 ], [ 576039.0, 5240986.0 ], [ 576037.0, 5240986.0 ], [ 576037.0, 5240985.0 ], [ 576036.0, 5240985.0 ], [ 576036.0, 5240984.0 ], [ 576035.0, 5240984.0 ], [ 576035.0, 5240983.0 ], [ 576034.0, 5240983.0 ], [ 576034.0, 5240982.0 ], [ 576033.0, 5240982.0 ], [ 576033.0, 5240981.0 ], [ 576031.0, 5240981.0 ], [ 576031.0, 5240980.0 ], [ 576030.0, 5240980.0 ], [ 576030.0, 5240979.0 ], [ 576029.0, 5240979.0 ], [ 576029.0, 5240978.0 ], [ 576028.0, 5240978.0 ], [ 576028.0, 5240979.0 ], [ 576027.0, 5240979.0 ], [ 576027.0, 5240978.0 ], [ 576026.0, 5240978.0 ], [ 576026.0, 5240979.0 ], [ 576025.0, 5240979.0 ], [ 576025.0, 5240980.0 ], [ 576024.0, 5240980.0 ], [ 576024.0, 5240981.0 ], [ 576023.0, 5240981.0 ], [ 576023.0, 5240982.0 ], [ 576022.0, 5240982.0 ], [ 576022.0, 5240983.0 ], [ 576021.0, 5240983.0 ], [ 576021.0, 5240984.0 ], [ 576020.0, 5240984.0 ], [ 576020.0, 5240985.0 ], [ 576018.0, 5240985.0 ], [ 576018.0, 5240986.0 ], [ 576017.0, 5240986.0 ], [ 576017.0, 5240987.0 ], [ 576016.0, 5240987.0 ], [ 576016.0, 5240988.0 ], [ 576015.0, 5240988.0 ], [ 576015.0, 5240989.0 ], [ 576012.0, 5240989.0 ], [ 576012.0, 5240990.0 ], [ 576011.0, 5240990.0 ], [ 576011.0, 5240989.0 ], [ 576008.0, 5240989.0 ], [ 576008.0, 5240990.0 ], [ 576006.0, 5240990.0 ], [ 576006.0, 5240991.0 ], [ 576005.0, 5240991.0 ], [ 576005.0, 5240990.0 ], [ 576004.0, 5240990.0 ], [ 576004.0, 5240991.0 ], [ 576003.0, 5240991.0 ], [ 576003.0, 5240992.0 ], [ 575998.0, 5240992.0 ], [ 575998.0, 5240993.0 ], [ 575996.0, 5240993.0 ], [ 575996.0, 5240994.0 ], [ 575994.0, 5240994.0 ], [ 575994.0, 5240995.0 ], [ 575991.0, 5240995.0 ], [ 575991.0, 5240996.0 ], [ 575990.0, 5240996.0 ] ] ] } }
]
}
